<?xml version="1.0" encoding="UTF-8"?>
<Gelen xmlns:xsi="http://www.w3.org/2001/XMLSchema-instance" xmlns:xsd="http://www.w3.org/2001/XMLSchema">
	<RefID>T25-02341</RefID>
	<KullaniciAdi>46450213454</KullaniciAdi>
	<Sifre>e9f0a004715c70367141c1cd2d391623</Sifre>
	<BeyannameBilgi xmlns="http://tempuri.org/">
		<Beyanname_no>25590100IM00001368</Beyanname_no>
		<Beyanname_Tarihi>18.02.2025</Beyanname_Tarihi>
		<Rejim>4000</Rejim>
		<GUMRUK>590100</GUMRUK>
		<Basitlestirilmis_usul>3</Basitlestirilmis_usul>
		<Yuk_belgeleri_sayisi>2</Yuk_belgeleri_sayisi>
		<Kap_adedi>46</Kap_adedi>
		<Ticaret_ulkesi>066</Ticaret_ulkesi>
		<Referans_no>25003027/3001/5500007166/SAKCAN</Referans_no>
		<Cikis_ulkesi>066</Cikis_ulkesi>
		<Gidecegi_ulke/>
		<Gidecegi_sevk_ulkesi>068</Gidecegi_sevk_ulkesi>
		<Cikistaki_aracin_tipi>4</Cikistaki_aracin_tipi>
		<Cikistaki_aracin_kimligi>34 AFY 533</Cikistaki_aracin_kimligi>
		<Cikistaki_aracin_ulkesi>052</Cikistaki_aracin_ulkesi>
		<Teslim_sekli>CPT</Teslim_sekli>
		<Teslim_yeri>TEKİRDAĞ</Teslim_yeri>
		<Konteyner>HAYIR</Konteyner>
		<Sinirdaki_aracin_tipi>4</Sinirdaki_aracin_tipi>
		<Sinirdaki_aracin_kimligi>34 AFY 533</Sinirdaki_aracin_kimligi>
		<Sinirdaki_aracin_ulkesi>052</Sinirdaki_aracin_ulkesi>
		<Toplam_fatura>65756.42</Toplam_fatura>
		<Toplam_fatura_dovizi>EUR</Toplam_fatura_dovizi>
		<Toplam_navlun>0</Toplam_navlun>
		<Toplan_navlun_dovizi/>
		<Sinirdaki_tasima_sekli>30</Sinirdaki_tasima_sekli>
		<Alici_satici_iliskisi>0</Alici_satici_iliskisi>
		<Toplam_sigorta>3227.02</Toplam_sigorta>
		<Toplam_sigorta_dovizi>TRY</Toplam_sigorta_dovizi>
		<Yukleme_bosaltma_yeri>TEKİRDAĞ GÜMRÜK MÜDÜRLÜĞÜ</Yukleme_bosaltma_yeri>
		<Toplam_yurt_disi_harcamalar>27945.96</Toplam_yurt_disi_harcamalar>
		<Toplam_yurt_disi_harcamalarin_dovizi>TRY</Toplam_yurt_disi_harcamalarin_dovizi>
		<Toplam_yurt_ici_harcamalar>11000</Toplam_yurt_ici_harcamalar>
		<Odeme_sekli>1</Odeme_sekli>
		<Banka_kodu>006401924034</Banka_kodu>
		<Esyanin_bulundugu_yer>TAŞIT ÜSTÜ - SUPALAN SAHASI</Esyanin_bulundugu_yer>
		<Varis_gumruk_idaresi/>
		<Antrepo_kodu/>
		<Tasarlanan_guzergah/>
		<Telafi_edici_vergi>0</Telafi_edici_vergi>
		<Giris_gumruk_idaresi>221300</Giris_gumruk_idaresi>
		<Islemin_niteligi/>
		<Aciklamalar>VEKALET= KARTAL 12. NOTERLİĞİ 23.08.2024 - 29476 [AEO:1-Yetkilendirilmiş Yükümlü TR/AEOF/24340015/19.07.2024]*Gümrük yönetmeliğinin 564/3. maddesine istinaden   Kayıt No: 89895463 12.10.2023 * [Ek belgelerle ile ilgili DGV arttırıldı Yiçi gidere eklendi.]</Aciklamalar>
		<Kullanici_kodu>46450213454</Kullanici_kodu>
		<Referans_tarihi/>
		<Odeme>PESIN</Odeme>
		<Odeme_araci>B</Odeme_araci>
		<Musavir_referansi>EVRT25-02341</Musavir_referansi>
		<Gonderici_vergi_no></Gonderici_vergi_no>
		<Alici_vergi_no>8140496162</Alici_vergi_no>
		<Beyan_sahibi_vergi_no>5610574424</Beyan_sahibi_vergi_no>
		<Musavir_vergi_no>8140496162</Musavir_vergi_no>
		<Firma_bilgi>
			<firma>
				<Tip>Gonderici</Tip>
				<Ulke_kodu>066</Ulke_kodu>
				<Kimlik_turu>YFKS</Kimlik_turu>
				<Faks/>
				<No>21RO000630121/YFKS</No>
				<Adi_unvani>ŞİŞECAM  AUTOMOTIVE ROMANIA SA</Adi_unvani>
				<Cadde_s_no>1 BİS ALEEA INDUSTRİİLOR STR120068 BUZAU ROMANIA</Cadde_s_no>
				<Telefon/>
			</firma>
		</Firma_bilgi>
		<Ozetbeyanlar>
			<Ozetbeyan>
				<ozbyacma_bilgi>
					<tasimasenetleri>
						<Tasima_senedi_no>1</Tasima_senedi_no>
						<tasimasatir_bilgi>
							<tasimasatirlari>
								<Tasima_satir_no>1</Tasima_satir_no>
								<Ambar_kodu/>
								<Acilacak_miktar>40</Acilacak_miktar>
							</tasimasatirlari>
						</tasimasatir_bilgi>
					</tasimasenetleri>
				</ozbyacma_bilgi>
				<Ozetbeyan_no>25BG004006297812M5</Ozetbeyan_no>
				<Ozetbeyan_islem_kapsami>3</Ozetbeyan_islem_kapsami>
				<Ambar_ici>HAYIR</Ambar_ici>
				<Baska_rejim>HAYIR</Baska_rejim>
				<Aciklama/>
			</Ozetbeyan>
			<Ozetbeyan>
				<ozbyacma_bilgi>
					<tasimasenetleri>
						<Tasima_senedi_no>2</Tasima_senedi_no>
						<tasimasatir_bilgi>
							<tasimasatirlari>
								<Tasima_satir_no>1</Tasima_satir_no>
								<Ambar_kodu/>
								<Acilacak_miktar>6</Acilacak_miktar>
							</tasimasatirlari>
						</tasimasatir_bilgi>
					</tasimasenetleri>
				</ozbyacma_bilgi>
				<Ozetbeyan_no>25BG004006297812M5</Ozetbeyan_no>
				<Ozetbeyan_islem_kapsami>3</Ozetbeyan_islem_kapsami>
				<Ambar_ici>HAYIR</Ambar_ici>
				<Baska_rejim>HAYIR</Baska_rejim>
				<Aciklama/>
			</Ozetbeyan>
		</Ozetbeyanlar>
		<Kalemler>
			<kalem>
				<OdemeSekilleri>
					<OdemeSekli>
						<OdemeSekliKodu>1</OdemeSekliKodu>
						<OdemeTutari>58393.72</OdemeTutari>
						<TBFID/>
					</OdemeSekli>
				</OdemeSekilleri>
				<Gtip>700721200039</Gtip>
				<Imalatci_firma_bilgisi>HAYIR</Imalatci_firma_bilgisi>
				<Kalem_sira_no>1</Kalem_sira_no>
				<Mensei_ulke>066</Mensei_ulke>
				<Brut_agirlik>8800.96</Brut_agirlik>
				<Net_agirlik>8119.73</Net_agirlik>
				<Tamamlayici_olcu_birimi>C62</Tamamlayici_olcu_birimi>
				<Istatistiki_miktar>555</Istatistiki_miktar>
				<Uluslararasi_anlasma>AT</Uluslararasi_anlasma>
				<Algilama_birimi_1/>
				<Algilama_miktari_1>0</Algilama_miktari_1>
				<Algilama_birimi_2/>
				<Algilama_miktari_2>0</Algilama_miktari_2>
				<Muafiyetler_1>KKDFM</Muafiyetler_1>
				<Muafiyetler_2/>
				<Muafiyetler_3/>
				<Muafiyetler_4/>
				<Muafiyetler_5/>
				<Algilama_birimi_3/>
				<Algilama_miktari_3>0</Algilama_miktari_3>
				<Ek_kod/>
				<Ozellik>01</Ozellik>
				<Fatura_miktari>58393.72</Fatura_miktari>
				<Fatura_miktarinin_dovizi>EUR</Fatura_miktarinin_dovizi>
				<Sinir_gecis_ucreti>0</Sinir_gecis_ucreti>
				<Navlun_miktari>0</Navlun_miktari>
				<Navlun_miktarinin_dovizi>TRY</Navlun_miktarinin_dovizi>
				<Istatistiki_kiymet>61755.8</Istatistiki_kiymet>
				<Sigorta_miktari>2865.69</Sigorta_miktari>
				<Sigorta_miktarinin_dovizi>TRY</Sigorta_miktarinin_dovizi>
				<Yurt_ici_harcamalar>9768.34</Yurt_ici_harcamalar>
				<Tarifedeki_tanimi/>
				<Ticari_tanimi>OTOMOBİL CAMI</Ticari_tanimi>
				<Marka>ADDR</Marka>
				<Numara>-</Numara>
				<Cinsi>BI</Cinsi>
				<Adedi>46</Adedi>
				<Miktar_birimi>C62</Miktar_birimi>
				<Mahrece_iade/>
				<Ikincil_islem/>
				<Satir_no/>
				<Miktar>555</Miktar>
				<Kdv_orani/>
				<Kullanilmis_esya>K1</Kullanilmis_esya>
				<Aciklama_44> 2015/7511 sayılı BKK kapsamında KKDF’den muaftır.'</Aciklama_44>
				<Imalatci_Vergino/>
				<Yurtici_Diger>9768.34</Yurtici_Diger>
				<Yurtici_Banka>0</Yurtici_Banka>
				<Yurtici_Depolama>0</Yurtici_Depolama>
				<Yurtici_Tahliye>0</Yurtici_Tahliye>
				<Yurtici_Liman>0</Yurtici_Liman>
				<Yurtici_Kultur>0</Yurtici_Kultur>
				<Yurtici_Kkdf>0</Yurtici_Kkdf>
				<KDV_Iceren_Yurtici_Giderler_Toplami>0</KDV_Iceren_Yurtici_Giderler_Toplami>
				<Yurtici_Cevre>0</Yurtici_Cevre>
				<Yurtici_Diger_Aciklama>Y.İÇİ</Yurtici_Diger_Aciklama>
				<Muafiyet_Aciklamasi/>
				<Referans_Tarihi/>
				<YurtDisi_Komisyon>0</YurtDisi_Komisyon>
				<YurtDisi_Demuraj>0</YurtDisi_Demuraj>
				<YurtDisi_Royalti>0</YurtDisi_Royalti>
				<YurtDisi_Faiz>0</YurtDisi_Faiz>
				<YurtDisi_Diger>16857</YurtDisi_Diger>
				<YurtDisi_Komisyon_Dovizi/>
				<YurtDisi_Demuraj_Dovizi/>
				<YurtDisi_Royalti_Dovizi/>
				<YurtDisi_Faiz_Dovizi/>
				<YurtDisi_Diger_Dovizi>TRY</YurtDisi_Diger_Dovizi>
				<YurtDisi_Diger_Aciklama>GÖZETİM</YurtDisi_Diger_Aciklama>
				<Kalem_Islem_Niteligi>11</Kalem_Islem_Niteligi>
				<Giris_Cikis_Amaci/>
				<Giris_Cikis_Amaci_Aciklama/>
				<STM_IlKodu/>
				<EsyaGeriGelmeSebebi/>
				<EsyaGeriGelmeSebebiAciklamasi/>
				<SiparisTuru>1</SiparisTuru>
			</kalem>
			<kalem>
				<OdemeSekilleri>
					<OdemeSekli>
						<OdemeSekliKodu>1</OdemeSekliKodu>
						<OdemeTutari>4391.6</OdemeTutari>
						<TBFID/>
					</OdemeSekli>
				</OdemeSekilleri>
				<Gtip>700711100029</Gtip>
				<Imalatci_firma_bilgisi>HAYIR</Imalatci_firma_bilgisi>
				<Kalem_sira_no>2</Kalem_sira_no>
				<Mensei_ulke>066</Mensei_ulke>
				<Brut_agirlik>888.54</Brut_agirlik>
				<Net_agirlik>720.39</Net_agirlik>
				<Tamamlayici_olcu_birimi>C62</Tamamlayici_olcu_birimi>
				<Istatistiki_miktar>118</Istatistiki_miktar>
				<Uluslararasi_anlasma>AT</Uluslararasi_anlasma>
				<Algilama_birimi_1/>
				<Algilama_miktari_1>0</Algilama_miktari_1>
				<Algilama_birimi_2/>
				<Algilama_miktari_2>0</Algilama_miktari_2>
				<Muafiyetler_1>KKDFM</Muafiyetler_1>
				<Muafiyetler_2>NKIST</Muafiyetler_2>
				<Muafiyetler_3/>
				<Muafiyetler_4/>
				<Muafiyetler_5/>
				<Algilama_birimi_3/>
				<Algilama_miktari_3>0</Algilama_miktari_3>
				<Ek_kod/>
				<Ozellik>01</Ozellik>
				<Fatura_miktari>4391.6</Fatura_miktari>
				<Fatura_miktarinin_dovizi>EUR</Fatura_miktarinin_dovizi>
				<Sinir_gecis_ucreti>0</Sinir_gecis_ucreti>
				<Navlun_miktari>0</Navlun_miktari>
				<Navlun_miktarinin_dovizi>TRY</Navlun_miktarinin_dovizi>
				<Istatistiki_kiymet>4644.45</Istatistiki_kiymet>
				<Sigorta_miktari>215.52</Sigorta_miktari>
				<Sigorta_miktarinin_dovizi>TRY</Sigorta_miktarinin_dovizi>
				<Yurt_ici_harcamalar>734.64</Yurt_ici_harcamalar>
				<Tarifedeki_tanimi/>
				<Ticari_tanimi>OTOMOBİL CAMI</Ticari_tanimi>
				<Marka>ADDR</Marka>
				<Numara>-</Numara>
				<Cinsi>BI</Cinsi>
				<Adedi>46</Adedi>
				<Miktar_birimi>C62</Miktar_birimi>
				<Mahrece_iade/>
				<Ikincil_islem/>
				<Satir_no/>
				<Miktar>118</Miktar>
				<Kdv_orani/>
				<Kullanilmis_esya>K1</Kullanilmis_esya>
				<Aciklama_44> 2015/7511 sayılı BKK kapsamında KKDF’den muaftır.'</Aciklama_44>
				<Imalatci_Vergino/>
				<Yurtici_Diger>734.64</Yurtici_Diger>
				<Yurtici_Banka>0</Yurtici_Banka>
				<Yurtici_Depolama>0</Yurtici_Depolama>
				<Yurtici_Tahliye>0</Yurtici_Tahliye>
				<Yurtici_Liman>0</Yurtici_Liman>
				<Yurtici_Kultur>0</Yurtici_Kultur>
				<Yurtici_Kkdf>0</Yurtici_Kkdf>
				<KDV_Iceren_Yurtici_Giderler_Toplami>0</KDV_Iceren_Yurtici_Giderler_Toplami>
				<Yurtici_Cevre>0</Yurtici_Cevre>
				<Yurtici_Diger_Aciklama>Y.İÇİ</Yurtici_Diger_Aciklama>
				<Muafiyet_Aciklamasi/>
				<Referans_Tarihi/>
				<YurtDisi_Komisyon>0</YurtDisi_Komisyon>
				<YurtDisi_Demuraj>0</YurtDisi_Demuraj>
				<YurtDisi_Royalti>0</YurtDisi_Royalti>
				<YurtDisi_Faiz>0</YurtDisi_Faiz>
				<YurtDisi_Diger>1267.76</YurtDisi_Diger>
				<YurtDisi_Komisyon_Dovizi/>
				<YurtDisi_Demuraj_Dovizi/>
				<YurtDisi_Royalti_Dovizi/>
				<YurtDisi_Faiz_Dovizi/>
				<YurtDisi_Diger_Dovizi>TRY</YurtDisi_Diger_Dovizi>
				<YurtDisi_Diger_Aciklama>GÖZETİM</YurtDisi_Diger_Aciklama>
				<Kalem_Islem_Niteligi>11</Kalem_Islem_Niteligi>
				<Giris_Cikis_Amaci/>
				<Giris_Cikis_Amaci_Aciklama/>
				<STM_IlKodu/>
				<EsyaGeriGelmeSebebi/>
				<EsyaGeriGelmeSebebiAciklamasi/>
				<SiparisTuru>1</SiparisTuru>
			</kalem>
			<kalem>
				<OdemeSekilleri>
					<OdemeSekli>
						<OdemeSekliKodu>1</OdemeSekliKodu>
						<OdemeTutari>646.47</OdemeTutari>
						<TBFID/>
					</OdemeSekli>
				</OdemeSekilleri>
				<Gtip>700711100029</Gtip>
				<Imalatci_firma_bilgisi>HAYIR</Imalatci_firma_bilgisi>
				<Kalem_sira_no>3</Kalem_sira_no>
				<Mensei_ulke>066</Mensei_ulke>
				<Brut_agirlik>148.63</Brut_agirlik>
				<Net_agirlik>120.66</Net_agirlik>
				<Tamamlayici_olcu_birimi>C62</Tamamlayici_olcu_birimi>
				<Istatistiki_miktar>20</Istatistiki_miktar>
				<Uluslararasi_anlasma>AT</Uluslararasi_anlasma>
				<Algilama_birimi_1/>
				<Algilama_miktari_1>0</Algilama_miktari_1>
				<Algilama_birimi_2/>
				<Algilama_miktari_2>0</Algilama_miktari_2>
				<Muafiyetler_1>KKDFM</Muafiyetler_1>
				<Muafiyetler_2>NKIST</Muafiyetler_2>
				<Muafiyetler_3/>
				<Muafiyetler_4/>
				<Muafiyetler_5/>
				<Algilama_birimi_3/>
				<Algilama_miktari_3>0</Algilama_miktari_3>
				<Ek_kod/>
				<Ozellik>01</Ozellik>
				<Fatura_miktari>646.47</Fatura_miktari>
				<Fatura_miktarinin_dovizi>EUR</Fatura_miktarinin_dovizi>
				<Sinir_gecis_ucreti>0</Sinir_gecis_ucreti>
				<Navlun_miktari>0</Navlun_miktari>
				<Navlun_miktarinin_dovizi>TRY</Navlun_miktarinin_dovizi>
				<Istatistiki_kiymet>683.69</Istatistiki_kiymet>
				<Sigorta_miktari>31.73</Sigorta_miktari>
				<Sigorta_miktarinin_dovizi>TRY</Sigorta_miktarinin_dovizi>
				<Yurt_ici_harcamalar>108.14</Yurt_ici_harcamalar>
				<Tarifedeki_tanimi/>
				<Ticari_tanimi>OTOMOBİL CAMI</Ticari_tanimi>
				<Marka>ADDR</Marka>
				<Numara>-</Numara>
				<Cinsi>BI</Cinsi>
				<Adedi>46</Adedi>
				<Miktar_birimi>C62</Miktar_birimi>
				<Mahrece_iade/>
				<Ikincil_islem/>
				<Satir_no/>
				<Miktar>20</Miktar>
				<Kdv_orani/>
				<Kullanilmis_esya>K1</Kullanilmis_esya>
				<Aciklama_44> 2015/7511 sayılı BKK kapsamında KKDF’den muaftır.'</Aciklama_44>
				<Imalatci_Vergino/>
				<Yurtici_Diger>108.14</Yurtici_Diger>
				<Yurtici_Banka>0</Yurtici_Banka>
				<Yurtici_Depolama>0</Yurtici_Depolama>
				<Yurtici_Tahliye>0</Yurtici_Tahliye>
				<Yurtici_Liman>0</Yurtici_Liman>
				<Yurtici_Kultur>0</Yurtici_Kultur>
				<Yurtici_Kkdf>0</Yurtici_Kkdf>
				<KDV_Iceren_Yurtici_Giderler_Toplami>0</KDV_Iceren_Yurtici_Giderler_Toplami>
				<Yurtici_Cevre>0</Yurtici_Cevre>
				<Yurtici_Diger_Aciklama>Y.İÇİ</Yurtici_Diger_Aciklama>
				<Muafiyet_Aciklamasi/>
				<Referans_Tarihi/>
				<YurtDisi_Komisyon>0</YurtDisi_Komisyon>
				<YurtDisi_Demuraj>0</YurtDisi_Demuraj>
				<YurtDisi_Royalti>0</YurtDisi_Royalti>
				<YurtDisi_Faiz>0</YurtDisi_Faiz>
				<YurtDisi_Diger>186.62</YurtDisi_Diger>
				<YurtDisi_Komisyon_Dovizi/>
				<YurtDisi_Demuraj_Dovizi/>
				<YurtDisi_Royalti_Dovizi/>
				<YurtDisi_Faiz_Dovizi/>
				<YurtDisi_Diger_Dovizi>TRY</YurtDisi_Diger_Dovizi>
				<YurtDisi_Diger_Aciklama>GÖZETİM</YurtDisi_Diger_Aciklama>
				<Kalem_Islem_Niteligi>11</Kalem_Islem_Niteligi>
				<Giris_Cikis_Amaci/>
				<Giris_Cikis_Amaci_Aciklama/>
				<STM_IlKodu/>
				<EsyaGeriGelmeSebebi/>
				<EsyaGeriGelmeSebebiAciklamasi/>
				<SiparisTuru>1</SiparisTuru>
			</kalem>
			<kalem>
				<OdemeSekilleri>
					<OdemeSekli>
						<OdemeSekliKodu>1</OdemeSekliKodu>
						<OdemeTutari>1601.16</OdemeTutari>
						<TBFID/>
					</OdemeSekli>
				</OdemeSekilleri>
				<Gtip>700711100029</Gtip>
				<Imalatci_firma_bilgisi>HAYIR</Imalatci_firma_bilgisi>
				<Kalem_sira_no>4</Kalem_sira_no>
				<Mensei_ulke>066</Mensei_ulke>
				<Brut_agirlik>482.02</Brut_agirlik>
				<Net_agirlik>482.02</Net_agirlik>
				<Tamamlayici_olcu_birimi>C62</Tamamlayici_olcu_birimi>
				<Istatistiki_miktar>88</Istatistiki_miktar>
				<Uluslararasi_anlasma>AT</Uluslararasi_anlasma>
				<Algilama_birimi_1/>
				<Algilama_miktari_1>0</Algilama_miktari_1>
				<Algilama_birimi_2/>
				<Algilama_miktari_2>0</Algilama_miktari_2>
				<Muafiyetler_1>KKDFM</Muafiyetler_1>
				<Muafiyetler_2>NKIST</Muafiyetler_2>
				<Muafiyetler_3/>
				<Muafiyetler_4/>
				<Muafiyetler_5/>
				<Algilama_birimi_3/>
				<Algilama_miktari_3>0</Algilama_miktari_3>
				<Ek_kod/>
				<Ozellik>01</Ozellik>
				<Fatura_miktari>1601.16</Fatura_miktari>
				<Fatura_miktarinin_dovizi>EUR</Fatura_miktarinin_dovizi>
				<Sinir_gecis_ucreti>0</Sinir_gecis_ucreti>
				<Navlun_miktari>0</Navlun_miktari>
				<Navlun_miktarinin_dovizi>TRY</Navlun_miktarinin_dovizi>
				<Istatistiki_kiymet>1940.84</Istatistiki_kiymet>
				<Sigorta_miktari>78.58</Sigorta_miktari>
				<Sigorta_miktarinin_dovizi>TRY</Sigorta_miktarinin_dovizi>
				<Yurt_ici_harcamalar>267.85</Yurt_ici_harcamalar>
				<Tarifedeki_tanimi/>
				<Ticari_tanimi>OTOMOBİL CAMI</Ticari_tanimi>
				<Marka>ADDR</Marka>
				<Numara>-</Numara>
				<Cinsi>BI</Cinsi>
				<Adedi>46</Adedi>
				<Miktar_birimi>C62</Miktar_birimi>
				<Mahrece_iade/>
				<Ikincil_islem/>
				<Satir_no/>
				<Miktar>88</Miktar>
				<Kdv_orani/>
				<Kullanilmis_esya>K1</Kullanilmis_esya>
				<Aciklama_44> 2015/7511 sayılı BKK kapsamında KKDF’den muaftır.   [Gözetimden kaynaklanan Ek Kıymet Ydışı Gidere eklenmiştir]</Aciklama_44>
				<Imalatci_Vergino/>
				<Yurtici_Diger>267.85</Yurtici_Diger>
				<Yurtici_Banka>0</Yurtici_Banka>
				<Yurtici_Depolama>0</Yurtici_Depolama>
				<Yurtici_Tahliye>0</Yurtici_Tahliye>
				<Yurtici_Liman>0</Yurtici_Liman>
				<Yurtici_Kultur>0</Yurtici_Kultur>
				<Yurtici_Kkdf>0</Yurtici_Kkdf>
				<KDV_Iceren_Yurtici_Giderler_Toplami>0</KDV_Iceren_Yurtici_Giderler_Toplami>
				<Yurtici_Cevre>0</Yurtici_Cevre>
				<Yurtici_Diger_Aciklama>Y.İÇİ</Yurtici_Diger_Aciklama>
				<Muafiyet_Aciklamasi/>
				<Referans_Tarihi/>
				<YurtDisi_Komisyon>0</YurtDisi_Komisyon>
				<YurtDisi_Demuraj>0</YurtDisi_Demuraj>
				<YurtDisi_Royalti>0</YurtDisi_Royalti>
				<YurtDisi_Faiz>0</YurtDisi_Faiz>
				<YurtDisi_Diger>9425.73</YurtDisi_Diger>
				<YurtDisi_Komisyon_Dovizi/>
				<YurtDisi_Demuraj_Dovizi/>
				<YurtDisi_Royalti_Dovizi/>
				<YurtDisi_Faiz_Dovizi/>
				<YurtDisi_Diger_Dovizi>TRY</YurtDisi_Diger_Dovizi>
				<YurtDisi_Diger_Aciklama>GÖZETİM</YurtDisi_Diger_Aciklama>
				<Kalem_Islem_Niteligi>11</Kalem_Islem_Niteligi>
				<Giris_Cikis_Amaci/>
				<Giris_Cikis_Amaci_Aciklama/>
				<STM_IlKodu/>
				<EsyaGeriGelmeSebebi/>
				<EsyaGeriGelmeSebebiAciklamasi/>
				<SiparisTuru>1</SiparisTuru>
			</kalem>
			<kalem>
				<OdemeSekilleri>
					<OdemeSekli>
						<OdemeSekliKodu>1</OdemeSekliKodu>
						<OdemeTutari>723.47</OdemeTutari>
						<TBFID/>
					</OdemeSekli>
				</OdemeSekilleri>
				<Gtip>700711100029</Gtip>
				<Imalatci_firma_bilgisi>HAYIR</Imalatci_firma_bilgisi>
				<Kalem_sira_no>5</Kalem_sira_no>
				<Mensei_ulke>066</Mensei_ulke>
				<Brut_agirlik>140.44</Brut_agirlik>
				<Net_agirlik>111.54</Net_agirlik>
				<Tamamlayici_olcu_birimi>C62</Tamamlayici_olcu_birimi>
				<Istatistiki_miktar>20</Istatistiki_miktar>
				<Uluslararasi_anlasma>AT</Uluslararasi_anlasma>
				<Algilama_birimi_1/>
				<Algilama_miktari_1>0</Algilama_miktari_1>
				<Algilama_birimi_2/>
				<Algilama_miktari_2>0</Algilama_miktari_2>
				<Muafiyetler_1>KKDFM</Muafiyetler_1>
				<Muafiyetler_2>NKIST</Muafiyetler_2>
				<Muafiyetler_3/>
				<Muafiyetler_4/>
				<Muafiyetler_5/>
				<Algilama_birimi_3/>
				<Algilama_miktari_3>0</Algilama_miktari_3>
				<Ek_kod/>
				<Ozellik>01</Ozellik>
				<Fatura_miktari>723.47</Fatura_miktari>
				<Fatura_miktarinin_dovizi>EUR</Fatura_miktarinin_dovizi>
				<Sinir_gecis_ucreti>0</Sinir_gecis_ucreti>
				<Navlun_miktari>0</Navlun_miktari>
				<Navlun_miktarinin_dovizi>TRY</Navlun_miktarinin_dovizi>
				<Istatistiki_kiymet>765.12</Istatistiki_kiymet>
				<Sigorta_miktari>35.5</Sigorta_miktari>
				<Sigorta_miktarinin_dovizi>TRY</Sigorta_miktarinin_dovizi>
				<Yurt_ici_harcamalar>121.03</Yurt_ici_harcamalar>
				<Tarifedeki_tanimi/>
				<Ticari_tanimi>OTOMOBİL CAMI</Ticari_tanimi>
				<Marka>ADDR</Marka>
				<Numara>-</Numara>
				<Cinsi>BI</Cinsi>
				<Adedi>46</Adedi>
				<Miktar_birimi>C62</Miktar_birimi>
				<Mahrece_iade/>
				<Ikincil_islem/>
				<Satir_no/>
				<Miktar>20</Miktar>
				<Kdv_orani/>
				<Kullanilmis_esya>K1</Kullanilmis_esya>
				<Aciklama_44> 2015/7511 sayılı BKK kapsamında KKDF’den muaftır.'</Aciklama_44>
				<Imalatci_Vergino/>
				<Yurtici_Diger>121.03</Yurtici_Diger>
				<Yurtici_Banka>0</Yurtici_Banka>
				<Yurtici_Depolama>0</Yurtici_Depolama>
				<Yurtici_Tahliye>0</Yurtici_Tahliye>
				<Yurtici_Liman>0</Yurtici_Liman>
				<Yurtici_Kultur>0</Yurtici_Kultur>
				<Yurtici_Kkdf>0</Yurtici_Kkdf>
				<KDV_Iceren_Yurtici_Giderler_Toplami>0</KDV_Iceren_Yurtici_Giderler_Toplami>
				<Yurtici_Cevre>0</Yurtici_Cevre>
				<Yurtici_Diger_Aciklama>Y.İÇİ</Yurtici_Diger_Aciklama>
				<Muafiyet_Aciklamasi/>
				<Referans_Tarihi/>
				<YurtDisi_Komisyon>0</YurtDisi_Komisyon>
				<YurtDisi_Demuraj>0</YurtDisi_Demuraj>
				<YurtDisi_Royalti>0</YurtDisi_Royalti>
				<YurtDisi_Faiz>0</YurtDisi_Faiz>
				<YurtDisi_Diger>208.85</YurtDisi_Diger>
				<YurtDisi_Komisyon_Dovizi/>
				<YurtDisi_Demuraj_Dovizi/>
				<YurtDisi_Royalti_Dovizi/>
				<YurtDisi_Faiz_Dovizi/>
				<YurtDisi_Diger_Dovizi>TRY</YurtDisi_Diger_Dovizi>
				<YurtDisi_Diger_Aciklama>GÖZETİM</YurtDisi_Diger_Aciklama>
				<Kalem_Islem_Niteligi>11</Kalem_Islem_Niteligi>
				<Giris_Cikis_Amaci/>
				<Giris_Cikis_Amaci_Aciklama/>
				<STM_IlKodu/>
				<EsyaGeriGelmeSebebi/>
				<EsyaGeriGelmeSebebiAciklamasi/>
				<SiparisTuru>1</SiparisTuru>
			</kalem>
		</Kalemler>
		<Sorular_cevaplar>
			<Soru_Cevap>
				<Kalem_no>0</Kalem_no>
				<Soru_no>7780</Soru_no>
				<Cevap>HAYIR</Cevap>
			</Soru_Cevap>
			<Soru_Cevap>
				<Kalem_no>0</Kalem_no>
				<Soru_no>4378</Soru_no>
				<Cevap>EVET</Cevap>
			</Soru_Cevap>
			<Soru_Cevap>
				<Kalem_no>1</Kalem_no>
				<Soru_no>4293</Soru_no>
				<Cevap>HAYIR</Cevap>
			</Soru_Cevap>
			<Soru_Cevap>
				<Kalem_no>1</Kalem_no>
				<Soru_no>5178</Soru_no>
				<Cevap>HAYIR</Cevap>
			</Soru_Cevap>
			<Soru_Cevap>
				<Kalem_no>2</Kalem_no>
				<Soru_no>4293</Soru_no>
				<Cevap>HAYIR</Cevap>
			</Soru_Cevap>
			<Soru_Cevap>
				<Kalem_no>2</Kalem_no>
				<Soru_no>5116</Soru_no>
				<Cevap>EVET</Cevap>
			</Soru_Cevap>
			<Soru_Cevap>
				<Kalem_no>2</Kalem_no>
				<Soru_no>5178</Soru_no>
				<Cevap>HAYIR</Cevap>
			</Soru_Cevap>
			<Soru_Cevap>
				<Kalem_no>3</Kalem_no>
				<Soru_no>4293</Soru_no>
				<Cevap>HAYIR</Cevap>
			</Soru_Cevap>
			<Soru_Cevap>
				<Kalem_no>3</Kalem_no>
				<Soru_no>5116</Soru_no>
				<Cevap>EVET</Cevap>
			</Soru_Cevap>
			<Soru_Cevap>
				<Kalem_no>3</Kalem_no>
				<Soru_no>5178</Soru_no>
				<Cevap>HAYIR</Cevap>
			</Soru_Cevap>
			<Soru_Cevap>
				<Kalem_no>4</Kalem_no>
				<Soru_no>4293</Soru_no>
				<Cevap>HAYIR</Cevap>
			</Soru_Cevap>
			<Soru_Cevap>
				<Kalem_no>4</Kalem_no>
				<Soru_no>5116</Soru_no>
				<Cevap>EVET</Cevap>
			</Soru_Cevap>
			<Soru_Cevap>
				<Kalem_no>4</Kalem_no>
				<Soru_no>5178</Soru_no>
				<Cevap>HAYIR</Cevap>
			</Soru_Cevap>
			<Soru_Cevap>
				<Kalem_no>5</Kalem_no>
				<Soru_no>4293</Soru_no>
				<Cevap>HAYIR</Cevap>
			</Soru_Cevap>
			<Soru_Cevap>
				<Kalem_no>5</Kalem_no>
				<Soru_no>5116</Soru_no>
				<Cevap>EVET</Cevap>
			</Soru_Cevap>
			<Soru_Cevap>
				<Kalem_no>5</Kalem_no>
				<Soru_no>5178</Soru_no>
				<Cevap>HAYIR</Cevap>
			</Soru_Cevap>
		</Sorular_cevaplar>
		<Dokumanlar>
			<Dokuman>
				<Kalem_no>1</Kalem_no>
				<Kod>0301</Kod>
				<Dogrulama>V</Dogrulama>
				<Belge_tarihi>14/02/2025</Belge_tarihi>
				<Referans>L002171</Referans>
			</Dokuman>
			<Dokuman>
				<Kalem_no>1</Kalem_no>
				<Kod>0102</Kod>
				<Dogrulama>V</Dogrulama>
				<Belge_tarihi>17/02/2025</Belge_tarihi>
				<Referans>117695822-3-000065</Referans>
			</Dokuman>
			<Dokuman>
				<Kalem_no>1</Kalem_no>
				<Kod>1093</Kod>
				<Dogrulama>V</Dogrulama>
				<Belge_tarihi>14/02/2023</Belge_tarihi>
				<Referans>23243082611093036201148/2</Referans>
			</Dokuman>
			<Dokuman>
				<Kalem_no>1</Kalem_no>
				<Kod>0100</Kod>
				<Dogrulama>V</Dogrulama>
				<Belge_tarihi>14/02/2025</Belge_tarihi>
				<Referans>0000053550</Referans>
			</Dokuman>
			<Dokuman>
				<Kalem_no>1</Kalem_no>
				<Kod>0300</Kod>
				<Dogrulama>V</Dogrulama>
				<Belge_tarihi>14/02/2025</Belge_tarihi>
				<Referans>195</Referans>
			</Dokuman>
			<Dokuman>
				<Kalem_no>2</Kalem_no>
				<Kod>0301</Kod>
				<Dogrulama>V</Dogrulama>
				<Belge_tarihi>14/02/2025</Belge_tarihi>
				<Referans>L002171</Referans>
			</Dokuman>
			<Dokuman>
				<Kalem_no>2</Kalem_no>
				<Kod>0102</Kod>
				<Dogrulama>V</Dogrulama>
				<Belge_tarihi>17/02/2025</Belge_tarihi>
				<Referans>117695822-3-000065</Referans>
			</Dokuman>
			<Dokuman>
				<Kalem_no>2</Kalem_no>
				<Kod>1005</Kod>
				<Dogrulama>V</Dogrulama>
				<Belge_tarihi>18/02/2025</Belge_tarihi>
				<Referans>25243082611005067132423/1</Referans>
			</Dokuman>
			<Dokuman>
				<Kalem_no>2</Kalem_no>
				<Kod>1093</Kod>
				<Dogrulama>V</Dogrulama>
				<Belge_tarihi>14/02/2023</Belge_tarihi>
				<Referans>23243082611093036201148/2</Referans>
			</Dokuman>
			<Dokuman>
				<Kalem_no>2</Kalem_no>
				<Kod>0100</Kod>
				<Dogrulama>V</Dogrulama>
				<Belge_tarihi>14/02/2025</Belge_tarihi>
				<Referans>0000053550</Referans>
			</Dokuman>
			<Dokuman>
				<Kalem_no>2</Kalem_no>
				<Kod>0300</Kod>
				<Dogrulama>V</Dogrulama>
				<Belge_tarihi>14/02/2025</Belge_tarihi>
				<Referans>195</Referans>
			</Dokuman>
			<Dokuman>
				<Kalem_no>3</Kalem_no>
				<Kod>0301</Kod>
				<Dogrulama>V</Dogrulama>
				<Belge_tarihi>14/02/2025</Belge_tarihi>
				<Referans>L002171</Referans>
			</Dokuman>
			<Dokuman>
				<Kalem_no>3</Kalem_no>
				<Kod>0102</Kod>
				<Dogrulama>V</Dogrulama>
				<Belge_tarihi>17/02/2025</Belge_tarihi>
				<Referans>117695822-3-000065</Referans>
			</Dokuman>
			<Dokuman>
				<Kalem_no>3</Kalem_no>
				<Kod>1005</Kod>
				<Dogrulama>V</Dogrulama>
				<Belge_tarihi>18/02/2025</Belge_tarihi>
				<Referans>25243082611005067132424/1</Referans>
			</Dokuman>
			<Dokuman>
				<Kalem_no>3</Kalem_no>
				<Kod>1093</Kod>
				<Dogrulama>V</Dogrulama>
				<Belge_tarihi>14/02/2023</Belge_tarihi>
				<Referans>23243082611093036201148/2</Referans>
			</Dokuman>
			<Dokuman>
				<Kalem_no>3</Kalem_no>
				<Kod>0100</Kod>
				<Dogrulama>V</Dogrulama>
				<Belge_tarihi>14/02/2025</Belge_tarihi>
				<Referans>0000053550</Referans>
			</Dokuman>
			<Dokuman>
				<Kalem_no>3</Kalem_no>
				<Kod>0300</Kod>
				<Dogrulama>V</Dogrulama>
				<Belge_tarihi>14/02/2025</Belge_tarihi>
				<Referans>195</Referans>
			</Dokuman>
			<Dokuman>
				<Kalem_no>4</Kalem_no>
				<Kod>0301</Kod>
				<Dogrulama>V</Dogrulama>
				<Belge_tarihi>14/02/2025</Belge_tarihi>
				<Referans>L002171</Referans>
			</Dokuman>
			<Dokuman>
				<Kalem_no>4</Kalem_no>
				<Kod>0102</Kod>
				<Dogrulama>V</Dogrulama>
				<Belge_tarihi>17/02/2025</Belge_tarihi>
				<Referans>117695822-3-000065</Referans>
			</Dokuman>
			<Dokuman>
				<Kalem_no>4</Kalem_no>
				<Kod>1005</Kod>
				<Dogrulama>V</Dogrulama>
				<Belge_tarihi>18/02/2025</Belge_tarihi>
				<Referans>25243082611005067132425/1</Referans>
			</Dokuman>
			<Dokuman>
				<Kalem_no>4</Kalem_no>
				<Kod>1093</Kod>
				<Dogrulama>V</Dogrulama>
				<Belge_tarihi>14/02/2023</Belge_tarihi>
				<Referans>23243082611093036201148/2</Referans>
			</Dokuman>
			<Dokuman>
				<Kalem_no>4</Kalem_no>
				<Kod>0100</Kod>
				<Dogrulama>V</Dogrulama>
				<Belge_tarihi>14/02/2025</Belge_tarihi>
				<Referans>0000053550</Referans>
			</Dokuman>
			<Dokuman>
				<Kalem_no>4</Kalem_no>
				<Kod>0300</Kod>
				<Dogrulama>V</Dogrulama>
				<Belge_tarihi>14/02/2025</Belge_tarihi>
				<Referans>195</Referans>
			</Dokuman>
			<Dokuman>
				<Kalem_no>5</Kalem_no>
				<Kod>0301</Kod>
				<Dogrulama>V</Dogrulama>
				<Belge_tarihi>14/02/2025</Belge_tarihi>
				<Referans>L002171</Referans>
			</Dokuman>
			<Dokuman>
				<Kalem_no>5</Kalem_no>
				<Kod>0102</Kod>
				<Dogrulama>V</Dogrulama>
				<Belge_tarihi>17/02/2025</Belge_tarihi>
				<Referans>117695822-3-000065</Referans>
			</Dokuman>
			<Dokuman>
				<Kalem_no>5</Kalem_no>
				<Kod>1005</Kod>
				<Dogrulama>V</Dogrulama>
				<Belge_tarihi>18/02/2025</Belge_tarihi>
				<Referans>25243082611005067132426/1</Referans>
			</Dokuman>
			<Dokuman>
				<Kalem_no>5</Kalem_no>
				<Kod>1093</Kod>
				<Dogrulama>V</Dogrulama>
				<Belge_tarihi>14/02/2023</Belge_tarihi>
				<Referans>23243082611093036201148/2</Referans>
			</Dokuman>
			<Dokuman>
				<Kalem_no>5</Kalem_no>
				<Kod>0100</Kod>
				<Dogrulama>V</Dogrulama>
				<Belge_tarihi>14/02/2025</Belge_tarihi>
				<Referans>0000053550</Referans>
			</Dokuman>
			<Dokuman>
				<Kalem_no>5</Kalem_no>
				<Kod>0300</Kod>
				<Dogrulama>V</Dogrulama>
				<Belge_tarihi>14/02/2025</Belge_tarihi>
				<Referans>195</Referans>
			</Dokuman>
		</Dokumanlar>
		<Vergiler>
			<Vergi>
				<Kalem_no>1</Kalem_no>
				<Kod>10</Kod>
				<Miktar>0</Miktar>
				<Oran>0</Oran>
				<Odeme_sekli>P</Odeme_sekli>
				<Vergi_matrahi>2236634.43</Vergi_matrahi>
			</Vergi>
			<Vergi>
				<Kalem_no>1</Kalem_no>
				<Kod>40</Kod>
				<Miktar>449506.33</Miktar>
				<Oran>20</Oran>
				<Odeme_sekli>P</Odeme_sekli>
				<Vergi_matrahi>2247531.67</Vergi_matrahi>
			</Vergi>
			<Vergi>
				<Kalem_no>1</Kalem_no>
				<Kod>89</Kod>
				<Miktar>1128.9</Miktar>
				<Oran>0</Oran>
				<Odeme_sekli>P</Odeme_sekli>
				<Vergi_matrahi>0</Vergi_matrahi>
			</Vergi>
			<Vergi>
				<Kalem_no>2</Kalem_no>
				<Kod>10</Kod>
				<Miktar>0</Miktar>
				<Oran>0</Oran>
				<Odeme_sekli>P</Odeme_sekli>
				<Vergi_matrahi>168209.93</Vergi_matrahi>
			</Vergi>
			<Vergi>
				<Kalem_no>2</Kalem_no>
				<Kod>40</Kod>
				<Miktar>33788.91</Miktar>
				<Oran>20</Oran>
				<Odeme_sekli>P</Odeme_sekli>
				<Vergi_matrahi>168944.57</Vergi_matrahi>
			</Vergi>
			<Vergi>
				<Kalem_no>3</Kalem_no>
				<Kod>10</Kod>
				<Miktar>0</Miktar>
				<Oran>0</Oran>
				<Odeme_sekli>P</Odeme_sekli>
				<Vergi_matrahi>24761.52</Vergi_matrahi>
			</Vergi>
			<Vergi>
				<Kalem_no>3</Kalem_no>
				<Kod>40</Kod>
				<Miktar>4973.93</Miktar>
				<Oran>20</Oran>
				<Odeme_sekli>P</Odeme_sekli>
				<Vergi_matrahi>24869.66</Vergi_matrahi>
			</Vergi>
			<Vergi>
				<Kalem_no>4</Kalem_no>
				<Kod>10</Kod>
				<Miktar>0</Miktar>
				<Oran>0</Oran>
				<Odeme_sekli>P</Odeme_sekli>
				<Vergi_matrahi>70292.19</Vergi_matrahi>
			</Vergi>
			<Vergi>
				<Kalem_no>4</Kalem_no>
				<Kod>40</Kod>
				<Miktar>14112.01</Miktar>
				<Oran>20</Oran>
				<Odeme_sekli>P</Odeme_sekli>
				<Vergi_matrahi>70560.04</Vergi_matrahi>
			</Vergi>
			<Vergi>
				<Kalem_no>5</Kalem_no>
				<Kod>10</Kod>
				<Miktar>0</Miktar>
				<Oran>0</Oran>
				<Odeme_sekli>P</Odeme_sekli>
				<Vergi_matrahi>27710.82</Vergi_matrahi>
			</Vergi>
			<Vergi>
				<Kalem_no>5</Kalem_no>
				<Kod>40</Kod>
				<Miktar>5566.37</Miktar>
				<Oran>20</Oran>
				<Odeme_sekli>P</Odeme_sekli>
				<Vergi_matrahi>27831.85</Vergi_matrahi>
			</Vergi>
		</Vergiler>
		<KiymetBildirim>
			<Kiymet>
				<TeslimSekli>CPT</TeslimSekli>
				<SozlesmeTarihiSayisi/>
				<FaturaTarihiSayisi>14.02.2025/0000053550</FaturaTarihiSayisi>
				<GumrukIdaresiKarari/>
				<AliciSatici>VAR</AliciSatici>
				<Munasebet>HAYIR</Munasebet>
				<Emsal>HAYIR</Emsal>
				<AliciSaticiAyrintilar/>
				<Kisitlamalar>HAYIR</Kisitlamalar>
				<Edim>HAYIR</Edim>
				<KisitlamalarAyrintilar/>
				<Royalti>HAYIR</Royalti>
				<RoyaltiKosullar/>
				<SaticiyaIntikal>HAYIR</SaticiyaIntikal>
				<SaticiyaIntikalKosullar/>
				<SehirYer>TEKİRDAĞ</SehirYer>
				<Taahutname>EVET</Taahutname>
				<KiymetKalemler>
					<KiymetKalem>
						<KiymetKalemNo>1</KiymetKalemNo>
						<BeyannameKalemNo>1</BeyannameKalemNo>
						<DolayliOdeme>0</DolayliOdeme>
						<Komisyon>0</Komisyon>
						<Tellaliye>0</Tellaliye>
						<KapAmbalajBedeli>0</KapAmbalajBedeli>
						<IthalaKatilanMalzeme>0</IthalaKatilanMalzeme>
						<IthalaUretimAraclar>0</IthalaUretimAraclar>
						<IthalaUretimTuketimMalzemesi>0</IthalaUretimTuketimMalzemesi>
						<PlanTaslak>0</PlanTaslak>
						<RoyaltiLisans>0</RoyaltiLisans>
						<DolayliIntikal>0</DolayliIntikal>
						<Nakliye>0</Nakliye>
						<Sigorta>2865.69</Sigorta>
						<GirisSonrasiNakliye>0</GirisSonrasiNakliye>
						<TeknikYardim>0</TeknikYardim>
						<DigerOdemeler>0</DigerOdemeler>
						<DigerOdemelerNiteligi/>
						<VergiHarcFon>0</VergiHarcFon>
					</KiymetKalem>
					<KiymetKalem>
						<KiymetKalemNo>2</KiymetKalemNo>
						<BeyannameKalemNo>2</BeyannameKalemNo>
						<DolayliOdeme>0</DolayliOdeme>
						<Komisyon>0</Komisyon>
						<Tellaliye>0</Tellaliye>
						<KapAmbalajBedeli>0</KapAmbalajBedeli>
						<IthalaKatilanMalzeme>0</IthalaKatilanMalzeme>
						<IthalaUretimAraclar>0</IthalaUretimAraclar>
						<IthalaUretimTuketimMalzemesi>0</IthalaUretimTuketimMalzemesi>
						<PlanTaslak>0</PlanTaslak>
						<RoyaltiLisans>0</RoyaltiLisans>
						<DolayliIntikal>0</DolayliIntikal>
						<Nakliye>0</Nakliye>
						<Sigorta>215.52</Sigorta>
						<GirisSonrasiNakliye>0</GirisSonrasiNakliye>
						<TeknikYardim>0</TeknikYardim>
						<DigerOdemeler>0</DigerOdemeler>
						<DigerOdemelerNiteligi/>
						<VergiHarcFon>0</VergiHarcFon>
					</KiymetKalem>
					<KiymetKalem>
						<KiymetKalemNo>3</KiymetKalemNo>
						<BeyannameKalemNo>3</BeyannameKalemNo>
						<DolayliOdeme>0</DolayliOdeme>
						<Komisyon>0</Komisyon>
						<Tellaliye>0</Tellaliye>
						<KapAmbalajBedeli>0</KapAmbalajBedeli>
						<IthalaKatilanMalzeme>0</IthalaKatilanMalzeme>
						<IthalaUretimAraclar>0</IthalaUretimAraclar>
						<IthalaUretimTuketimMalzemesi>0</IthalaUretimTuketimMalzemesi>
						<PlanTaslak>0</PlanTaslak>
						<RoyaltiLisans>0</RoyaltiLisans>
						<DolayliIntikal>0</DolayliIntikal>
						<Nakliye>0</Nakliye>
						<Sigorta>31.73</Sigorta>
						<GirisSonrasiNakliye>0</GirisSonrasiNakliye>
						<TeknikYardim>0</TeknikYardim>
						<DigerOdemeler>0</DigerOdemeler>
						<DigerOdemelerNiteligi/>
						<VergiHarcFon>0</VergiHarcFon>
					</KiymetKalem>
					<KiymetKalem>
						<KiymetKalemNo>4</KiymetKalemNo>
						<BeyannameKalemNo>4</BeyannameKalemNo>
						<DolayliOdeme>0</DolayliOdeme>
						<Komisyon>0</Komisyon>
						<Tellaliye>0</Tellaliye>
						<KapAmbalajBedeli>0</KapAmbalajBedeli>
						<IthalaKatilanMalzeme>0</IthalaKatilanMalzeme>
						<IthalaUretimAraclar>0</IthalaUretimAraclar>
						<IthalaUretimTuketimMalzemesi>0</IthalaUretimTuketimMalzemesi>
						<PlanTaslak>0</PlanTaslak>
						<RoyaltiLisans>0</RoyaltiLisans>
						<DolayliIntikal>0</DolayliIntikal>
						<Nakliye>0</Nakliye>
						<Sigorta>78.58</Sigorta>
						<GirisSonrasiNakliye>0</GirisSonrasiNakliye>
						<TeknikYardim>0</TeknikYardim>
						<DigerOdemeler>0</DigerOdemeler>
						<DigerOdemelerNiteligi/>
						<VergiHarcFon>0</VergiHarcFon>
					</KiymetKalem>
					<KiymetKalem>
						<KiymetKalemNo>5</KiymetKalemNo>
						<BeyannameKalemNo>5</BeyannameKalemNo>
						<DolayliOdeme>0</DolayliOdeme>
						<Komisyon>0</Komisyon>
						<Tellaliye>0</Tellaliye>
						<KapAmbalajBedeli>0</KapAmbalajBedeli>
						<IthalaKatilanMalzeme>0</IthalaKatilanMalzeme>
						<IthalaUretimAraclar>0</IthalaUretimAraclar>
						<IthalaUretimTuketimMalzemesi>0</IthalaUretimTuketimMalzemesi>
						<PlanTaslak>0</PlanTaslak>
						<RoyaltiLisans>0</RoyaltiLisans>
						<DolayliIntikal>0</DolayliIntikal>
						<Nakliye>0</Nakliye>
						<Sigorta>35.5</Sigorta>
						<GirisSonrasiNakliye>0</GirisSonrasiNakliye>
						<TeknikYardim>0</TeknikYardim>
						<DigerOdemeler>0</DigerOdemeler>
						<DigerOdemelerNiteligi/>
						<VergiHarcFon>0</VergiHarcFon>
					</KiymetKalem>
				</KiymetKalemler>
			</Kiymet>
		</KiymetBildirim>
		<OdemeSekilleri>
			<OdemeSekli>
				<OdemeSekliKodu>1</OdemeSekliKodu>
				<OdemeTutari>65756.42</OdemeTutari>
			</OdemeSekli>
		</OdemeSekilleri>
		<mail1>ali.kilicarslan@kizilkaya.com.tr</mail1>
		<mail2>ali.kilicarslan@kizilkaya.com.tr</mail2>
		<mobil1>+905422312233</mobil1>
		<LimanKodu/>
		<FazlaMesaiID/>
		<OdeSaymanlikBilgi/>
	</BeyannameBilgi>
</Gelen>
