<?xml version="1.0" encoding="UTF-8"?>
<Gelen xmlns:xsi="http://www.w3.org/2001/XMLSchema-instance" xmlns:xsd="http://www.w3.org/2001/XMLSchema">
	<RefID>T25-01546</RefID>
	<KullaniciAdi>46450213454</KullaniciAdi>
	<Sifre>e9f0a004715c70367141c1cd2d391623</Sifre>
	<BeyannameBilgi xmlns="http://tempuri.org/">
		<Beyanname_no>25590100IM00000942</Beyanname_no>
		<Beyanname_Tarihi>04.02.2025</Beyanname_Tarihi>
		<Rejim>4000</Rejim>
		<GUMRUK>590100</GUMRUK>
		<Basitlestirilmis_usul>3</Basitlestirilmis_usul>
		<Yuk_belgeleri_sayisi>3</Yuk_belgeleri_sayisi>
		<Kap_adedi>29</Kap_adedi>
		<Ticaret_ulkesi>068</Ticaret_ulkesi>
		<Referans_no>25002117/3001/55000010320/SAKCAN</Referans_no>
		<Cikis_ulkesi>068</Cikis_ulkesi>
		<Gidecegi_ulke/>
		<Gidecegi_sevk_ulkesi>068</Gidecegi_sevk_ulkesi>
		<Cikistaki_aracin_tipi>4</Cikistaki_aracin_tipi>
		<Cikistaki_aracin_kimligi>T1613EB</Cikistaki_aracin_kimligi>
		<Cikistaki_aracin_ulkesi>068</Cikistaki_aracin_ulkesi>
		<Teslim_sekli>DAP</Teslim_sekli>
		<Teslim_yeri>TEKİRDAĞ</Teslim_yeri>
		<Konteyner>HAYIR</Konteyner>
		<Sinirdaki_aracin_tipi>4</Sinirdaki_aracin_tipi>
		<Sinirdaki_aracin_kimligi>T1613EB</Sinirdaki_aracin_kimligi>
		<Sinirdaki_aracin_ulkesi>068</Sinirdaki_aracin_ulkesi>
		<Toplam_fatura>44272.92</Toplam_fatura>
		<Toplam_fatura_dovizi>EUR</Toplam_fatura_dovizi>
		<Toplam_navlun>0</Toplam_navlun>
		<Toplan_navlun_dovizi/>
		<Sinirdaki_tasima_sekli>30</Sinirdaki_tasima_sekli>
		<Alici_satici_iliskisi>0</Alici_satici_iliskisi>
		<Toplam_sigorta>0</Toplam_sigorta>
		<Toplam_sigorta_dovizi/>
		<Yukleme_bosaltma_yeri>TEKİRDAĞ GÜMRÜK MÜDÜRLÜĞÜ</Yukleme_bosaltma_yeri>
		<Toplam_yurt_disi_harcamalar>660412.74</Toplam_yurt_disi_harcamalar>
		<Toplam_yurt_disi_harcamalarin_dovizi>TRY</Toplam_yurt_disi_harcamalarin_dovizi>
		<Toplam_yurt_ici_harcamalar>11000</Toplam_yurt_ici_harcamalar>
		<Odeme_sekli>1</Odeme_sekli>
		<Banka_kodu>006401924034</Banka_kodu>
		<Esyanin_bulundugu_yer>TAŞIT ÜSTÜ - SUPALAN SAHASI</Esyanin_bulundugu_yer>
		<Varis_gumruk_idaresi/>
		<Antrepo_kodu/>
		<Tasarlanan_guzergah/>
		<Telafi_edici_vergi>0</Telafi_edici_vergi>
		<Giris_gumruk_idaresi>221300</Giris_gumruk_idaresi>
		<Islemin_niteligi/>
		<Aciklamalar>VEKALET= KARTAL 12. NOTERLİĞİ 23.08.2024 - 29476 *Gümrük yönetmeliğinin 564/3. maddesine istinaden   Kayıt No: 89895463 12.10.2023 * [AEO:1-Yetkilendirilmiş Yükümlü TR/AEOF/24340015/19.07.2024] [Ek belgelerle ile ilgili DGV arttırıldı Yiçi gidere eklendi.]</Aciklamalar>
		<Kullanici_kodu>46450213454</Kullanici_kodu>
		<Referans_tarihi/>
		<Odeme>PESIN</Odeme>
		<Odeme_araci>B</Odeme_araci>
		<Musavir_referansi>EVRT25-01546</Musavir_referansi>
		<Gonderici_vergi_no></Gonderici_vergi_no>
		<Alici_vergi_no>8140496162</Alici_vergi_no>
		<Beyan_sahibi_vergi_no>5610574424</Beyan_sahibi_vergi_no>
		<Musavir_vergi_no>8140496162</Musavir_vergi_no>
		<Firma_bilgi>
			<firma>
				<Tip>Gonderici</Tip>
				<Ulke_kodu>068</Ulke_kodu>
				<Kimlik_turu>YFKS</Kimlik_turu>
				<Faks/>
				<No>18BG000002030/YFKS</No>
				<Adi_unvani>SISECAM AUTOMOTIVE BULGARIA EAD BO</Adi_unvani>
				<Cadde_s_no>DISTRICT VABEL INDUSTRIAL AREA 7700TARGOVISHTE BULGARIA</Cadde_s_no>
				<Telefon/>
			</firma>
		</Firma_bilgi>
		<Ozetbeyanlar>
			<Ozetbeyan>
				<ozbyacma_bilgi>
					<tasimasenetleri>
						<Tasima_senedi_no>1</Tasima_senedi_no>
						<tasimasatir_bilgi>
							<tasimasatirlari>
								<Tasima_satir_no>1</Tasima_satir_no>
								<Ambar_kodu/>
								<Acilacak_miktar>24</Acilacak_miktar>
							</tasimasatirlari>
						</tasimasatir_bilgi>
					</tasimasenetleri>
				</ozbyacma_bilgi>
				<Ozetbeyan_no>25BG004011025930K2</Ozetbeyan_no>
				<Ozetbeyan_islem_kapsami>3</Ozetbeyan_islem_kapsami>
				<Ambar_ici>HAYIR</Ambar_ici>
				<Baska_rejim>HAYIR</Baska_rejim>
				<Aciklama/>
			</Ozetbeyan>
			<Ozetbeyan>
				<ozbyacma_bilgi>
					<tasimasenetleri>
						<Tasima_senedi_no>2</Tasima_senedi_no>
						<tasimasatir_bilgi>
							<tasimasatirlari>
								<Tasima_satir_no>1</Tasima_satir_no>
								<Ambar_kodu/>
								<Acilacak_miktar>5</Acilacak_miktar>
							</tasimasatirlari>
						</tasimasatir_bilgi>
					</tasimasenetleri>
				</ozbyacma_bilgi>
				<Ozetbeyan_no>25BG004011025930K2</Ozetbeyan_no>
				<Ozetbeyan_islem_kapsami>3</Ozetbeyan_islem_kapsami>
				<Ambar_ici>HAYIR</Ambar_ici>
				<Baska_rejim>HAYIR</Baska_rejim>
				<Aciklama/>
			</Ozetbeyan>
		</Ozetbeyanlar>
		<Kalemler>
			<kalem>
				<OdemeSekilleri>
					<OdemeSekli>
						<OdemeSekliKodu>1</OdemeSekliKodu>
						<OdemeTutari>401.82</OdemeTutari>
						<TBFID/>
					</OdemeSekli>
				</OdemeSekilleri>
				<Gtip>700711100029</Gtip>
				<Imalatci_firma_bilgisi>HAYIR</Imalatci_firma_bilgisi>
				<Kalem_sira_no>1</Kalem_sira_no>
				<Mensei_ulke>068</Mensei_ulke>
				<Brut_agirlik>182.5</Brut_agirlik>
				<Net_agirlik>140</Net_agirlik>
				<Tamamlayici_olcu_birimi>C62</Tamamlayici_olcu_birimi>
				<Istatistiki_miktar>100</Istatistiki_miktar>
				<Uluslararasi_anlasma>AT</Uluslararasi_anlasma>
				<Algilama_birimi_1/>
				<Algilama_miktari_1>0</Algilama_miktari_1>
				<Algilama_birimi_2/>
				<Algilama_miktari_2>0</Algilama_miktari_2>
				<Muafiyetler_1>KKDFM</Muafiyetler_1>
				<Muafiyetler_2>NKIST</Muafiyetler_2>
				<Muafiyetler_3/>
				<Muafiyetler_4/>
				<Muafiyetler_5/>
				<Algilama_birimi_3/>
				<Algilama_miktari_3>0</Algilama_miktari_3>
				<Ek_kod/>
				<Ozellik>01</Ozellik>
				<Fatura_miktari>401.82</Fatura_miktari>
				<Fatura_miktarinin_dovizi>EUR</Fatura_miktarinin_dovizi>
				<Sinir_gecis_ucreti>0</Sinir_gecis_ucreti>
				<Navlun_miktari>0</Navlun_miktari>
				<Navlun_miktarinin_dovizi>TRY</Navlun_miktarinin_dovizi>
				<Istatistiki_kiymet>564.66</Istatistiki_kiymet>
				<Sigorta_miktari>0</Sigorta_miktari>
				<Sigorta_miktarinin_dovizi>TRY</Sigorta_miktarinin_dovizi>
				<Yurt_ici_harcamalar>99.84</Yurt_ici_harcamalar>
				<Tarifedeki_tanimi/>
				<Ticari_tanimi>OTOMOBİL CAMI</Ticari_tanimi>
				<Marka>ADDR</Marka>
				<Numara>-</Numara>
				<Cinsi>BI</Cinsi>
				<Adedi>29</Adedi>
				<Miktar_birimi>C62</Miktar_birimi>
				<Mahrece_iade/>
				<Ikincil_islem/>
				<Satir_no/>
				<Miktar>100</Miktar>
				<Kdv_orani/>
				<Kullanilmis_esya>K1</Kullanilmis_esya>
				<Aciklama_44> 2015/7511 sayılı BKK kapsamında KKDF’den muaftır.   ışı Gidere eklenmiştir]  [Gözetimden kaynaklanan Ek Kıymet Ydışı Gidere eklenmiştir]</Aciklama_44>
				<Imalatci_Vergino/>
				<Yurtici_Diger>99.84</Yurtici_Diger>
				<Yurtici_Banka>0</Yurtici_Banka>
				<Yurtici_Depolama>0</Yurtici_Depolama>
				<Yurtici_Tahliye>0</Yurtici_Tahliye>
				<Yurtici_Liman>0</Yurtici_Liman>
				<Yurtici_Kultur>0</Yurtici_Kultur>
				<Yurtici_Kkdf>0</Yurtici_Kkdf>
				<KDV_Iceren_Yurtici_Giderler_Toplami>0</KDV_Iceren_Yurtici_Giderler_Toplami>
				<Yurtici_Cevre>0</Yurtici_Cevre>
				<Yurtici_Diger_Aciklama>Y.İÇİ</Yurtici_Diger_Aciklama>
				<Muafiyet_Aciklamasi/>
				<Referans_Tarihi/>
				<YurtDisi_Komisyon>0</YurtDisi_Komisyon>
				<YurtDisi_Demuraj>0</YurtDisi_Demuraj>
				<YurtDisi_Royalti>0</YurtDisi_Royalti>
				<YurtDisi_Faiz>0</YurtDisi_Faiz>
				<YurtDisi_Diger>5510.31</YurtDisi_Diger>
				<YurtDisi_Komisyon_Dovizi/>
				<YurtDisi_Demuraj_Dovizi/>
				<YurtDisi_Royalti_Dovizi/>
				<YurtDisi_Faiz_Dovizi/>
				<YurtDisi_Diger_Dovizi>TRY</YurtDisi_Diger_Dovizi>
				<YurtDisi_Diger_Aciklama>GÖZETİM</YurtDisi_Diger_Aciklama>
				<Kalem_Islem_Niteligi>11</Kalem_Islem_Niteligi>
				<Giris_Cikis_Amaci/>
				<Giris_Cikis_Amaci_Aciklama/>
				<STM_IlKodu/>
				<EsyaGeriGelmeSebebi/>
				<EsyaGeriGelmeSebebiAciklamasi/>
				<SiparisTuru>1</SiparisTuru>
			</kalem>
			<kalem>
				<OdemeSekilleri>
					<OdemeSekli>
						<OdemeSekliKodu>1</OdemeSekliKodu>
						<OdemeTutari>358.06</OdemeTutari>
						<TBFID/>
					</OdemeSekli>
				</OdemeSekilleri>
				<Gtip>700711100029</Gtip>
				<Imalatci_firma_bilgisi>HAYIR</Imalatci_firma_bilgisi>
				<Kalem_sira_no>2</Kalem_sira_no>
				<Mensei_ulke>068</Mensei_ulke>
				<Brut_agirlik>242.5</Brut_agirlik>
				<Net_agirlik>200</Net_agirlik>
				<Tamamlayici_olcu_birimi>C62</Tamamlayici_olcu_birimi>
				<Istatistiki_miktar>100</Istatistiki_miktar>
				<Uluslararasi_anlasma>AT</Uluslararasi_anlasma>
				<Algilama_birimi_1/>
				<Algilama_miktari_1>0</Algilama_miktari_1>
				<Algilama_birimi_2/>
				<Algilama_miktari_2>0</Algilama_miktari_2>
				<Muafiyetler_1>KKDFM</Muafiyetler_1>
				<Muafiyetler_2>NKIST</Muafiyetler_2>
				<Muafiyetler_3/>
				<Muafiyetler_4/>
				<Muafiyetler_5/>
				<Algilama_birimi_3/>
				<Algilama_miktari_3>0</Algilama_miktari_3>
				<Ek_kod/>
				<Ozellik>01</Ozellik>
				<Fatura_miktari>358.06</Fatura_miktari>
				<Fatura_miktarinin_dovizi>EUR</Fatura_miktarinin_dovizi>
				<Sinir_gecis_ucreti>0</Sinir_gecis_ucreti>
				<Navlun_miktari>0</Navlun_miktari>
				<Navlun_miktarinin_dovizi>TRY</Navlun_miktarinin_dovizi>
				<Istatistiki_kiymet>804.15</Istatistiki_kiymet>
				<Sigorta_miktari>0</Sigorta_miktari>
				<Sigorta_miktarinin_dovizi>TRY</Sigorta_miktarinin_dovizi>
				<Yurt_ici_harcamalar>88.96</Yurt_ici_harcamalar>
				<Tarifedeki_tanimi/>
				<Ticari_tanimi>OTOMOBİL CAMI</Ticari_tanimi>
				<Marka>ADDR</Marka>
				<Numara>-</Numara>
				<Cinsi>BI</Cinsi>
				<Adedi>29</Adedi>
				<Miktar_birimi>C62</Miktar_birimi>
				<Mahrece_iade/>
				<Ikincil_islem/>
				<Satir_no/>
				<Miktar>100</Miktar>
				<Kdv_orani/>
				<Kullanilmis_esya>K1</Kullanilmis_esya>
				<Aciklama_44> 2015/7511 sayılı BKK kapsamında KKDF’den muaftır.   ışı Gidere eklenmiştir]  [Gözetimden kaynaklanan Ek Kıymet Ydışı Gidere eklenmiştir]</Aciklama_44>
				<Imalatci_Vergino/>
				<Yurtici_Diger>88.96</Yurtici_Diger>
				<Yurtici_Banka>0</Yurtici_Banka>
				<Yurtici_Depolama>0</Yurtici_Depolama>
				<Yurtici_Tahliye>0</Yurtici_Tahliye>
				<Yurtici_Liman>0</Yurtici_Liman>
				<Yurtici_Kultur>0</Yurtici_Kultur>
				<Yurtici_Kkdf>0</Yurtici_Kkdf>
				<KDV_Iceren_Yurtici_Giderler_Toplami>0</KDV_Iceren_Yurtici_Giderler_Toplami>
				<Yurtici_Cevre>0</Yurtici_Cevre>
				<Yurtici_Diger_Aciklama>Y.İÇİ</Yurtici_Diger_Aciklama>
				<Muafiyet_Aciklamasi/>
				<Referans_Tarihi/>
				<YurtDisi_Komisyon>0</YurtDisi_Komisyon>
				<YurtDisi_Demuraj>0</YurtDisi_Demuraj>
				<YurtDisi_Royalti>0</YurtDisi_Royalti>
				<YurtDisi_Faiz>0</YurtDisi_Faiz>
				<YurtDisi_Diger>15735.78</YurtDisi_Diger>
				<YurtDisi_Komisyon_Dovizi/>
				<YurtDisi_Demuraj_Dovizi/>
				<YurtDisi_Royalti_Dovizi/>
				<YurtDisi_Faiz_Dovizi/>
				<YurtDisi_Diger_Dovizi>TRY</YurtDisi_Diger_Dovizi>
				<YurtDisi_Diger_Aciklama>GÖZETİM</YurtDisi_Diger_Aciklama>
				<Kalem_Islem_Niteligi>11</Kalem_Islem_Niteligi>
				<Giris_Cikis_Amaci/>
				<Giris_Cikis_Amaci_Aciklama/>
				<STM_IlKodu/>
				<EsyaGeriGelmeSebebi/>
				<EsyaGeriGelmeSebebiAciklamasi/>
				<SiparisTuru>1</SiparisTuru>
			</kalem>
			<kalem>
				<OdemeSekilleri>
					<OdemeSekli>
						<OdemeSekliKodu>1</OdemeSekliKodu>
						<OdemeTutari>10616.16</OdemeTutari>
						<TBFID/>
					</OdemeSekli>
				</OdemeSekilleri>
				<Gtip>700711100029</Gtip>
				<Imalatci_firma_bilgisi>HAYIR</Imalatci_firma_bilgisi>
				<Kalem_sira_no>3</Kalem_sira_no>
				<Mensei_ulke>068</Mensei_ulke>
				<Brut_agirlik>3403.8</Brut_agirlik>
				<Net_agirlik>3403.8</Net_agirlik>
				<Tamamlayici_olcu_birimi>C62</Tamamlayici_olcu_birimi>
				<Istatistiki_miktar>900</Istatistiki_miktar>
				<Uluslararasi_anlasma>AT</Uluslararasi_anlasma>
				<Algilama_birimi_1/>
				<Algilama_miktari_1>0</Algilama_miktari_1>
				<Algilama_birimi_2/>
				<Algilama_miktari_2>0</Algilama_miktari_2>
				<Muafiyetler_1>KKDFM</Muafiyetler_1>
				<Muafiyetler_2>NKIST</Muafiyetler_2>
				<Muafiyetler_3/>
				<Muafiyetler_4/>
				<Muafiyetler_5/>
				<Algilama_birimi_3/>
				<Algilama_miktari_3>0</Algilama_miktari_3>
				<Ek_kod/>
				<Ozellik>01</Ozellik>
				<Fatura_miktari>10616.16</Fatura_miktari>
				<Fatura_miktarinin_dovizi>EUR</Fatura_miktarinin_dovizi>
				<Sinir_gecis_ucreti>0</Sinir_gecis_ucreti>
				<Navlun_miktari>0</Navlun_miktari>
				<Navlun_miktarinin_dovizi>TRY</Navlun_miktarinin_dovizi>
				<Istatistiki_kiymet>13737.98</Istatistiki_kiymet>
				<Sigorta_miktari>0</Sigorta_miktari>
				<Sigorta_miktarinin_dovizi>TRY</Sigorta_miktarinin_dovizi>
				<Yurt_ici_harcamalar>2637.68</Yurt_ici_harcamalar>
				<Tarifedeki_tanimi/>
				<Ticari_tanimi>OTOMOBİL CAMI</Ticari_tanimi>
				<Marka>ADDR</Marka>
				<Numara>-</Numara>
				<Cinsi>BI</Cinsi>
				<Adedi>29</Adedi>
				<Miktar_birimi>C62</Miktar_birimi>
				<Mahrece_iade/>
				<Ikincil_islem/>
				<Satir_no/>
				<Miktar>900</Miktar>
				<Kdv_orani/>
				<Kullanilmis_esya>K1</Kullanilmis_esya>
				<Aciklama_44> 2015/7511 sayılı BKK kapsamında KKDF’den muaftır.   ışı Gidere eklenmiştir]  [Gözetimden kaynaklanan Ek Kıymet Ydışı Gidere eklenmiştir]</Aciklama_44>
				<Imalatci_Vergino/>
				<Yurtici_Diger>2637.68</Yurtici_Diger>
				<Yurtici_Banka>0</Yurtici_Banka>
				<Yurtici_Depolama>0</Yurtici_Depolama>
				<Yurtici_Tahliye>0</Yurtici_Tahliye>
				<Yurtici_Liman>0</Yurtici_Liman>
				<Yurtici_Kultur>0</Yurtici_Kultur>
				<Yurtici_Kkdf>0</Yurtici_Kkdf>
				<KDV_Iceren_Yurtici_Giderler_Toplami>0</KDV_Iceren_Yurtici_Giderler_Toplami>
				<Yurtici_Cevre>0</Yurtici_Cevre>
				<Yurtici_Diger_Aciklama>Y.İÇİ</Yurtici_Diger_Aciklama>
				<Muafiyet_Aciklamasi/>
				<Referans_Tarihi/>
				<YurtDisi_Komisyon>0</YurtDisi_Komisyon>
				<YurtDisi_Demuraj>0</YurtDisi_Demuraj>
				<YurtDisi_Royalti>0</YurtDisi_Royalti>
				<YurtDisi_Faiz>0</YurtDisi_Faiz>
				<YurtDisi_Diger>103127.82</YurtDisi_Diger>
				<YurtDisi_Komisyon_Dovizi/>
				<YurtDisi_Demuraj_Dovizi/>
				<YurtDisi_Royalti_Dovizi/>
				<YurtDisi_Faiz_Dovizi/>
				<YurtDisi_Diger_Dovizi>TRY</YurtDisi_Diger_Dovizi>
				<YurtDisi_Diger_Aciklama>GÖZETİM</YurtDisi_Diger_Aciklama>
				<Kalem_Islem_Niteligi>11</Kalem_Islem_Niteligi>
				<Giris_Cikis_Amaci/>
				<Giris_Cikis_Amaci_Aciklama/>
				<STM_IlKodu/>
				<EsyaGeriGelmeSebebi/>
				<EsyaGeriGelmeSebebiAciklamasi/>
				<SiparisTuru>1</SiparisTuru>
			</kalem>
			<kalem>
				<OdemeSekilleri>
					<OdemeSekli>
						<OdemeSekliKodu>1</OdemeSekliKodu>
						<OdemeTutari>10146.43</OdemeTutari>
						<TBFID/>
					</OdemeSekli>
				</OdemeSekilleri>
				<Gtip>700711100029</Gtip>
				<Imalatci_firma_bilgisi>HAYIR</Imalatci_firma_bilgisi>
				<Kalem_sira_no>4</Kalem_sira_no>
				<Mensei_ulke>068</Mensei_ulke>
				<Brut_agirlik>4084.5</Brut_agirlik>
				<Net_agirlik>4084.5</Net_agirlik>
				<Tamamlayici_olcu_birimi>C62</Tamamlayici_olcu_birimi>
				<Istatistiki_miktar>1050</Istatistiki_miktar>
				<Uluslararasi_anlasma>AT</Uluslararasi_anlasma>
				<Algilama_birimi_1/>
				<Algilama_miktari_1>0</Algilama_miktari_1>
				<Algilama_birimi_2/>
				<Algilama_miktari_2>0</Algilama_miktari_2>
				<Muafiyetler_1>KKDFM</Muafiyetler_1>
				<Muafiyetler_2>NKIST</Muafiyetler_2>
				<Muafiyetler_3/>
				<Muafiyetler_4/>
				<Muafiyetler_5/>
				<Algilama_birimi_3/>
				<Algilama_miktari_3>0</Algilama_miktari_3>
				<Ek_kod/>
				<Ozellik>01</Ozellik>
				<Fatura_miktari>10146.43</Fatura_miktari>
				<Fatura_miktarinin_dovizi>EUR</Fatura_miktarinin_dovizi>
				<Sinir_gecis_ucreti>0</Sinir_gecis_ucreti>
				<Navlun_miktari>0</Navlun_miktari>
				<Navlun_miktarinin_dovizi>TRY</Navlun_miktarinin_dovizi>
				<Istatistiki_kiymet>16455.34</Istatistiki_kiymet>
				<Sigorta_miktari>0</Sigorta_miktari>
				<Sigorta_miktarinin_dovizi>TRY</Sigorta_miktarinin_dovizi>
				<Yurt_ici_harcamalar>2520.97</Yurt_ici_harcamalar>
				<Tarifedeki_tanimi/>
				<Ticari_tanimi>OTOMOBİL CAMI</Ticari_tanimi>
				<Marka>ADDR</Marka>
				<Numara>-</Numara>
				<Cinsi>BI</Cinsi>
				<Adedi>29</Adedi>
				<Miktar_birimi>C62</Miktar_birimi>
				<Mahrece_iade/>
				<Ikincil_islem/>
				<Satir_no/>
				<Miktar>1050</Miktar>
				<Kdv_orani/>
				<Kullanilmis_esya>K1</Kullanilmis_esya>
				<Aciklama_44> 2015/7511 sayılı BKK kapsamında KKDF’den muaftır.   ışı Gidere eklenmiştir]  [Gözetimden kaynaklanan Ek Kıymet Ydışı Gidere eklenmiştir]</Aciklama_44>
				<Imalatci_Vergino/>
				<Yurtici_Diger>2520.97</Yurtici_Diger>
				<Yurtici_Banka>0</Yurtici_Banka>
				<Yurtici_Depolama>0</Yurtici_Depolama>
				<Yurtici_Tahliye>0</Yurtici_Tahliye>
				<Yurtici_Liman>0</Yurtici_Liman>
				<Yurtici_Kultur>0</Yurtici_Kultur>
				<Yurtici_Kkdf>0</Yurtici_Kkdf>
				<KDV_Iceren_Yurtici_Giderler_Toplami>0</KDV_Iceren_Yurtici_Giderler_Toplami>
				<Yurtici_Cevre>0</Yurtici_Cevre>
				<Yurtici_Diger_Aciklama>Y.İÇİ</Yurtici_Diger_Aciklama>
				<Muafiyet_Aciklamasi/>
				<Referans_Tarihi/>
				<YurtDisi_Komisyon>0</YurtDisi_Komisyon>
				<YurtDisi_Demuraj>0</YurtDisi_Demuraj>
				<YurtDisi_Royalti>0</YurtDisi_Royalti>
				<YurtDisi_Faiz>0</YurtDisi_Faiz>
				<YurtDisi_Diger>218162.54</YurtDisi_Diger>
				<YurtDisi_Komisyon_Dovizi/>
				<YurtDisi_Demuraj_Dovizi/>
				<YurtDisi_Royalti_Dovizi/>
				<YurtDisi_Faiz_Dovizi/>
				<YurtDisi_Diger_Dovizi>TRY</YurtDisi_Diger_Dovizi>
				<YurtDisi_Diger_Aciklama>GÖZETİM</YurtDisi_Diger_Aciklama>
				<Kalem_Islem_Niteligi>11</Kalem_Islem_Niteligi>
				<Giris_Cikis_Amaci/>
				<Giris_Cikis_Amaci_Aciklama/>
				<STM_IlKodu/>
				<EsyaGeriGelmeSebebi/>
				<EsyaGeriGelmeSebebiAciklamasi/>
				<SiparisTuru>1</SiparisTuru>
			</kalem>
			<kalem>
				<OdemeSekilleri>
					<OdemeSekli>
						<OdemeSekliKodu>1</OdemeSekliKodu>
						<OdemeTutari>11963.37</OdemeTutari>
						<TBFID/>
					</OdemeSekli>
				</OdemeSekilleri>
				<Gtip>700711100029</Gtip>
				<Imalatci_firma_bilgisi>HAYIR</Imalatci_firma_bilgisi>
				<Kalem_sira_no>5</Kalem_sira_no>
				<Mensei_ulke>068</Mensei_ulke>
				<Brut_agirlik>4668</Brut_agirlik>
				<Net_agirlik>4668</Net_agirlik>
				<Tamamlayici_olcu_birimi>C62</Tamamlayici_olcu_birimi>
				<Istatistiki_miktar>1200</Istatistiki_miktar>
				<Uluslararasi_anlasma>AT</Uluslararasi_anlasma>
				<Algilama_birimi_1/>
				<Algilama_miktari_1>0</Algilama_miktari_1>
				<Algilama_birimi_2/>
				<Algilama_miktari_2>0</Algilama_miktari_2>
				<Muafiyetler_1>KKDFM</Muafiyetler_1>
				<Muafiyetler_2>NKIST</Muafiyetler_2>
				<Muafiyetler_3/>
				<Muafiyetler_4/>
				<Muafiyetler_5/>
				<Algilama_birimi_3/>
				<Algilama_miktari_3>0</Algilama_miktari_3>
				<Ek_kod/>
				<Ozellik>01</Ozellik>
				<Fatura_miktari>11963.37</Fatura_miktari>
				<Fatura_miktarinin_dovizi>EUR</Fatura_miktarinin_dovizi>
				<Sinir_gecis_ucreti>0</Sinir_gecis_ucreti>
				<Navlun_miktari>0</Navlun_miktari>
				<Navlun_miktarinin_dovizi>TRY</Navlun_miktarinin_dovizi>
				<Istatistiki_kiymet>18810.36</Istatistiki_kiymet>
				<Sigorta_miktari>0</Sigorta_miktari>
				<Sigorta_miktarinin_dovizi>TRY</Sigorta_miktarinin_dovizi>
				<Yurt_ici_harcamalar>2972.41</Yurt_ici_harcamalar>
				<Tarifedeki_tanimi/>
				<Ticari_tanimi>OTOMOBİL CAMI</Ticari_tanimi>
				<Marka>ADDR</Marka>
				<Numara>-</Numara>
				<Cinsi>BI</Cinsi>
				<Adedi>29</Adedi>
				<Miktar_birimi>C62</Miktar_birimi>
				<Mahrece_iade/>
				<Ikincil_islem/>
				<Satir_no/>
				<Miktar>1200</Miktar>
				<Kdv_orani/>
				<Kullanilmis_esya>K1</Kullanilmis_esya>
				<Aciklama_44> 2015/7511 sayılı BKK kapsamında KKDF’den muaftır.   ışı Gidere eklenmiştir]  [Gözetimden kaynaklanan Ek Kıymet Ydışı Gidere eklenmiştir]</Aciklama_44>
				<Imalatci_Vergino/>
				<Yurtici_Diger>2972.41</Yurtici_Diger>
				<Yurtici_Banka>0</Yurtici_Banka>
				<Yurtici_Depolama>0</Yurtici_Depolama>
				<Yurtici_Tahliye>0</Yurtici_Tahliye>
				<Yurtici_Liman>0</Yurtici_Liman>
				<Yurtici_Kultur>0</Yurtici_Kultur>
				<Yurtici_Kkdf>0</Yurtici_Kkdf>
				<KDV_Iceren_Yurtici_Giderler_Toplami>0</KDV_Iceren_Yurtici_Giderler_Toplami>
				<Yurtici_Cevre>0</Yurtici_Cevre>
				<Yurtici_Diger_Aciklama>Y.İÇİ</Yurtici_Diger_Aciklama>
				<Muafiyet_Aciklamasi/>
				<Referans_Tarihi/>
				<YurtDisi_Komisyon>0</YurtDisi_Komisyon>
				<YurtDisi_Demuraj>0</YurtDisi_Demuraj>
				<YurtDisi_Royalti>0</YurtDisi_Royalti>
				<YurtDisi_Faiz>0</YurtDisi_Faiz>
				<YurtDisi_Diger>235948.82</YurtDisi_Diger>
				<YurtDisi_Komisyon_Dovizi/>
				<YurtDisi_Demuraj_Dovizi/>
				<YurtDisi_Royalti_Dovizi/>
				<YurtDisi_Faiz_Dovizi/>
				<YurtDisi_Diger_Dovizi>TRY</YurtDisi_Diger_Dovizi>
				<YurtDisi_Diger_Aciklama>GÖZETİM</YurtDisi_Diger_Aciklama>
				<Kalem_Islem_Niteligi>11</Kalem_Islem_Niteligi>
				<Giris_Cikis_Amaci/>
				<Giris_Cikis_Amaci_Aciklama/>
				<STM_IlKodu/>
				<EsyaGeriGelmeSebebi/>
				<EsyaGeriGelmeSebebiAciklamasi/>
				<SiparisTuru>1</SiparisTuru>
			</kalem>
			<kalem>
				<OdemeSekilleri>
					<OdemeSekli>
						<OdemeSekliKodu>1</OdemeSekliKodu>
						<OdemeTutari>1601.16</OdemeTutari>
						<TBFID/>
					</OdemeSekli>
				</OdemeSekilleri>
				<Gtip>700711100029</Gtip>
				<Imalatci_firma_bilgisi>HAYIR</Imalatci_firma_bilgisi>
				<Kalem_sira_no>6</Kalem_sira_no>
				<Mensei_ulke>068</Mensei_ulke>
				<Brut_agirlik>588.9</Brut_agirlik>
				<Net_agirlik>588.9</Net_agirlik>
				<Tamamlayici_olcu_birimi>C62</Tamamlayici_olcu_birimi>
				<Istatistiki_miktar>150</Istatistiki_miktar>
				<Uluslararasi_anlasma>AT</Uluslararasi_anlasma>
				<Algilama_birimi_1/>
				<Algilama_miktari_1>0</Algilama_miktari_1>
				<Algilama_birimi_2/>
				<Algilama_miktari_2>0</Algilama_miktari_2>
				<Muafiyetler_1>KKDFM</Muafiyetler_1>
				<Muafiyetler_2>NKIST</Muafiyetler_2>
				<Muafiyetler_3/>
				<Muafiyetler_4/>
				<Muafiyetler_5/>
				<Algilama_birimi_3/>
				<Algilama_miktari_3>0</Algilama_miktari_3>
				<Ek_kod/>
				<Ozellik>01</Ozellik>
				<Fatura_miktari>1601.16</Fatura_miktari>
				<Fatura_miktarinin_dovizi>EUR</Fatura_miktarinin_dovizi>
				<Sinir_gecis_ucreti>0</Sinir_gecis_ucreti>
				<Navlun_miktari>0</Navlun_miktari>
				<Navlun_miktarinin_dovizi>TRY</Navlun_miktarinin_dovizi>
				<Istatistiki_kiymet>2374.12</Istatistiki_kiymet>
				<Sigorta_miktari>0</Sigorta_miktari>
				<Sigorta_miktarinin_dovizi>TRY</Sigorta_miktarinin_dovizi>
				<Yurt_ici_harcamalar>397.82</Yurt_ici_harcamalar>
				<Tarifedeki_tanimi/>
				<Ticari_tanimi>OTOMOBİL CAMI</Ticari_tanimi>
				<Marka>ADDR</Marka>
				<Numara>-</Numara>
				<Cinsi>BI</Cinsi>
				<Adedi>29</Adedi>
				<Miktar_birimi>C62</Miktar_birimi>
				<Mahrece_iade/>
				<Ikincil_islem/>
				<Satir_no/>
				<Miktar>150</Miktar>
				<Kdv_orani/>
				<Kullanilmis_esya>K1</Kullanilmis_esya>
				<Aciklama_44> 2015/7511 sayılı BKK kapsamında KKDF’den muaftır.   ışı Gidere eklenmiştir]  [Gözetimden kaynaklanan Ek Kıymet Ydışı Gidere eklenmiştir]</Aciklama_44>
				<Imalatci_Vergino/>
				<Yurtici_Diger>397.82</Yurtici_Diger>
				<Yurtici_Banka>0</Yurtici_Banka>
				<Yurtici_Depolama>0</Yurtici_Depolama>
				<Yurtici_Tahliye>0</Yurtici_Tahliye>
				<Yurtici_Liman>0</Yurtici_Liman>
				<Yurtici_Kultur>0</Yurtici_Kultur>
				<Yurtici_Kkdf>0</Yurtici_Kkdf>
				<KDV_Iceren_Yurtici_Giderler_Toplami>0</KDV_Iceren_Yurtici_Giderler_Toplami>
				<Yurtici_Cevre>0</Yurtici_Cevre>
				<Yurtici_Diger_Aciklama>Y.İÇİ</Yurtici_Diger_Aciklama>
				<Muafiyet_Aciklamasi/>
				<Referans_Tarihi/>
				<YurtDisi_Komisyon>0</YurtDisi_Komisyon>
				<YurtDisi_Demuraj>0</YurtDisi_Demuraj>
				<YurtDisi_Royalti>0</YurtDisi_Royalti>
				<YurtDisi_Faiz>0</YurtDisi_Faiz>
				<YurtDisi_Diger>26420.27</YurtDisi_Diger>
				<YurtDisi_Komisyon_Dovizi/>
				<YurtDisi_Demuraj_Dovizi/>
				<YurtDisi_Royalti_Dovizi/>
				<YurtDisi_Faiz_Dovizi/>
				<YurtDisi_Diger_Dovizi>TRY</YurtDisi_Diger_Dovizi>
				<YurtDisi_Diger_Aciklama>GÖZETİM</YurtDisi_Diger_Aciklama>
				<Kalem_Islem_Niteligi>11</Kalem_Islem_Niteligi>
				<Giris_Cikis_Amaci/>
				<Giris_Cikis_Amaci_Aciklama/>
				<STM_IlKodu/>
				<EsyaGeriGelmeSebebi/>
				<EsyaGeriGelmeSebebiAciklamasi/>
				<SiparisTuru>1</SiparisTuru>
			</kalem>
			<kalem>
				<OdemeSekilleri>
					<OdemeSekli>
						<OdemeSekliKodu>1</OdemeSekliKodu>
						<OdemeTutari>3361.42</OdemeTutari>
						<TBFID/>
					</OdemeSekli>
				</OdemeSekilleri>
				<Gtip>700721200039</Gtip>
				<Imalatci_firma_bilgisi>HAYIR</Imalatci_firma_bilgisi>
				<Kalem_sira_no>7</Kalem_sira_no>
				<Mensei_ulke>068</Mensei_ulke>
				<Brut_agirlik>964.8</Brut_agirlik>
				<Net_agirlik>964.8</Net_agirlik>
				<Tamamlayici_olcu_birimi>C62</Tamamlayici_olcu_birimi>
				<Istatistiki_miktar>80</Istatistiki_miktar>
				<Uluslararasi_anlasma>AT</Uluslararasi_anlasma>
				<Algilama_birimi_1/>
				<Algilama_miktari_1>0</Algilama_miktari_1>
				<Algilama_birimi_2/>
				<Algilama_miktari_2>0</Algilama_miktari_2>
				<Muafiyetler_1>KKDFM</Muafiyetler_1>
				<Muafiyetler_2>NKIST</Muafiyetler_2>
				<Muafiyetler_3/>
				<Muafiyetler_4/>
				<Muafiyetler_5/>
				<Algilama_birimi_3/>
				<Algilama_miktari_3>0</Algilama_miktari_3>
				<Ek_kod/>
				<Ozellik>01</Ozellik>
				<Fatura_miktari>3361.42</Fatura_miktari>
				<Fatura_miktarinin_dovizi>EUR</Fatura_miktarinin_dovizi>
				<Sinir_gecis_ucreti>0</Sinir_gecis_ucreti>
				<Navlun_miktari>0</Navlun_miktari>
				<Navlun_miktarinin_dovizi>TRY</Navlun_miktarinin_dovizi>
				<Istatistiki_kiymet>4380.48</Istatistiki_kiymet>
				<Sigorta_miktari>0</Sigorta_miktari>
				<Sigorta_miktarinin_dovizi>TRY</Sigorta_miktarinin_dovizi>
				<Yurt_ici_harcamalar>835.17</Yurt_ici_harcamalar>
				<Tarifedeki_tanimi/>
				<Ticari_tanimi>OTOMOBİL CAMI</Ticari_tanimi>
				<Marka>ADDR</Marka>
				<Numara>-</Numara>
				<Cinsi>BI</Cinsi>
				<Adedi>29</Adedi>
				<Miktar_birimi>C62</Miktar_birimi>
				<Mahrece_iade/>
				<Ikincil_islem/>
				<Satir_no/>
				<Miktar>80</Miktar>
				<Kdv_orani/>
				<Kullanilmis_esya>K1</Kullanilmis_esya>
				<Aciklama_44>ışı Gidere eklenmiştir]   2015/7511 sayılı BKK kapsamında KKDF’den muaftır.   [Gözetimden kaynaklanan Ek Kıymet Ydışı Gidere eklenmiştir]</Aciklama_44>
				<Imalatci_Vergino/>
				<Yurtici_Diger>835.17</Yurtici_Diger>
				<Yurtici_Banka>0</Yurtici_Banka>
				<Yurtici_Depolama>0</Yurtici_Depolama>
				<Yurtici_Tahliye>0</Yurtici_Tahliye>
				<Yurtici_Liman>0</Yurtici_Liman>
				<Yurtici_Kultur>0</Yurtici_Kultur>
				<Yurtici_Kkdf>0</Yurtici_Kkdf>
				<KDV_Iceren_Yurtici_Giderler_Toplami>0</KDV_Iceren_Yurtici_Giderler_Toplami>
				<Yurtici_Cevre>0</Yurtici_Cevre>
				<Yurtici_Diger_Aciklama>Y.İÇİ</Yurtici_Diger_Aciklama>
				<Muafiyet_Aciklamasi/>
				<Referans_Tarihi/>
				<YurtDisi_Komisyon>0</YurtDisi_Komisyon>
				<YurtDisi_Demuraj>0</YurtDisi_Demuraj>
				<YurtDisi_Royalti>0</YurtDisi_Royalti>
				<YurtDisi_Faiz>0</YurtDisi_Faiz>
				<YurtDisi_Diger>33753.69</YurtDisi_Diger>
				<YurtDisi_Komisyon_Dovizi/>
				<YurtDisi_Demuraj_Dovizi/>
				<YurtDisi_Royalti_Dovizi/>
				<YurtDisi_Faiz_Dovizi/>
				<YurtDisi_Diger_Dovizi>TRY</YurtDisi_Diger_Dovizi>
				<YurtDisi_Diger_Aciklama>GÖZETİM</YurtDisi_Diger_Aciklama>
				<Kalem_Islem_Niteligi>11</Kalem_Islem_Niteligi>
				<Giris_Cikis_Amaci/>
				<Giris_Cikis_Amaci_Aciklama/>
				<STM_IlKodu/>
				<EsyaGeriGelmeSebebi/>
				<EsyaGeriGelmeSebebiAciklamasi/>
				<SiparisTuru>1</SiparisTuru>
			</kalem>
			<kalem>
				<OdemeSekilleri>
					<OdemeSekli>
						<OdemeSekliKodu>1</OdemeSekliKodu>
						<OdemeTutari>5824.5</OdemeTutari>
						<TBFID/>
					</OdemeSekli>
				</OdemeSekilleri>
				<Gtip>700721200039</Gtip>
				<Imalatci_firma_bilgisi>HAYIR</Imalatci_firma_bilgisi>
				<Kalem_sira_no>8</Kalem_sira_no>
				<Mensei_ulke>068</Mensei_ulke>
				<Brut_agirlik>1444.8</Brut_agirlik>
				<Net_agirlik>1444.8</Net_agirlik>
				<Tamamlayici_olcu_birimi>C62</Tamamlayici_olcu_birimi>
				<Istatistiki_miktar>120</Istatistiki_miktar>
				<Uluslararasi_anlasma>AT</Uluslararasi_anlasma>
				<Algilama_birimi_1/>
				<Algilama_miktari_1>0</Algilama_miktari_1>
				<Algilama_birimi_2/>
				<Algilama_miktari_2>0</Algilama_miktari_2>
				<Muafiyetler_1>KKDFM</Muafiyetler_1>
				<Muafiyetler_2>NKIST</Muafiyetler_2>
				<Muafiyetler_3/>
				<Muafiyetler_4/>
				<Muafiyetler_5/>
				<Algilama_birimi_3/>
				<Algilama_miktari_3>0</Algilama_miktari_3>
				<Ek_kod/>
				<Ozellik>01</Ozellik>
				<Fatura_miktari>5824.5</Fatura_miktari>
				<Fatura_miktarinin_dovizi>EUR</Fatura_miktarinin_dovizi>
				<Sinir_gecis_ucreti>0</Sinir_gecis_ucreti>
				<Navlun_miktari>0</Navlun_miktari>
				<Navlun_miktarinin_dovizi>TRY</Navlun_miktarinin_dovizi>
				<Istatistiki_kiymet>6568.96</Istatistiki_kiymet>
				<Sigorta_miktari>0</Sigorta_miktari>
				<Sigorta_miktarinin_dovizi>TRY</Sigorta_miktarinin_dovizi>
				<Yurt_ici_harcamalar>1447.15</Yurt_ici_harcamalar>
				<Tarifedeki_tanimi/>
				<Ticari_tanimi>OTOMOBİL CAMI</Ticari_tanimi>
				<Marka>ADDR</Marka>
				<Numara>-</Numara>
				<Cinsi>BI</Cinsi>
				<Adedi>29</Adedi>
				<Miktar_birimi>C62</Miktar_birimi>
				<Mahrece_iade/>
				<Ikincil_islem/>
				<Satir_no/>
				<Miktar>120</Miktar>
				<Kdv_orani/>
				<Kullanilmis_esya>K1</Kullanilmis_esya>
				<Aciklama_44> 2015/7511 sayılı BKK kapsamında KKDF’den muaftır.   [Gözetimden kaynaklanan Ek Kıymet Ydışı Gidere eklenmiştir]</Aciklama_44>
				<Imalatci_Vergino/>
				<Yurtici_Diger>1447.15</Yurtici_Diger>
				<Yurtici_Banka>0</Yurtici_Banka>
				<Yurtici_Depolama>0</Yurtici_Depolama>
				<Yurtici_Tahliye>0</Yurtici_Tahliye>
				<Yurtici_Liman>0</Yurtici_Liman>
				<Yurtici_Kultur>0</Yurtici_Kultur>
				<Yurtici_Kkdf>0</Yurtici_Kkdf>
				<KDV_Iceren_Yurtici_Giderler_Toplami>0</KDV_Iceren_Yurtici_Giderler_Toplami>
				<Yurtici_Cevre>0</Yurtici_Cevre>
				<Yurtici_Diger_Aciklama>Y.İÇİ</Yurtici_Diger_Aciklama>
				<Muafiyet_Aciklamasi/>
				<Referans_Tarihi/>
				<YurtDisi_Komisyon>0</YurtDisi_Komisyon>
				<YurtDisi_Demuraj>0</YurtDisi_Demuraj>
				<YurtDisi_Royalti>0</YurtDisi_Royalti>
				<YurtDisi_Faiz>0</YurtDisi_Faiz>
				<YurtDisi_Diger>21753.51</YurtDisi_Diger>
				<YurtDisi_Komisyon_Dovizi/>
				<YurtDisi_Demuraj_Dovizi/>
				<YurtDisi_Royalti_Dovizi/>
				<YurtDisi_Faiz_Dovizi/>
				<YurtDisi_Diger_Dovizi>TRY</YurtDisi_Diger_Dovizi>
				<YurtDisi_Diger_Aciklama>GÖZETİM</YurtDisi_Diger_Aciklama>
				<Kalem_Islem_Niteligi>11</Kalem_Islem_Niteligi>
				<Giris_Cikis_Amaci/>
				<Giris_Cikis_Amaci_Aciklama/>
				<STM_IlKodu/>
				<EsyaGeriGelmeSebebi/>
				<EsyaGeriGelmeSebebiAciklamasi/>
				<SiparisTuru>1</SiparisTuru>
			</kalem>
		</Kalemler>
		<Sorular_cevaplar>
			<Soru_Cevap>
				<Kalem_no>0</Kalem_no>
				<Soru_no>7780</Soru_no>
				<Cevap>HAYIR</Cevap>
			</Soru_Cevap>
			<Soru_Cevap>
				<Kalem_no>0</Kalem_no>
				<Soru_no>4378</Soru_no>
				<Cevap>EVET</Cevap>
			</Soru_Cevap>
			<Soru_Cevap>
				<Kalem_no>1</Kalem_no>
				<Soru_no>4293</Soru_no>
				<Cevap>HAYIR</Cevap>
			</Soru_Cevap>
			<Soru_Cevap>
				<Kalem_no>1</Kalem_no>
				<Soru_no>5116</Soru_no>
				<Cevap>EVET</Cevap>
			</Soru_Cevap>
			<Soru_Cevap>
				<Kalem_no>1</Kalem_no>
				<Soru_no>5178</Soru_no>
				<Cevap>HAYIR</Cevap>
			</Soru_Cevap>
			<Soru_Cevap>
				<Kalem_no>2</Kalem_no>
				<Soru_no>4293</Soru_no>
				<Cevap>HAYIR</Cevap>
			</Soru_Cevap>
			<Soru_Cevap>
				<Kalem_no>2</Kalem_no>
				<Soru_no>5116</Soru_no>
				<Cevap>EVET</Cevap>
			</Soru_Cevap>
			<Soru_Cevap>
				<Kalem_no>2</Kalem_no>
				<Soru_no>5178</Soru_no>
				<Cevap>HAYIR</Cevap>
			</Soru_Cevap>
			<Soru_Cevap>
				<Kalem_no>3</Kalem_no>
				<Soru_no>4293</Soru_no>
				<Cevap>HAYIR</Cevap>
			</Soru_Cevap>
			<Soru_Cevap>
				<Kalem_no>3</Kalem_no>
				<Soru_no>5116</Soru_no>
				<Cevap>EVET</Cevap>
			</Soru_Cevap>
			<Soru_Cevap>
				<Kalem_no>3</Kalem_no>
				<Soru_no>5178</Soru_no>
				<Cevap>HAYIR</Cevap>
			</Soru_Cevap>
			<Soru_Cevap>
				<Kalem_no>4</Kalem_no>
				<Soru_no>4293</Soru_no>
				<Cevap>HAYIR</Cevap>
			</Soru_Cevap>
			<Soru_Cevap>
				<Kalem_no>4</Kalem_no>
				<Soru_no>5116</Soru_no>
				<Cevap>EVET</Cevap>
			</Soru_Cevap>
			<Soru_Cevap>
				<Kalem_no>4</Kalem_no>
				<Soru_no>5178</Soru_no>
				<Cevap>HAYIR</Cevap>
			</Soru_Cevap>
			<Soru_Cevap>
				<Kalem_no>5</Kalem_no>
				<Soru_no>4293</Soru_no>
				<Cevap>HAYIR</Cevap>
			</Soru_Cevap>
			<Soru_Cevap>
				<Kalem_no>5</Kalem_no>
				<Soru_no>5116</Soru_no>
				<Cevap>EVET</Cevap>
			</Soru_Cevap>
			<Soru_Cevap>
				<Kalem_no>5</Kalem_no>
				<Soru_no>5178</Soru_no>
				<Cevap>HAYIR</Cevap>
			</Soru_Cevap>
			<Soru_Cevap>
				<Kalem_no>6</Kalem_no>
				<Soru_no>4293</Soru_no>
				<Cevap>HAYIR</Cevap>
			</Soru_Cevap>
			<Soru_Cevap>
				<Kalem_no>6</Kalem_no>
				<Soru_no>5116</Soru_no>
				<Cevap>EVET</Cevap>
			</Soru_Cevap>
			<Soru_Cevap>
				<Kalem_no>6</Kalem_no>
				<Soru_no>5178</Soru_no>
				<Cevap>HAYIR</Cevap>
			</Soru_Cevap>
			<Soru_Cevap>
				<Kalem_no>7</Kalem_no>
				<Soru_no>4293</Soru_no>
				<Cevap>HAYIR</Cevap>
			</Soru_Cevap>
			<Soru_Cevap>
				<Kalem_no>7</Kalem_no>
				<Soru_no>5178</Soru_no>
				<Cevap>HAYIR</Cevap>
			</Soru_Cevap>
			<Soru_Cevap>
				<Kalem_no>8</Kalem_no>
				<Soru_no>4293</Soru_no>
				<Cevap>HAYIR</Cevap>
			</Soru_Cevap>
			<Soru_Cevap>
				<Kalem_no>8</Kalem_no>
				<Soru_no>5178</Soru_no>
				<Cevap>HAYIR</Cevap>
			</Soru_Cevap>
		</Sorular_cevaplar>
		<Dokumanlar>
			<Dokuman>
				<Kalem_no>1</Kalem_no>
				<Kod>0301</Kod>
				<Dogrulama>V</Dogrulama>
				<Belge_tarihi>31/01/2025</Belge_tarihi>
				<Referans>0000313280</Referans>
			</Dokuman>
			<Dokuman>
				<Kalem_no>1</Kalem_no>
				<Kod>0100</Kod>
				<Dogrulama>V</Dogrulama>
				<Belge_tarihi>31/01/2025</Belge_tarihi>
				<Referans>8100005775</Referans>
			</Dokuman>
			<Dokuman>
				<Kalem_no>1</Kalem_no>
				<Kod>1005</Kod>
				<Dogrulama>V</Dogrulama>
				<Belge_tarihi>03/02/2025</Belge_tarihi>
				<Referans>25243082611005066630084/1</Referans>
			</Dokuman>
			<Dokuman>
				<Kalem_no>1</Kalem_no>
				<Kod>0300</Kod>
				<Dogrulama>V</Dogrulama>
				<Belge_tarihi>31/01/2025</Belge_tarihi>
				<Referans>0000259522</Referans>
			</Dokuman>
			<Dokuman>
				<Kalem_no>1</Kalem_no>
				<Kod>1093</Kod>
				<Dogrulama>V</Dogrulama>
				<Belge_tarihi>14/02/2023</Belge_tarihi>
				<Referans>23243082611093036201148/7</Referans>
			</Dokuman>
			<Dokuman>
				<Kalem_no>2</Kalem_no>
				<Kod>0301</Kod>
				<Dogrulama>V</Dogrulama>
				<Belge_tarihi>31/01/2025</Belge_tarihi>
				<Referans>0000313280</Referans>
			</Dokuman>
			<Dokuman>
				<Kalem_no>2</Kalem_no>
				<Kod>0100</Kod>
				<Dogrulama>V</Dogrulama>
				<Belge_tarihi>31/01/2025</Belge_tarihi>
				<Referans>8100005775</Referans>
			</Dokuman>
			<Dokuman>
				<Kalem_no>2</Kalem_no>
				<Kod>1005</Kod>
				<Dogrulama>V</Dogrulama>
				<Belge_tarihi>03/02/2025</Belge_tarihi>
				<Referans>25243082611005066630085/1</Referans>
			</Dokuman>
			<Dokuman>
				<Kalem_no>2</Kalem_no>
				<Kod>0300</Kod>
				<Dogrulama>V</Dogrulama>
				<Belge_tarihi>31/01/2025</Belge_tarihi>
				<Referans>0000259522</Referans>
			</Dokuman>
			<Dokuman>
				<Kalem_no>2</Kalem_no>
				<Kod>1093</Kod>
				<Dogrulama>V</Dogrulama>
				<Belge_tarihi>14/02/2023</Belge_tarihi>
				<Referans>23243082611093036201148/7</Referans>
			</Dokuman>
			<Dokuman>
				<Kalem_no>3</Kalem_no>
				<Kod>0301</Kod>
				<Dogrulama>V</Dogrulama>
				<Belge_tarihi>31/01/2025</Belge_tarihi>
				<Referans>0000313280</Referans>
			</Dokuman>
			<Dokuman>
				<Kalem_no>3</Kalem_no>
				<Kod>0100</Kod>
				<Dogrulama>V</Dogrulama>
				<Belge_tarihi>31/01/2025</Belge_tarihi>
				<Referans>8100005775</Referans>
			</Dokuman>
			<Dokuman>
				<Kalem_no>3</Kalem_no>
				<Kod>1005</Kod>
				<Dogrulama>V</Dogrulama>
				<Belge_tarihi>03/02/2025</Belge_tarihi>
				<Referans>25243082611005066630060/1</Referans>
			</Dokuman>
			<Dokuman>
				<Kalem_no>3</Kalem_no>
				<Kod>0300</Kod>
				<Dogrulama>V</Dogrulama>
				<Belge_tarihi>31/01/2025</Belge_tarihi>
				<Referans>0000259522</Referans>
			</Dokuman>
			<Dokuman>
				<Kalem_no>3</Kalem_no>
				<Kod>1093</Kod>
				<Dogrulama>V</Dogrulama>
				<Belge_tarihi>14/02/2023</Belge_tarihi>
				<Referans>23243082611093036201148/7</Referans>
			</Dokuman>
			<Dokuman>
				<Kalem_no>4</Kalem_no>
				<Kod>0301</Kod>
				<Dogrulama>V</Dogrulama>
				<Belge_tarihi>31/01/2025</Belge_tarihi>
				<Referans>0000313280</Referans>
			</Dokuman>
			<Dokuman>
				<Kalem_no>4</Kalem_no>
				<Kod>0100</Kod>
				<Dogrulama>V</Dogrulama>
				<Belge_tarihi>31/01/2025</Belge_tarihi>
				<Referans>8100005775</Referans>
			</Dokuman>
			<Dokuman>
				<Kalem_no>4</Kalem_no>
				<Kod>1005</Kod>
				<Dogrulama>V</Dogrulama>
				<Belge_tarihi>03/02/2025</Belge_tarihi>
				<Referans>25243082611005066630059/1</Referans>
			</Dokuman>
			<Dokuman>
				<Kalem_no>4</Kalem_no>
				<Kod>0300</Kod>
				<Dogrulama>V</Dogrulama>
				<Belge_tarihi>31/01/2025</Belge_tarihi>
				<Referans>0000259522</Referans>
			</Dokuman>
			<Dokuman>
				<Kalem_no>4</Kalem_no>
				<Kod>1093</Kod>
				<Dogrulama>V</Dogrulama>
				<Belge_tarihi>14/02/2023</Belge_tarihi>
				<Referans>23243082611093036201148/7</Referans>
			</Dokuman>
			<Dokuman>
				<Kalem_no>5</Kalem_no>
				<Kod>0301</Kod>
				<Dogrulama>V</Dogrulama>
				<Belge_tarihi>31/01/2025</Belge_tarihi>
				<Referans>0000313280</Referans>
			</Dokuman>
			<Dokuman>
				<Kalem_no>5</Kalem_no>
				<Kod>0100</Kod>
				<Dogrulama>V</Dogrulama>
				<Belge_tarihi>31/01/2025</Belge_tarihi>
				<Referans>8100005775</Referans>
			</Dokuman>
			<Dokuman>
				<Kalem_no>5</Kalem_no>
				<Kod>1005</Kod>
				<Dogrulama>V</Dogrulama>
				<Belge_tarihi>03/02/2025</Belge_tarihi>
				<Referans>25243082611005066630064/1</Referans>
			</Dokuman>
			<Dokuman>
				<Kalem_no>5</Kalem_no>
				<Kod>0300</Kod>
				<Dogrulama>V</Dogrulama>
				<Belge_tarihi>31/01/2025</Belge_tarihi>
				<Referans>0000259522</Referans>
			</Dokuman>
			<Dokuman>
				<Kalem_no>5</Kalem_no>
				<Kod>1093</Kod>
				<Dogrulama>V</Dogrulama>
				<Belge_tarihi>14/02/2023</Belge_tarihi>
				<Referans>23243082611093036201148/7</Referans>
			</Dokuman>
			<Dokuman>
				<Kalem_no>6</Kalem_no>
				<Kod>0301</Kod>
				<Dogrulama>V</Dogrulama>
				<Belge_tarihi>31/01/2025</Belge_tarihi>
				<Referans>0000313280</Referans>
			</Dokuman>
			<Dokuman>
				<Kalem_no>6</Kalem_no>
				<Kod>0100</Kod>
				<Dogrulama>V</Dogrulama>
				<Belge_tarihi>31/01/2025</Belge_tarihi>
				<Referans>8100005775</Referans>
			</Dokuman>
			<Dokuman>
				<Kalem_no>6</Kalem_no>
				<Kod>1005</Kod>
				<Dogrulama>V</Dogrulama>
				<Belge_tarihi>03/02/2025</Belge_tarihi>
				<Referans>25243082611005066630065/1</Referans>
			</Dokuman>
			<Dokuman>
				<Kalem_no>6</Kalem_no>
				<Kod>0300</Kod>
				<Dogrulama>V</Dogrulama>
				<Belge_tarihi>31/01/2025</Belge_tarihi>
				<Referans>0000259522</Referans>
			</Dokuman>
			<Dokuman>
				<Kalem_no>6</Kalem_no>
				<Kod>1093</Kod>
				<Dogrulama>V</Dogrulama>
				<Belge_tarihi>14/02/2023</Belge_tarihi>
				<Referans>23243082611093036201148/7</Referans>
			</Dokuman>
			<Dokuman>
				<Kalem_no>7</Kalem_no>
				<Kod>0301</Kod>
				<Dogrulama>V</Dogrulama>
				<Belge_tarihi>31/01/2025</Belge_tarihi>
				<Referans>0000313280</Referans>
			</Dokuman>
			<Dokuman>
				<Kalem_no>7</Kalem_no>
				<Kod>0100</Kod>
				<Dogrulama>V</Dogrulama>
				<Belge_tarihi>31/01/2025</Belge_tarihi>
				<Referans>8100005775</Referans>
			</Dokuman>
			<Dokuman>
				<Kalem_no>7</Kalem_no>
				<Kod>0300</Kod>
				<Dogrulama>V</Dogrulama>
				<Belge_tarihi>31/01/2025</Belge_tarihi>
				<Referans>0000259522</Referans>
			</Dokuman>
			<Dokuman>
				<Kalem_no>7</Kalem_no>
				<Kod>1093</Kod>
				<Dogrulama>V</Dogrulama>
				<Belge_tarihi>14/02/2023</Belge_tarihi>
				<Referans>23243082611093036201148/7</Referans>
			</Dokuman>
			<Dokuman>
				<Kalem_no>8</Kalem_no>
				<Kod>0301</Kod>
				<Dogrulama>V</Dogrulama>
				<Belge_tarihi>31/01/2025</Belge_tarihi>
				<Referans>0000313280</Referans>
			</Dokuman>
			<Dokuman>
				<Kalem_no>8</Kalem_no>
				<Kod>0100</Kod>
				<Dogrulama>V</Dogrulama>
				<Belge_tarihi>31/01/2025</Belge_tarihi>
				<Referans>8100005775</Referans>
			</Dokuman>
			<Dokuman>
				<Kalem_no>8</Kalem_no>
				<Kod>0300</Kod>
				<Dogrulama>V</Dogrulama>
				<Belge_tarihi>31/01/2025</Belge_tarihi>
				<Referans>0000259522</Referans>
			</Dokuman>
			<Dokuman>
				<Kalem_no>8</Kalem_no>
				<Kod>1093</Kod>
				<Dogrulama>V</Dogrulama>
				<Belge_tarihi>14/02/2023</Belge_tarihi>
				<Referans>23243082611093036201148/7</Referans>
			</Dokuman>
		</Dokumanlar>
		<Vergiler>
			<Vergi>
				<Kalem_no>1</Kalem_no>
				<Kod>10</Kod>
				<Miktar>0</Miktar>
				<Oran>0</Oran>
				<Odeme_sekli>P</Odeme_sekli>
				<Vergi_matrahi>20309.02</Vergi_matrahi>
			</Vergi>
			<Vergi>
				<Kalem_no>1</Kalem_no>
				<Kod>40</Kod>
				<Miktar>4307.55</Miktar>
				<Oran>20</Oran>
				<Odeme_sekli>P</Odeme_sekli>
				<Vergi_matrahi>21537.76</Vergi_matrahi>
			</Vergi>
			<Vergi>
				<Kalem_no>1</Kalem_no>
				<Kod>89</Kod>
				<Miktar>1128.9</Miktar>
				<Oran>0</Oran>
				<Odeme_sekli>P</Odeme_sekli>
				<Vergi_matrahi>0</Vergi_matrahi>
			</Vergi>
			<Vergi>
				<Kalem_no>2</Kalem_no>
				<Kod>10</Kod>
				<Miktar>0</Miktar>
				<Oran>0</Oran>
				<Odeme_sekli>P</Odeme_sekli>
				<Vergi_matrahi>28922.84</Vergi_matrahi>
			</Vergi>
			<Vergi>
				<Kalem_no>2</Kalem_no>
				<Kod>40</Kod>
				<Miktar>5802.36</Miktar>
				<Oran>20</Oran>
				<Odeme_sekli>P</Odeme_sekli>
				<Vergi_matrahi>29011.8</Vergi_matrahi>
			</Vergi>
			<Vergi>
				<Kalem_no>3</Kalem_no>
				<Kod>10</Kod>
				<Miktar>0</Miktar>
				<Oran>0</Oran>
				<Odeme_sekli>P</Odeme_sekli>
				<Vergi_matrahi>494112.5</Vergi_matrahi>
			</Vergi>
			<Vergi>
				<Kalem_no>3</Kalem_no>
				<Kod>40</Kod>
				<Miktar>99350.04</Miktar>
				<Oran>20</Oran>
				<Odeme_sekli>P</Odeme_sekli>
				<Vergi_matrahi>496750.18</Vergi_matrahi>
			</Vergi>
			<Vergi>
				<Kalem_no>4</Kalem_no>
				<Kod>10</Kod>
				<Miktar>0</Miktar>
				<Oran>0</Oran>
				<Odeme_sekli>P</Odeme_sekli>
				<Vergi_matrahi>591847.44</Vergi_matrahi>
			</Vergi>
			<Vergi>
				<Kalem_no>4</Kalem_no>
				<Kod>40</Kod>
				<Miktar>118873.68</Miktar>
				<Oran>20</Oran>
				<Odeme_sekli>P</Odeme_sekli>
				<Vergi_matrahi>594368.41</Vergi_matrahi>
			</Vergi>
			<Vergi>
				<Kalem_no>5</Kalem_no>
				<Kod>10</Kod>
				<Miktar>0</Miktar>
				<Oran>0</Oran>
				<Odeme_sekli>P</Odeme_sekli>
				<Vergi_matrahi>676550.17</Vergi_matrahi>
			</Vergi>
			<Vergi>
				<Kalem_no>5</Kalem_no>
				<Kod>40</Kod>
				<Miktar>135904.52</Miktar>
				<Oran>20</Oran>
				<Odeme_sekli>P</Odeme_sekli>
				<Vergi_matrahi>679522.58</Vergi_matrahi>
			</Vergi>
			<Vergi>
				<Kalem_no>6</Kalem_no>
				<Kod>10</Kod>
				<Miktar>0</Miktar>
				<Oran>0</Oran>
				<Odeme_sekli>P</Odeme_sekli>
				<Vergi_matrahi>85389.71</Vergi_matrahi>
			</Vergi>
			<Vergi>
				<Kalem_no>6</Kalem_no>
				<Kod>40</Kod>
				<Miktar>17157.51</Miktar>
				<Oran>20</Oran>
				<Odeme_sekli>P</Odeme_sekli>
				<Vergi_matrahi>85787.53</Vergi_matrahi>
			</Vergi>
			<Vergi>
				<Kalem_no>7</Kalem_no>
				<Kod>10</Kod>
				<Miktar>0</Miktar>
				<Oran>0</Oran>
				<Odeme_sekli>P</Odeme_sekli>
				<Vergi_matrahi>157552.1</Vergi_matrahi>
			</Vergi>
			<Vergi>
				<Kalem_no>7</Kalem_no>
				<Kod>40</Kod>
				<Miktar>31677.45</Miktar>
				<Oran>20</Oran>
				<Odeme_sekli>P</Odeme_sekli>
				<Vergi_matrahi>158387.27</Vergi_matrahi>
			</Vergi>
			<Vergi>
				<Kalem_no>8</Kalem_no>
				<Kod>10</Kod>
				<Miktar>0</Miktar>
				<Oran>0</Oran>
				<Odeme_sekli>P</Odeme_sekli>
				<Vergi_matrahi>236265.19</Vergi_matrahi>
			</Vergi>
			<Vergi>
				<Kalem_no>8</Kalem_no>
				<Kod>40</Kod>
				<Miktar>47542.47</Miktar>
				<Oran>20</Oran>
				<Odeme_sekli>P</Odeme_sekli>
				<Vergi_matrahi>237712.34</Vergi_matrahi>
			</Vergi>
		</Vergiler>
		<KiymetBildirim>
			<Kiymet>
				<TeslimSekli>DAP</TeslimSekli>
				<SozlesmeTarihiSayisi/>
				<FaturaTarihiSayisi>31.01.2025/8100005775</FaturaTarihiSayisi>
				<GumrukIdaresiKarari/>
				<AliciSatici>VAR</AliciSatici>
				<Munasebet>HAYIR</Munasebet>
				<Emsal>HAYIR</Emsal>
				<AliciSaticiAyrintilar/>
				<Kisitlamalar>HAYIR</Kisitlamalar>
				<Edim>HAYIR</Edim>
				<KisitlamalarAyrintilar/>
				<Royalti>HAYIR</Royalti>
				<RoyaltiKosullar/>
				<SaticiyaIntikal>HAYIR</SaticiyaIntikal>
				<SaticiyaIntikalKosullar/>
				<SehirYer>TEKİRDAĞ</SehirYer>
				<Taahutname>EVET</Taahutname>
				<KiymetKalemler>
					<KiymetKalem>
						<KiymetKalemNo>1</KiymetKalemNo>
						<BeyannameKalemNo>1</BeyannameKalemNo>
						<DolayliOdeme>0</DolayliOdeme>
						<Komisyon>0</Komisyon>
						<Tellaliye>0</Tellaliye>
						<KapAmbalajBedeli>0</KapAmbalajBedeli>
						<IthalaKatilanMalzeme>0</IthalaKatilanMalzeme>
						<IthalaUretimAraclar>0</IthalaUretimAraclar>
						<IthalaUretimTuketimMalzemesi>0</IthalaUretimTuketimMalzemesi>
						<PlanTaslak>0</PlanTaslak>
						<RoyaltiLisans>0</RoyaltiLisans>
						<DolayliIntikal>0</DolayliIntikal>
						<Nakliye>0</Nakliye>
						<Sigorta>0</Sigorta>
						<GirisSonrasiNakliye>0</GirisSonrasiNakliye>
						<TeknikYardim>0</TeknikYardim>
						<DigerOdemeler>0</DigerOdemeler>
						<DigerOdemelerNiteligi/>
						<VergiHarcFon>0</VergiHarcFon>
					</KiymetKalem>
					<KiymetKalem>
						<KiymetKalemNo>2</KiymetKalemNo>
						<BeyannameKalemNo>2</BeyannameKalemNo>
						<DolayliOdeme>0</DolayliOdeme>
						<Komisyon>0</Komisyon>
						<Tellaliye>0</Tellaliye>
						<KapAmbalajBedeli>0</KapAmbalajBedeli>
						<IthalaKatilanMalzeme>0</IthalaKatilanMalzeme>
						<IthalaUretimAraclar>0</IthalaUretimAraclar>
						<IthalaUretimTuketimMalzemesi>0</IthalaUretimTuketimMalzemesi>
						<PlanTaslak>0</PlanTaslak>
						<RoyaltiLisans>0</RoyaltiLisans>
						<DolayliIntikal>0</DolayliIntikal>
						<Nakliye>0</Nakliye>
						<Sigorta>0</Sigorta>
						<GirisSonrasiNakliye>0</GirisSonrasiNakliye>
						<TeknikYardim>0</TeknikYardim>
						<DigerOdemeler>0</DigerOdemeler>
						<DigerOdemelerNiteligi/>
						<VergiHarcFon>0</VergiHarcFon>
					</KiymetKalem>
					<KiymetKalem>
						<KiymetKalemNo>3</KiymetKalemNo>
						<BeyannameKalemNo>3</BeyannameKalemNo>
						<DolayliOdeme>0</DolayliOdeme>
						<Komisyon>0</Komisyon>
						<Tellaliye>0</Tellaliye>
						<KapAmbalajBedeli>0</KapAmbalajBedeli>
						<IthalaKatilanMalzeme>0</IthalaKatilanMalzeme>
						<IthalaUretimAraclar>0</IthalaUretimAraclar>
						<IthalaUretimTuketimMalzemesi>0</IthalaUretimTuketimMalzemesi>
						<PlanTaslak>0</PlanTaslak>
						<RoyaltiLisans>0</RoyaltiLisans>
						<DolayliIntikal>0</DolayliIntikal>
						<Nakliye>0</Nakliye>
						<Sigorta>0</Sigorta>
						<GirisSonrasiNakliye>0</GirisSonrasiNakliye>
						<TeknikYardim>0</TeknikYardim>
						<DigerOdemeler>0</DigerOdemeler>
						<DigerOdemelerNiteligi/>
						<VergiHarcFon>0</VergiHarcFon>
					</KiymetKalem>
					<KiymetKalem>
						<KiymetKalemNo>4</KiymetKalemNo>
						<BeyannameKalemNo>4</BeyannameKalemNo>
						<DolayliOdeme>0</DolayliOdeme>
						<Komisyon>0</Komisyon>
						<Tellaliye>0</Tellaliye>
						<KapAmbalajBedeli>0</KapAmbalajBedeli>
						<IthalaKatilanMalzeme>0</IthalaKatilanMalzeme>
						<IthalaUretimAraclar>0</IthalaUretimAraclar>
						<IthalaUretimTuketimMalzemesi>0</IthalaUretimTuketimMalzemesi>
						<PlanTaslak>0</PlanTaslak>
						<RoyaltiLisans>0</RoyaltiLisans>
						<DolayliIntikal>0</DolayliIntikal>
						<Nakliye>0</Nakliye>
						<Sigorta>0</Sigorta>
						<GirisSonrasiNakliye>0</GirisSonrasiNakliye>
						<TeknikYardim>0</TeknikYardim>
						<DigerOdemeler>0</DigerOdemeler>
						<DigerOdemelerNiteligi/>
						<VergiHarcFon>0</VergiHarcFon>
					</KiymetKalem>
					<KiymetKalem>
						<KiymetKalemNo>5</KiymetKalemNo>
						<BeyannameKalemNo>5</BeyannameKalemNo>
						<DolayliOdeme>0</DolayliOdeme>
						<Komisyon>0</Komisyon>
						<Tellaliye>0</Tellaliye>
						<KapAmbalajBedeli>0</KapAmbalajBedeli>
						<IthalaKatilanMalzeme>0</IthalaKatilanMalzeme>
						<IthalaUretimAraclar>0</IthalaUretimAraclar>
						<IthalaUretimTuketimMalzemesi>0</IthalaUretimTuketimMalzemesi>
						<PlanTaslak>0</PlanTaslak>
						<RoyaltiLisans>0</RoyaltiLisans>
						<DolayliIntikal>0</DolayliIntikal>
						<Nakliye>0</Nakliye>
						<Sigorta>0</Sigorta>
						<GirisSonrasiNakliye>0</GirisSonrasiNakliye>
						<TeknikYardim>0</TeknikYardim>
						<DigerOdemeler>0</DigerOdemeler>
						<DigerOdemelerNiteligi/>
						<VergiHarcFon>0</VergiHarcFon>
					</KiymetKalem>
					<KiymetKalem>
						<KiymetKalemNo>6</KiymetKalemNo>
						<BeyannameKalemNo>6</BeyannameKalemNo>
						<DolayliOdeme>0</DolayliOdeme>
						<Komisyon>0</Komisyon>
						<Tellaliye>0</Tellaliye>
						<KapAmbalajBedeli>0</KapAmbalajBedeli>
						<IthalaKatilanMalzeme>0</IthalaKatilanMalzeme>
						<IthalaUretimAraclar>0</IthalaUretimAraclar>
						<IthalaUretimTuketimMalzemesi>0</IthalaUretimTuketimMalzemesi>
						<PlanTaslak>0</PlanTaslak>
						<RoyaltiLisans>0</RoyaltiLisans>
						<DolayliIntikal>0</DolayliIntikal>
						<Nakliye>0</Nakliye>
						<Sigorta>0</Sigorta>
						<GirisSonrasiNakliye>0</GirisSonrasiNakliye>
						<TeknikYardim>0</TeknikYardim>
						<DigerOdemeler>0</DigerOdemeler>
						<DigerOdemelerNiteligi/>
						<VergiHarcFon>0</VergiHarcFon>
					</KiymetKalem>
					<KiymetKalem>
						<KiymetKalemNo>7</KiymetKalemNo>
						<BeyannameKalemNo>7</BeyannameKalemNo>
						<DolayliOdeme>0</DolayliOdeme>
						<Komisyon>0</Komisyon>
						<Tellaliye>0</Tellaliye>
						<KapAmbalajBedeli>0</KapAmbalajBedeli>
						<IthalaKatilanMalzeme>0</IthalaKatilanMalzeme>
						<IthalaUretimAraclar>0</IthalaUretimAraclar>
						<IthalaUretimTuketimMalzemesi>0</IthalaUretimTuketimMalzemesi>
						<PlanTaslak>0</PlanTaslak>
						<RoyaltiLisans>0</RoyaltiLisans>
						<DolayliIntikal>0</DolayliIntikal>
						<Nakliye>0</Nakliye>
						<Sigorta>0</Sigorta>
						<GirisSonrasiNakliye>0</GirisSonrasiNakliye>
						<TeknikYardim>0</TeknikYardim>
						<DigerOdemeler>0</DigerOdemeler>
						<DigerOdemelerNiteligi/>
						<VergiHarcFon>0</VergiHarcFon>
					</KiymetKalem>
					<KiymetKalem>
						<KiymetKalemNo>8</KiymetKalemNo>
						<BeyannameKalemNo>8</BeyannameKalemNo>
						<DolayliOdeme>0</DolayliOdeme>
						<Komisyon>0</Komisyon>
						<Tellaliye>0</Tellaliye>
						<KapAmbalajBedeli>0</KapAmbalajBedeli>
						<IthalaKatilanMalzeme>0</IthalaKatilanMalzeme>
						<IthalaUretimAraclar>0</IthalaUretimAraclar>
						<IthalaUretimTuketimMalzemesi>0</IthalaUretimTuketimMalzemesi>
						<PlanTaslak>0</PlanTaslak>
						<RoyaltiLisans>0</RoyaltiLisans>
						<DolayliIntikal>0</DolayliIntikal>
						<Nakliye>0</Nakliye>
						<Sigorta>0</Sigorta>
						<GirisSonrasiNakliye>0</GirisSonrasiNakliye>
						<TeknikYardim>0</TeknikYardim>
						<DigerOdemeler>0</DigerOdemeler>
						<DigerOdemelerNiteligi/>
						<VergiHarcFon>0</VergiHarcFon>
					</KiymetKalem>
				</KiymetKalemler>
			</Kiymet>
		</KiymetBildirim>
		<OdemeSekilleri>
			<OdemeSekli>
				<OdemeSekliKodu>1</OdemeSekliKodu>
				<OdemeTutari>44272.92</OdemeTutari>
			</OdemeSekli>
		</OdemeSekilleri>
		<mail1>ali.kilicarslan@kizilkaya.com.tr</mail1>
		<mail2>ali.kilicarslan@kizilkaya.com.tr</mail2>
		<mobil1>+905422312233</mobil1>
		<LimanKodu/>
		<FazlaMesaiID/>
		<OdeSaymanlikBilgi/>
	</BeyannameBilgi>
</Gelen>
