<?xml version="1.0" encoding="UTF-8"?>
<Gelen xmlns:xsi="http://www.w3.org/2001/XMLSchema-instance" xmlns:xsd="http://www.w3.org/2001/XMLSchema">
	<RefID>T25-02251</RefID>
	<KullaniciAdi>46450213454</KullaniciAdi>
	<Sifre>e9f0a004715c70367141c1cd2d391623</Sifre>
	<BeyannameBilgi xmlns="http://tempuri.org/">
		<Beyanname_no>25341300IM00031940</Beyanname_no>
		<Beyanname_Tarihi>17.02.2025</Beyanname_Tarihi>
		<Rejim>4071</Rejim>
		<GUMRUK>341300</GUMRUK>
		<Basitlestirilmis_usul/>
		<Yuk_belgeleri_sayisi>0</Yuk_belgeleri_sayisi>
		<Kap_adedi>26</Kap_adedi>
		<Ticaret_ulkesi>001</Ticaret_ulkesi>
		<Referans_no>2500250801/3001/5500010331/SAKCAN</Referans_no>
		<Cikis_ulkesi>001</Cikis_ulkesi>
		<Gidecegi_ulke/>
		<Gidecegi_sevk_ulkesi>038</Gidecegi_sevk_ulkesi>
		<Cikistaki_aracin_tipi>4</Cikistaki_aracin_tipi>
		<Cikistaki_aracin_kimligi>34 GZN 857</Cikistaki_aracin_kimligi>
		<Cikistaki_aracin_ulkesi>052</Cikistaki_aracin_ulkesi>
		<Teslim_sekli>DAP</Teslim_sekli>
		<Teslim_yeri>İSTANBUL</Teslim_yeri>
		<Konteyner>HAYIR</Konteyner>
		<Sinirdaki_aracin_tipi>3</Sinirdaki_aracin_tipi>
		<Sinirdaki_aracin_kimligi>34 GZN 857</Sinirdaki_aracin_kimligi>
		<Sinirdaki_aracin_ulkesi>052</Sinirdaki_aracin_ulkesi>
		<Toplam_fatura>32108.84</Toplam_fatura>
		<Toplam_fatura_dovizi>EUR</Toplam_fatura_dovizi>
		<Toplam_navlun>0</Toplam_navlun>
		<Toplan_navlun_dovizi/>
		<Sinirdaki_tasima_sekli>17</Sinirdaki_tasima_sekli>
		<Alici_satici_iliskisi>6</Alici_satici_iliskisi>
		<Toplam_sigorta>946.7</Toplam_sigorta>
		<Toplam_sigorta_dovizi>TRY</Toplam_sigorta_dovizi>
		<Yukleme_bosaltma_yeri>MURATBEY GÜMRÜK MÜDÜRLÜĞÜ</Yukleme_bosaltma_yeri>
		<Toplam_yurt_disi_harcamalar>0</Toplam_yurt_disi_harcamalar>
		<Toplam_yurt_disi_harcamalarin_dovizi>TRY</Toplam_yurt_disi_harcamalarin_dovizi>
		<Toplam_yurt_ici_harcamalar>7150</Toplam_yurt_ici_harcamalar>
		<Odeme_sekli>2</Odeme_sekli>
		<Banka_kodu>006401924034</Banka_kodu>
		<Esyanin_bulundugu_yer>A34000147  ULUSAL ANTREPO</Esyanin_bulundugu_yer>
		<Varis_gumruk_idaresi/>
		<Antrepo_kodu>A34000147</Antrepo_kodu>
		<Tasarlanan_guzergah/>
		<Telafi_edici_vergi>0</Telafi_edici_vergi>
		<Giris_gumruk_idaresi>343100</Giris_gumruk_idaresi>
		<Islemin_niteligi/>
		<Aciklamalar>VEKALET= KARTAL 12. NOTERLİĞİ 23.08.2024 - 29476  Gümrük yönetmeliğinin 564/3. maddesine istinaden   Kayıt No: 89919685 12.10.2023 * [AEO:1-Yetkilendirilmiş Yükümlü TR/AEOF/24340015/19.07.2024]</Aciklamalar>
		<Kullanici_kodu>46450213454</Kullanici_kodu>
		<Referans_tarihi/>
		<Odeme>PESIN</Odeme>
		<Odeme_araci>B</Odeme_araci>
		<Musavir_referansi>EVRT25-02251</Musavir_referansi>
		<Gonderici_vergi_no></Gonderici_vergi_no>
		<Alici_vergi_no>8140496162</Alici_vergi_no>
		<Beyan_sahibi_vergi_no>5610574424</Beyan_sahibi_vergi_no>
		<Musavir_vergi_no>8140496162</Musavir_vergi_no>
		<Firma_bilgi>
			<firma>
				<Tip>Gonderici</Tip>
				<Ulke_kodu>001</Ulke_kodu>
				<Kimlik_turu>YFKS</Kimlik_turu>
				<Faks/>
				<No>19FR000221728/YFKS</No>
				<Adi_unvani>VISION PLAST FRANCE</Adi_unvani>
				<Cadde_s_no>Parc d Activites de la BertraieBP 90088(Villaines sous Malicorne) 72202 LA FLECHE CEDEX</Cadde_s_no>
				<Telefon/>
			</firma>
		</Firma_bilgi>
		<Ozetbeyanlar/>
		<Kalemler>
			<kalem>
				<tcgbacmakapatma_bilgi>
					<tcgbacmakapatma>
						<Kapatilan_beyanname_no>25341300AN00020896</Kapatilan_beyanname_no>
						<Kapatilan_kalem_no>1</Kapatilan_kalem_no>
						<Kapatilan_miktar>30120</Kapatilan_miktar>
						<Aciklama/>
					</tcgbacmakapatma>
				</tcgbacmakapatma_bilgi>
				<OdemeSekilleri>
					<OdemeSekli>
						<OdemeSekliKodu>2</OdemeSekliKodu>
						<OdemeTutari>32108.84</OdemeTutari>
						<TBFID>25000000640887000019935</TBFID>
					</OdemeSekli>
				</OdemeSekilleri>
				<Gtip>392690979018</Gtip>
				<Imalatci_firma_bilgisi>HAYIR</Imalatci_firma_bilgisi>
				<Kalem_sira_no>1</Kalem_sira_no>
				<Mensei_ulke>001</Mensei_ulke>
				<Brut_agirlik>6000</Brut_agirlik>
				<Net_agirlik>5000</Net_agirlik>
				<Tamamlayici_olcu_birimi>C62</Tamamlayici_olcu_birimi>
				<Istatistiki_miktar>30120</Istatistiki_miktar>
				<Uluslararasi_anlasma>AT</Uluslararasi_anlasma>
				<Algilama_birimi_1/>
				<Algilama_miktari_1>0</Algilama_miktari_1>
				<Algilama_birimi_2/>
				<Algilama_miktari_2>0</Algilama_miktari_2>
				<Muafiyetler_1>NKIST</Muafiyetler_1>
				<Muafiyetler_2/>
				<Muafiyetler_3/>
				<Muafiyetler_4/>
				<Muafiyetler_5/>
				<Algilama_birimi_3/>
				<Algilama_miktari_3>0</Algilama_miktari_3>
				<Ek_kod/>
				<Ozellik>01</Ozellik>
				<Fatura_miktari>32108.84</Fatura_miktari>
				<Fatura_miktarinin_dovizi>EUR</Fatura_miktarinin_dovizi>
				<Sinir_gecis_ucreti>0</Sinir_gecis_ucreti>
				<Navlun_miktari>0</Navlun_miktari>
				<Navlun_miktarinin_dovizi>TRY</Navlun_miktarinin_dovizi>
				<Istatistiki_kiymet>33641.16</Istatistiki_kiymet>
				<Sigorta_miktari>946.7</Sigorta_miktari>
				<Sigorta_miktarinin_dovizi>TRY</Sigorta_miktarinin_dovizi>
				<Yurt_ici_harcamalar>7150</Yurt_ici_harcamalar>
				<Tarifedeki_tanimi/>
				<Ticari_tanimi>PLASTİK OTO AKSAMI</Ticari_tanimi>
				<Marka>ADDR</Marka>
				<Numara>-</Numara>
				<Cinsi>BI</Cinsi>
				<Adedi>26</Adedi>
				<Miktar_birimi>C62</Miktar_birimi>
				<Mahrece_iade/>
				<Ikincil_islem/>
				<Satir_no/>
				<Miktar>30120</Miktar>
				<Kdv_orani>KDV18</Kdv_orani>
				<Kullanilmis_esya>K1</Kullanilmis_esya>
				<Aciklama_44>*DTS 2025/05 EK1/B ,2025/05 EK2 tebliği kapsamı eşya değildir. Damping 2020/20, 2021/24 tebliği kapsamı eşya değildir. Ürün güvenliği denetimi 2025/11, 2025/12, 2025/17 tebliği kapsamı eşya değildir. Gözetim 2008/07 , 2024/01 gözetim tebliği kapsamı eşya değildir.*</Aciklama_44>
				<Imalatci_Vergino/>
				<Yurtici_Diger>2000</Yurtici_Diger>
				<Yurtici_Banka>150</Yurtici_Banka>
				<Yurtici_Depolama>5000</Yurtici_Depolama>
				<Yurtici_Tahliye>0</Yurtici_Tahliye>
				<Yurtici_Liman>0</Yurtici_Liman>
				<Yurtici_Kultur>0</Yurtici_Kultur>
				<Yurtici_Kkdf>0</Yurtici_Kkdf>
				<KDV_Iceren_Yurtici_Giderler_Toplami>0</KDV_Iceren_Yurtici_Giderler_Toplami>
				<Yurtici_Cevre>0</Yurtici_Cevre>
				<Yurtici_Diger_Aciklama>Y.İÇİ</Yurtici_Diger_Aciklama>
				<Muafiyet_Aciklamasi/>
				<Referans_Tarihi/>
				<YurtDisi_Komisyon>0</YurtDisi_Komisyon>
				<YurtDisi_Demuraj>0</YurtDisi_Demuraj>
				<YurtDisi_Royalti>0</YurtDisi_Royalti>
				<YurtDisi_Faiz>0</YurtDisi_Faiz>
				<YurtDisi_Diger>0</YurtDisi_Diger>
				<YurtDisi_Komisyon_Dovizi/>
				<YurtDisi_Demuraj_Dovizi/>
				<YurtDisi_Royalti_Dovizi/>
				<YurtDisi_Faiz_Dovizi/>
				<YurtDisi_Diger_Dovizi/>
				<YurtDisi_Diger_Aciklama/>
				<Kalem_Islem_Niteligi>11</Kalem_Islem_Niteligi>
				<Giris_Cikis_Amaci/>
				<Giris_Cikis_Amaci_Aciklama/>
				<STM_IlKodu/>
				<EsyaGeriGelmeSebebi/>
				<EsyaGeriGelmeSebebiAciklamasi/>
				<SiparisTuru>9</SiparisTuru>
			</kalem>
		</Kalemler>
		<Sorular_cevaplar>
			<Soru_Cevap>
				<Kalem_no>0</Kalem_no>
				<Soru_no>7780</Soru_no>
				<Cevap>HAYIR</Cevap>
			</Soru_Cevap>
			<Soru_Cevap>
				<Kalem_no>1</Kalem_no>
				<Soru_no>5134</Soru_no>
				<Cevap>HAYIR</Cevap>
			</Soru_Cevap>
			<Soru_Cevap>
				<Kalem_no>1</Kalem_no>
				<Soru_no>4293</Soru_no>
				<Cevap>HAYIR</Cevap>
			</Soru_Cevap>
			<Soru_Cevap>
				<Kalem_no>1</Kalem_no>
				<Soru_no>4168</Soru_no>
				<Cevap>EVET</Cevap>
			</Soru_Cevap>
			<Soru_Cevap>
				<Kalem_no>1</Kalem_no>
				<Soru_no>5178</Soru_no>
				<Cevap>HAYIR</Cevap>
			</Soru_Cevap>
		</Sorular_cevaplar>
		<Dokumanlar>
			<Dokuman>
				<Kalem_no>1</Kalem_no>
				<Kod>1102</Kod>
				<Dogrulama>V</Dogrulama>
				<Belge_tarihi>14/02/2025</Belge_tarihi>
				<Referans>18170099282013015773484/1</Referans>
			</Dokuman>
			<Dokuman>
				<Kalem_no>1</Kalem_no>
				<Kod>0301</Kod>
				<Dogrulama>V</Dogrulama>
				<Belge_tarihi>03/02/2025</Belge_tarihi>
				<Referans>A 448517</Referans>
			</Dokuman>
			<Dokuman>
				<Kalem_no>1</Kalem_no>
				<Kod>0100</Kod>
				<Dogrulama>V</Dogrulama>
				<Belge_tarihi>03/02/2025</Belge_tarihi>
				<Referans>FA2502001</Referans>
			</Dokuman>
			<Dokuman>
				<Kalem_no>1</Kalem_no>
				<Kod>0102</Kod>
				<Dogrulama>V</Dogrulama>
				<Belge_tarihi>05/02/2025</Belge_tarihi>
				<Referans>117696222-3-000084</Referans>
			</Dokuman>
			<Dokuman>
				<Kalem_no>1</Kalem_no>
				<Kod>0873</Kod>
				<Dogrulama>V</Dogrulama>
				<Belge_tarihi>14/02/2025</Belge_tarihi>
				<Referans>18110099232013015773484/1</Referans>
			</Dokuman>
			<Dokuman>
				<Kalem_no>1</Kalem_no>
				<Kod>0200</Kod>
				<Dogrulama>V</Dogrulama>
				<Belge_tarihi>14/02/2025</Belge_tarihi>
				<Referans>25341300AN00020896</Referans>
			</Dokuman>
			<Dokuman>
				<Kalem_no>1</Kalem_no>
				<Kod>0902</Kod>
				<Dogrulama>V</Dogrulama>
				<Belge_tarihi>17/02/2025</Belge_tarihi>
				<Referans>10617541565699503532523/1</Referans>
			</Dokuman>
			<Dokuman>
				<Kalem_no>1</Kalem_no>
				<Kod>0935</Kod>
				<Dogrulama>V</Dogrulama>
				<Belge_tarihi>17/02/2025</Belge_tarihi>
				<Referans>11794819983716856553986/1</Referans>
			</Dokuman>
			<Dokuman>
				<Kalem_no>1</Kalem_no>
				<Kod>0887</Kod>
				<Dogrulama>V</Dogrulama>
				<Belge_tarihi>11/02/2025</Belge_tarihi>
				<Referans>25000000640887000019935/1</Referans>
			</Dokuman>
		</Dokumanlar>
		<Vergiler>
			<Vergi>
				<Kalem_no>1</Kalem_no>
				<Kod>10</Kod>
				<Miktar>0</Miktar>
				<Oran>0</Oran>
				<Odeme_sekli>P</Odeme_sekli>
				<Vergi_matrahi>1216837.83</Vergi_matrahi>
			</Vergi>
			<Vergi>
				<Kalem_no>1</Kalem_no>
				<Kod>40</Kod>
				<Miktar>244977.21</Miktar>
				<Oran>20</Oran>
				<Odeme_sekli>P</Odeme_sekli>
				<Vergi_matrahi>1224886.03</Vergi_matrahi>
			</Vergi>
			<Vergi>
				<Kalem_no>1</Kalem_no>
				<Kod>89</Kod>
				<Miktar>898.2</Miktar>
				<Oran>0</Oran>
				<Odeme_sekli>P</Odeme_sekli>
				<Vergi_matrahi>0</Vergi_matrahi>
			</Vergi>
		</Vergiler>
		<KiymetBildirim>
			<Kiymet>
				<TeslimSekli>DAP</TeslimSekli>
				<SozlesmeTarihiSayisi/>
				<FaturaTarihiSayisi>03.02.2025/FA2502001</FaturaTarihiSayisi>
				<GumrukIdaresiKarari/>
				<AliciSatici>YOK</AliciSatici>
				<AliciSaticiAyrintilar/>
				<Kisitlamalar>HAYIR</Kisitlamalar>
				<Edim>HAYIR</Edim>
				<KisitlamalarAyrintilar/>
				<Royalti>HAYIR</Royalti>
				<RoyaltiKosullar/>
				<SaticiyaIntikal>HAYIR</SaticiyaIntikal>
				<SaticiyaIntikalKosullar/>
				<SehirYer>İSTANBUL</SehirYer>
				<Taahutname>EVET</Taahutname>
				<KiymetKalemler>
					<KiymetKalem>
						<KiymetKalemNo>1</KiymetKalemNo>
						<BeyannameKalemNo>1</BeyannameKalemNo>
						<DolayliOdeme>0</DolayliOdeme>
						<Komisyon>0</Komisyon>
						<Tellaliye>0</Tellaliye>
						<KapAmbalajBedeli>0</KapAmbalajBedeli>
						<IthalaKatilanMalzeme>0</IthalaKatilanMalzeme>
						<IthalaUretimAraclar>0</IthalaUretimAraclar>
						<IthalaUretimTuketimMalzemesi>0</IthalaUretimTuketimMalzemesi>
						<PlanTaslak>0</PlanTaslak>
						<RoyaltiLisans>0</RoyaltiLisans>
						<DolayliIntikal>0</DolayliIntikal>
						<Nakliye>0</Nakliye>
						<Sigorta>946.7</Sigorta>
						<GirisSonrasiNakliye>0</GirisSonrasiNakliye>
						<TeknikYardim>0</TeknikYardim>
						<DigerOdemeler>0</DigerOdemeler>
						<DigerOdemelerNiteligi/>
						<VergiHarcFon>0</VergiHarcFon>
					</KiymetKalem>
				</KiymetKalemler>
			</Kiymet>
		</KiymetBildirim>
		<OdemeSekilleri>
			<OdemeSekli>
				<OdemeSekliKodu>2</OdemeSekliKodu>
				<OdemeTutari>32108.84</OdemeTutari>
			</OdemeSekli>
		</OdemeSekilleri>
		<mail1>ali.kilicarslan@kizilkaya.com.tr</mail1>
		<mail2>ali.kilicarslan@kizilkaya.com.tr</mail2>
		<mobil1>+905422312233</mobil1>
		<LimanKodu/>
		<FazlaMesaiID/>
		<OdeSaymanlikBilgi/>
	</BeyannameBilgi>
</Gelen>
