<?xml version="1.0" encoding="UTF-8"?>
<Gelen xmlns:xsi="http://www.w3.org/2001/XMLSchema-instance" xmlns:xsd="http://www.w3.org/2001/XMLSchema">
	<RefID>T25-02525</RefID>
	<KullaniciAdi>46450213454</KullaniciAdi>
	<Sifre>e9f0a004715c70367141c1cd2d391623</Sifre>
	<BeyannameBilgi xmlns="http://tempuri.org/">
		<Beyanname_no>25341300AN00032504</Beyanname_no>
		<Beyanname_Tarihi>05.03.2025</Beyanname_Tarihi>
		<Rejim>7100</Rejim>
		<GUMRUK>341300</GUMRUK>
		<Basitlestirilmis_usul/>
		<Yuk_belgeleri_sayisi>2</Yuk_belgeleri_sayisi>
		<Kap_adedi>4</Kap_adedi>
		<Ticaret_ulkesi>011</Ticaret_ulkesi>
		<Referans_no>2500339001-2500424901-2500339002/3001/5500008948-5500011810-550009144/SAKCAN</Referans_no>
		<Cikis_ulkesi>011</Cikis_ulkesi>
		<Gidecegi_ulke/>
		<Gidecegi_sevk_ulkesi>001</Gidecegi_sevk_ulkesi>
		<Cikistaki_aracin_tipi>4</Cikistaki_aracin_tipi>
		<Cikistaki_aracin_kimligi>34 EKH 158</Cikistaki_aracin_kimligi>
		<Cikistaki_aracin_ulkesi>052</Cikistaki_aracin_ulkesi>
		<Teslim_sekli>EXW</Teslim_sekli>
		<Teslim_yeri>İSPANYA</Teslim_yeri>
		<Konteyner>HAYIR</Konteyner>
		<Sinirdaki_aracin_tipi>3</Sinirdaki_aracin_tipi>
		<Sinirdaki_aracin_kimligi>34 EKH 158</Sinirdaki_aracin_kimligi>
		<Sinirdaki_aracin_ulkesi>052</Sinirdaki_aracin_ulkesi>
		<Toplam_fatura>25187.24</Toplam_fatura>
		<Toplam_fatura_dovizi>EUR</Toplam_fatura_dovizi>
		<Toplam_navlun>96541.43</Toplam_navlun>
		<Toplan_navlun_dovizi>TRY</Toplan_navlun_dovizi>
		<Sinirdaki_tasima_sekli>17</Sinirdaki_tasima_sekli>
		<Alici_satici_iliskisi>6</Alici_satici_iliskisi>
		<Toplam_sigorta>766.59</Toplam_sigorta>
		<Toplam_sigorta_dovizi>TRY</Toplam_sigorta_dovizi>
		<Yukleme_bosaltma_yeri>MURATBEY GÜMRÜK MÜDÜRLÜĞÜ</Yukleme_bosaltma_yeri>
		<Toplam_yurt_disi_harcamalar>0</Toplam_yurt_disi_harcamalar>
		<Toplam_yurt_disi_harcamalarin_dovizi>TRY</Toplam_yurt_disi_harcamalarin_dovizi>
		<Toplam_yurt_ici_harcamalar>4000</Toplam_yurt_ici_harcamalar>
		<Odeme_sekli>1</Odeme_sekli>
		<Banka_kodu>006401924034</Banka_kodu>
		<Esyanin_bulundugu_yer>A34000058 EVOLOG ANTREPO</Esyanin_bulundugu_yer>
		<Varis_gumruk_idaresi/>
		<Antrepo_kodu>A34000058</Antrepo_kodu>
		<Tasarlanan_guzergah/>
		<Telafi_edici_vergi>0</Telafi_edici_vergi>
		<Giris_gumruk_idaresi>161500</Giris_gumruk_idaresi>
		<Islemin_niteligi/>
		<Aciklamalar>VEKALET= KARTAL 12. NOTERLİĞİ 23.08.2024 - 29476  [AEO:1-Yetkilendirilmiş Yükümlü TR/AEOF/24340015/19.07.2024]**Gümrük yönetmeliğnin 564/3. maddesine istinaden   Kayıt No: 89941737 /13.10.2023***** ARDİYE FATURASI KDVLİDİR***  [FOB Kıymetin %10u Navlun Bedeli Olarak Alınmıştır.]</Aciklamalar>
		<Kullanici_kodu>46450213454</Kullanici_kodu>
		<Referans_tarihi/>
		<Odeme>PESIN</Odeme>
		<Odeme_araci>B</Odeme_araci>
		<Musavir_referansi>EVRT25-02525</Musavir_referansi>
		<Gonderici_vergi_no></Gonderici_vergi_no>
		<Alici_vergi_no>8140496162</Alici_vergi_no>
		<Beyan_sahibi_vergi_no>5610574424</Beyan_sahibi_vergi_no>
		<Musavir_vergi_no>8140496162</Musavir_vergi_no>
		<Firma_bilgi>
			<firma>
				<Tip>Gonderici</Tip>
				<Ulke_kodu>011</Ulke_kodu>
				<Kimlik_turu>YFKS</Kimlik_turu>
				<Faks>0</Faks>
				<No>20ES000484403/YFKS</No>
				<Adi_unvani>ORİBAY GROUP AUTOMOTİVE S.L</Adi_unvani>
				<Cadde_s_no>Portuetxe Bidea No 1820018 - San Sebastian GipuzkoaSPAIN</Cadde_s_no>
				<Telefon>0</Telefon>
			</firma>
		</Firma_bilgi>
		<Teminat>
			<Teminat>
				<Teminat_sekli>GTRANT-1</Teminat_sekli>
				<Teminat_orani>100</Teminat_orani>
				<Banka_mektubu_tutari>0</Banka_mektubu_tutari>
				<Nakdi_teminat_tutari>0</Nakdi_teminat_tutari>
				<Diger_tutar>0</Diger_tutar>
				<Global_teminat_no/>
				<Aciklama/>
				<Diger_tutar_referansi/>
			</Teminat>
		</Teminat>
		<Ozetbeyanlar>
			<Ozetbeyan>
				<ozbyacma_bilgi>
					<tasimasenetleri>
						<Tasima_senedi_no>4</Tasima_senedi_no>
						<tasimasatir_bilgi>
							<tasimasatirlari>
								<Tasima_satir_no>1</Tasima_satir_no>
								<Ambar_kodu>A0085</Ambar_kodu>
								<Acilacak_miktar>3</Acilacak_miktar>
							</tasimasatirlari>
						</tasimasatir_bilgi>
					</tasimasenetleri>
				</ozbyacma_bilgi>
				<Ozetbeyan_no>25FR425004287623L0</Ozetbeyan_no>
				<Ozetbeyan_islem_kapsami>3</Ozetbeyan_islem_kapsami>
				<Ambar_ici>HAYIR</Ambar_ici>
				<Baska_rejim>HAYIR</Baska_rejim>
				<Aciklama/>
			</Ozetbeyan>
			<Ozetbeyan>
				<ozbyacma_bilgi>
					<tasimasenetleri>
						<Tasima_senedi_no>5</Tasima_senedi_no>
						<tasimasatir_bilgi>
							<tasimasatirlari>
								<Tasima_satir_no>1</Tasima_satir_no>
								<Ambar_kodu>A0085</Ambar_kodu>
								<Acilacak_miktar>1</Acilacak_miktar>
							</tasimasatirlari>
						</tasimasatir_bilgi>
					</tasimasenetleri>
				</ozbyacma_bilgi>
				<Ozetbeyan_no>25FR425004287623L0</Ozetbeyan_no>
				<Ozetbeyan_islem_kapsami>3</Ozetbeyan_islem_kapsami>
				<Ambar_ici>HAYIR</Ambar_ici>
				<Baska_rejim>HAYIR</Baska_rejim>
				<Aciklama/>
			</Ozetbeyan>
		</Ozetbeyanlar>
		<Kalemler>
			<kalem>
				<OdemeSekilleri>
					<OdemeSekli>
						<OdemeSekliKodu>1</OdemeSekliKodu>
						<OdemeTutari>1550.55</OdemeTutari>
						<TBFID/>
					</OdemeSekli>
				</OdemeSekilleri>
				<Gtip>392630000000</Gtip>
				<Imalatci_firma_bilgisi>HAYIR</Imalatci_firma_bilgisi>
				<Kalem_sira_no>1</Kalem_sira_no>
				<Mensei_ulke>011</Mensei_ulke>
				<Brut_agirlik>38.5</Brut_agirlik>
				<Net_agirlik>32.33</Net_agirlik>
				<Tamamlayici_olcu_birimi>C62</Tamamlayici_olcu_birimi>
				<Istatistiki_miktar>1080</Istatistiki_miktar>
				<Uluslararasi_anlasma>AT</Uluslararasi_anlasma>
				<Algilama_birimi_1/>
				<Algilama_miktari_1>0</Algilama_miktari_1>
				<Algilama_birimi_2/>
				<Algilama_miktari_2>0</Algilama_miktari_2>
				<Muafiyetler_1>NKIST</Muafiyetler_1>
				<Muafiyetler_2/>
				<Muafiyetler_3/>
				<Muafiyetler_4/>
				<Muafiyetler_5/>
				<Algilama_birimi_3/>
				<Algilama_miktari_3>0</Algilama_miktari_3>
				<Ek_kod/>
				<Ozellik>01</Ozellik>
				<Fatura_miktari>1550.55</Fatura_miktari>
				<Fatura_miktarinin_dovizi>EUR</Fatura_miktarinin_dovizi>
				<Sinir_gecis_ucreti>0</Sinir_gecis_ucreti>
				<Navlun_miktari>5918.54</Navlun_miktari>
				<Navlun_miktarinin_dovizi>TRY</Navlun_miktarinin_dovizi>
				<Istatistiki_kiymet>1793.35</Istatistiki_kiymet>
				<Sigorta_miktari>47.19</Sigorta_miktari>
				<Sigorta_miktarinin_dovizi>TRY</Sigorta_miktarinin_dovizi>
				<Yurt_ici_harcamalar>246.24</Yurt_ici_harcamalar>
				<Tarifedeki_tanimi/>
				<Ticari_tanimi>KAMERA BRAKETİ</Ticari_tanimi>
				<Marka>ADDR</Marka>
				<Numara>-</Numara>
				<Cinsi>BI</Cinsi>
				<Adedi>4</Adedi>
				<Miktar_birimi>C62</Miktar_birimi>
				<Mahrece_iade/>
				<Ikincil_islem/>
				<Satir_no/>
				<Miktar>1080</Miktar>
				<Kdv_orani/>
				<Kullanilmis_esya/>
				<Aciklama_44/>
				<Imalatci_Vergino/>
				<Yurtici_Diger>246.24</Yurtici_Diger>
				<Yurtici_Banka>0</Yurtici_Banka>
				<Yurtici_Depolama>0</Yurtici_Depolama>
				<Yurtici_Tahliye>0</Yurtici_Tahliye>
				<Yurtici_Liman>0</Yurtici_Liman>
				<Yurtici_Kultur>0</Yurtici_Kultur>
				<Yurtici_Kkdf>0</Yurtici_Kkdf>
				<KDV_Iceren_Yurtici_Giderler_Toplami>0</KDV_Iceren_Yurtici_Giderler_Toplami>
				<Yurtici_Cevre>0</Yurtici_Cevre>
				<Yurtici_Diger_Aciklama>Y.İÇİ</Yurtici_Diger_Aciklama>
				<Muafiyet_Aciklamasi/>
				<Referans_Tarihi/>
				<YurtDisi_Komisyon>0</YurtDisi_Komisyon>
				<YurtDisi_Demuraj>0</YurtDisi_Demuraj>
				<YurtDisi_Royalti>0</YurtDisi_Royalti>
				<YurtDisi_Faiz>0</YurtDisi_Faiz>
				<YurtDisi_Diger>0</YurtDisi_Diger>
				<YurtDisi_Komisyon_Dovizi/>
				<YurtDisi_Demuraj_Dovizi/>
				<YurtDisi_Royalti_Dovizi/>
				<YurtDisi_Faiz_Dovizi/>
				<YurtDisi_Diger_Dovizi/>
				<YurtDisi_Diger_Aciklama/>
				<Kalem_Islem_Niteligi>11</Kalem_Islem_Niteligi>
				<Giris_Cikis_Amaci/>
				<Giris_Cikis_Amaci_Aciklama/>
				<STM_IlKodu/>
				<EsyaGeriGelmeSebebi/>
				<EsyaGeriGelmeSebebiAciklamasi/>
				<SiparisTuru>9</SiparisTuru>
			</kalem>
			<kalem>
				<OdemeSekilleri>
					<OdemeSekli>
						<OdemeSekliKodu>1</OdemeSekliKodu>
						<OdemeTutari>2816.17</OdemeTutari>
						<TBFID/>
					</OdemeSekli>
				</OdemeSekilleri>
				<Gtip>853669900018</Gtip>
				<Imalatci_firma_bilgisi>HAYIR</Imalatci_firma_bilgisi>
				<Kalem_sira_no>2</Kalem_sira_no>
				<Mensei_ulke>011</Mensei_ulke>
				<Brut_agirlik>70.24</Brut_agirlik>
				<Net_agirlik>58.71</Net_agirlik>
				<Tamamlayici_olcu_birimi>C62</Tamamlayici_olcu_birimi>
				<Istatistiki_miktar>1700</Istatistiki_miktar>
				<Uluslararasi_anlasma>AT</Uluslararasi_anlasma>
				<Algilama_birimi_1/>
				<Algilama_miktari_1>0</Algilama_miktari_1>
				<Algilama_birimi_2/>
				<Algilama_miktari_2>0</Algilama_miktari_2>
				<Muafiyetler_1>NKIST</Muafiyetler_1>
				<Muafiyetler_2/>
				<Muafiyetler_3/>
				<Muafiyetler_4/>
				<Muafiyetler_5/>
				<Algilama_birimi_3/>
				<Algilama_miktari_3>0</Algilama_miktari_3>
				<Ek_kod/>
				<Ozellik>01</Ozellik>
				<Fatura_miktari>2816.17</Fatura_miktari>
				<Fatura_miktarinin_dovizi>EUR</Fatura_miktarinin_dovizi>
				<Sinir_gecis_ucreti>0</Sinir_gecis_ucreti>
				<Navlun_miktari>10797.88</Navlun_miktari>
				<Navlun_miktarinin_dovizi>TRY</Navlun_miktarinin_dovizi>
				<Istatistiki_kiymet>3258.48</Istatistiki_kiymet>
				<Sigorta_miktari>85.71</Sigorta_miktari>
				<Sigorta_miktarinin_dovizi>TRY</Sigorta_miktarinin_dovizi>
				<Yurt_ici_harcamalar>447.24</Yurt_ici_harcamalar>
				<Tarifedeki_tanimi/>
				<Ticari_tanimi>KONNEKTÖR ( MOTORLU KARA TAŞITLARINDA KULLANILANLARDANDIR )</Ticari_tanimi>
				<Marka>ADDR</Marka>
				<Numara>-</Numara>
				<Cinsi>BI</Cinsi>
				<Adedi>4</Adedi>
				<Miktar_birimi>C62</Miktar_birimi>
				<Mahrece_iade/>
				<Ikincil_islem/>
				<Satir_no/>
				<Miktar>1700</Miktar>
				<Kdv_orani/>
				<Kullanilmis_esya/>
				<Aciklama_44/>
				<Imalatci_Vergino/>
				<Yurtici_Diger>447.24</Yurtici_Diger>
				<Yurtici_Banka>0</Yurtici_Banka>
				<Yurtici_Depolama>0</Yurtici_Depolama>
				<Yurtici_Tahliye>0</Yurtici_Tahliye>
				<Yurtici_Liman>0</Yurtici_Liman>
				<Yurtici_Kultur>0</Yurtici_Kultur>
				<Yurtici_Kkdf>0</Yurtici_Kkdf>
				<KDV_Iceren_Yurtici_Giderler_Toplami>0</KDV_Iceren_Yurtici_Giderler_Toplami>
				<Yurtici_Cevre>0</Yurtici_Cevre>
				<Yurtici_Diger_Aciklama>Y.İÇİ</Yurtici_Diger_Aciklama>
				<Muafiyet_Aciklamasi/>
				<Referans_Tarihi/>
				<YurtDisi_Komisyon>0</YurtDisi_Komisyon>
				<YurtDisi_Demuraj>0</YurtDisi_Demuraj>
				<YurtDisi_Royalti>0</YurtDisi_Royalti>
				<YurtDisi_Faiz>0</YurtDisi_Faiz>
				<YurtDisi_Diger>0</YurtDisi_Diger>
				<YurtDisi_Komisyon_Dovizi/>
				<YurtDisi_Demuraj_Dovizi/>
				<YurtDisi_Royalti_Dovizi/>
				<YurtDisi_Faiz_Dovizi/>
				<YurtDisi_Diger_Dovizi/>
				<YurtDisi_Diger_Aciklama/>
				<Kalem_Islem_Niteligi>11</Kalem_Islem_Niteligi>
				<Giris_Cikis_Amaci/>
				<Giris_Cikis_Amaci_Aciklama/>
				<STM_IlKodu/>
				<EsyaGeriGelmeSebebi/>
				<EsyaGeriGelmeSebebiAciklamasi/>
				<SiparisTuru>9</SiparisTuru>
			</kalem>
			<kalem>
				<OdemeSekilleri>
					<OdemeSekli>
						<OdemeSekliKodu>1</OdemeSekliKodu>
						<OdemeTutari>3614.33</OdemeTutari>
						<TBFID/>
					</OdemeSekli>
				</OdemeSekilleri>
				<Gtip>851240000012</Gtip>
				<Imalatci_firma_bilgisi>HAYIR</Imalatci_firma_bilgisi>
				<Kalem_sira_no>3</Kalem_sira_no>
				<Mensei_ulke>011</Mensei_ulke>
				<Brut_agirlik>90.14</Brut_agirlik>
				<Net_agirlik>75.35</Net_agirlik>
				<Tamamlayici_olcu_birimi>C62</Tamamlayici_olcu_birimi>
				<Istatistiki_miktar>1200</Istatistiki_miktar>
				<Uluslararasi_anlasma>AT</Uluslararasi_anlasma>
				<Algilama_birimi_1/>
				<Algilama_miktari_1>0</Algilama_miktari_1>
				<Algilama_birimi_2/>
				<Algilama_miktari_2>0</Algilama_miktari_2>
				<Muafiyetler_1/>
				<Muafiyetler_2/>
				<Muafiyetler_3/>
				<Muafiyetler_4/>
				<Muafiyetler_5/>
				<Algilama_birimi_3/>
				<Algilama_miktari_3>0</Algilama_miktari_3>
				<Ek_kod/>
				<Ozellik>01</Ozellik>
				<Fatura_miktari>3614.33</Fatura_miktari>
				<Fatura_miktarinin_dovizi>EUR</Fatura_miktarinin_dovizi>
				<Sinir_gecis_ucreti>0</Sinir_gecis_ucreti>
				<Navlun_miktari>13857.08</Navlun_miktari>
				<Navlun_miktarinin_dovizi>TRY</Navlun_miktarinin_dovizi>
				<Istatistiki_kiymet>4181.97</Istatistiki_kiymet>
				<Sigorta_miktari>110</Sigorta_miktari>
				<Sigorta_miktarinin_dovizi>TRY</Sigorta_miktarinin_dovizi>
				<Yurt_ici_harcamalar>573.99</Yurt_ici_harcamalar>
				<Tarifedeki_tanimi/>
				<Ticari_tanimi>ARAÇLAR İÇİN BUĞLANMAYI ÖNLEYİCİ KAMERA ISITMA PEDİ</Ticari_tanimi>
				<Marka>ADDR</Marka>
				<Numara>-</Numara>
				<Cinsi>BI</Cinsi>
				<Adedi>4</Adedi>
				<Miktar_birimi>C62</Miktar_birimi>
				<Mahrece_iade/>
				<Ikincil_islem/>
				<Satir_no/>
				<Miktar>1200</Miktar>
				<Kdv_orani/>
				<Kullanilmis_esya/>
				<Aciklama_44/>
				<Imalatci_Vergino/>
				<Yurtici_Diger>573.99</Yurtici_Diger>
				<Yurtici_Banka>0</Yurtici_Banka>
				<Yurtici_Depolama>0</Yurtici_Depolama>
				<Yurtici_Tahliye>0</Yurtici_Tahliye>
				<Yurtici_Liman>0</Yurtici_Liman>
				<Yurtici_Kultur>0</Yurtici_Kultur>
				<Yurtici_Kkdf>0</Yurtici_Kkdf>
				<KDV_Iceren_Yurtici_Giderler_Toplami>0</KDV_Iceren_Yurtici_Giderler_Toplami>
				<Yurtici_Cevre>0</Yurtici_Cevre>
				<Yurtici_Diger_Aciklama>Y.İÇİ</Yurtici_Diger_Aciklama>
				<Muafiyet_Aciklamasi/>
				<Referans_Tarihi/>
				<YurtDisi_Komisyon>0</YurtDisi_Komisyon>
				<YurtDisi_Demuraj>0</YurtDisi_Demuraj>
				<YurtDisi_Royalti>0</YurtDisi_Royalti>
				<YurtDisi_Faiz>0</YurtDisi_Faiz>
				<YurtDisi_Diger>0</YurtDisi_Diger>
				<YurtDisi_Komisyon_Dovizi/>
				<YurtDisi_Demuraj_Dovizi/>
				<YurtDisi_Royalti_Dovizi/>
				<YurtDisi_Faiz_Dovizi/>
				<YurtDisi_Diger_Dovizi/>
				<YurtDisi_Diger_Aciklama/>
				<Kalem_Islem_Niteligi>11</Kalem_Islem_Niteligi>
				<Giris_Cikis_Amaci/>
				<Giris_Cikis_Amaci_Aciklama/>
				<STM_IlKodu/>
				<EsyaGeriGelmeSebebi/>
				<EsyaGeriGelmeSebebiAciklamasi/>
				<SiparisTuru>9</SiparisTuru>
			</kalem>
			<kalem>
				<OdemeSekilleri>
					<OdemeSekli>
						<OdemeSekliKodu>1</OdemeSekliKodu>
						<OdemeTutari>1606.37</OdemeTutari>
						<TBFID/>
					</OdemeSekli>
				</OdemeSekilleri>
				<Gtip>851240000012</Gtip>
				<Imalatci_firma_bilgisi>HAYIR</Imalatci_firma_bilgisi>
				<Kalem_sira_no>4</Kalem_sira_no>
				<Mensei_ulke>011</Mensei_ulke>
				<Brut_agirlik>40.06</Brut_agirlik>
				<Net_agirlik>33.49</Net_agirlik>
				<Tamamlayici_olcu_birimi>C62</Tamamlayici_olcu_birimi>
				<Istatistiki_miktar>500</Istatistiki_miktar>
				<Uluslararasi_anlasma>AT</Uluslararasi_anlasma>
				<Algilama_birimi_1/>
				<Algilama_miktari_1>0</Algilama_miktari_1>
				<Algilama_birimi_2/>
				<Algilama_miktari_2>0</Algilama_miktari_2>
				<Muafiyetler_1/>
				<Muafiyetler_2/>
				<Muafiyetler_3/>
				<Muafiyetler_4/>
				<Muafiyetler_5/>
				<Algilama_birimi_3/>
				<Algilama_miktari_3>0</Algilama_miktari_3>
				<Ek_kod/>
				<Ozellik>01</Ozellik>
				<Fatura_miktari>1606.37</Fatura_miktari>
				<Fatura_miktarinin_dovizi>EUR</Fatura_miktarinin_dovizi>
				<Sinir_gecis_ucreti>0</Sinir_gecis_ucreti>
				<Navlun_miktari>6158.36</Navlun_miktari>
				<Navlun_miktarinin_dovizi>TRY</Navlun_miktarinin_dovizi>
				<Istatistiki_kiymet>1858.64</Istatistiki_kiymet>
				<Sigorta_miktari>48.89</Sigorta_miktari>
				<Sigorta_miktarinin_dovizi>TRY</Sigorta_miktarinin_dovizi>
				<Yurt_ici_harcamalar>255.11</Yurt_ici_harcamalar>
				<Tarifedeki_tanimi/>
				<Ticari_tanimi>KAMERA ISITMA PEDİ</Ticari_tanimi>
				<Marka>ADDR</Marka>
				<Numara>-</Numara>
				<Cinsi>BI</Cinsi>
				<Adedi>4</Adedi>
				<Miktar_birimi>C62</Miktar_birimi>
				<Mahrece_iade/>
				<Ikincil_islem/>
				<Satir_no/>
				<Miktar>500</Miktar>
				<Kdv_orani/>
				<Kullanilmis_esya/>
				<Aciklama_44/>
				<Imalatci_Vergino/>
				<Yurtici_Diger>255.11</Yurtici_Diger>
				<Yurtici_Banka>0</Yurtici_Banka>
				<Yurtici_Depolama>0</Yurtici_Depolama>
				<Yurtici_Tahliye>0</Yurtici_Tahliye>
				<Yurtici_Liman>0</Yurtici_Liman>
				<Yurtici_Kultur>0</Yurtici_Kultur>
				<Yurtici_Kkdf>0</Yurtici_Kkdf>
				<KDV_Iceren_Yurtici_Giderler_Toplami>0</KDV_Iceren_Yurtici_Giderler_Toplami>
				<Yurtici_Cevre>0</Yurtici_Cevre>
				<Yurtici_Diger_Aciklama>Y.İÇİ</Yurtici_Diger_Aciklama>
				<Muafiyet_Aciklamasi/>
				<Referans_Tarihi/>
				<YurtDisi_Komisyon>0</YurtDisi_Komisyon>
				<YurtDisi_Demuraj>0</YurtDisi_Demuraj>
				<YurtDisi_Royalti>0</YurtDisi_Royalti>
				<YurtDisi_Faiz>0</YurtDisi_Faiz>
				<YurtDisi_Diger>0</YurtDisi_Diger>
				<YurtDisi_Komisyon_Dovizi/>
				<YurtDisi_Demuraj_Dovizi/>
				<YurtDisi_Royalti_Dovizi/>
				<YurtDisi_Faiz_Dovizi/>
				<YurtDisi_Diger_Dovizi/>
				<YurtDisi_Diger_Aciklama/>
				<Kalem_Islem_Niteligi>11</Kalem_Islem_Niteligi>
				<Giris_Cikis_Amaci/>
				<Giris_Cikis_Amaci_Aciklama/>
				<STM_IlKodu/>
				<EsyaGeriGelmeSebebi/>
				<EsyaGeriGelmeSebebiAciklamasi/>
				<SiparisTuru>9</SiparisTuru>
			</kalem>
			<kalem>
				<OdemeSekilleri>
					<OdemeSekli>
						<OdemeSekliKodu>1</OdemeSekliKodu>
						<OdemeTutari>2575.21</OdemeTutari>
						<TBFID/>
					</OdemeSekli>
				</OdemeSekilleri>
				<Gtip>392690979018</Gtip>
				<Imalatci_firma_bilgisi>HAYIR</Imalatci_firma_bilgisi>
				<Kalem_sira_no>5</Kalem_sira_no>
				<Mensei_ulke>011</Mensei_ulke>
				<Brut_agirlik>64.23</Brut_agirlik>
				<Net_agirlik>53.69</Net_agirlik>
				<Tamamlayici_olcu_birimi>C62</Tamamlayici_olcu_birimi>
				<Istatistiki_miktar>900</Istatistiki_miktar>
				<Uluslararasi_anlasma>AT</Uluslararasi_anlasma>
				<Algilama_birimi_1/>
				<Algilama_miktari_1>0</Algilama_miktari_1>
				<Algilama_birimi_2/>
				<Algilama_miktari_2>0</Algilama_miktari_2>
				<Muafiyetler_1>NKIST</Muafiyetler_1>
				<Muafiyetler_2/>
				<Muafiyetler_3/>
				<Muafiyetler_4/>
				<Muafiyetler_5/>
				<Algilama_birimi_3/>
				<Algilama_miktari_3>0</Algilama_miktari_3>
				<Ek_kod/>
				<Ozellik>01</Ozellik>
				<Fatura_miktari>2575.21</Fatura_miktari>
				<Fatura_miktarinin_dovizi>EUR</Fatura_miktarinin_dovizi>
				<Sinir_gecis_ucreti>0</Sinir_gecis_ucreti>
				<Navlun_miktari>9873.97</Navlun_miktari>
				<Navlun_miktarinin_dovizi>TRY</Navlun_miktarinin_dovizi>
				<Istatistiki_kiymet>2979.67</Istatistiki_kiymet>
				<Sigorta_miktari>78.38</Sigorta_miktari>
				<Sigorta_miktarinin_dovizi>TRY</Sigorta_miktarinin_dovizi>
				<Yurt_ici_harcamalar>408.97</Yurt_ici_harcamalar>
				<Tarifedeki_tanimi/>
				<Ticari_tanimi>PLASTİK BRAKET</Ticari_tanimi>
				<Marka>ADDR</Marka>
				<Numara>-</Numara>
				<Cinsi>BI</Cinsi>
				<Adedi>4</Adedi>
				<Miktar_birimi>C62</Miktar_birimi>
				<Mahrece_iade/>
				<Ikincil_islem/>
				<Satir_no/>
				<Miktar>900</Miktar>
				<Kdv_orani>KDV18</Kdv_orani>
				<Kullanilmis_esya/>
				<Aciklama_44>*DTS 2025/05 EK1/B ,2025/05 EK2 tebliği kapsamı eşya değildir. Damping 2020/20, 2021/24 tebliği kapsamı eşya değildir. Ürün güvenliği denetimi 2025/11, 2025/12, 2025/17 tebliği kapsamı eşya değildir. Gözetim 2008/07 , 2024/01 gözetim tebliği kapsamı eşya değildir.*</Aciklama_44>
				<Imalatci_Vergino/>
				<Yurtici_Diger>408.97</Yurtici_Diger>
				<Yurtici_Banka>0</Yurtici_Banka>
				<Yurtici_Depolama>0</Yurtici_Depolama>
				<Yurtici_Tahliye>0</Yurtici_Tahliye>
				<Yurtici_Liman>0</Yurtici_Liman>
				<Yurtici_Kultur>0</Yurtici_Kultur>
				<Yurtici_Kkdf>0</Yurtici_Kkdf>
				<KDV_Iceren_Yurtici_Giderler_Toplami>0</KDV_Iceren_Yurtici_Giderler_Toplami>
				<Yurtici_Cevre>0</Yurtici_Cevre>
				<Yurtici_Diger_Aciklama>Y.İÇİ</Yurtici_Diger_Aciklama>
				<Muafiyet_Aciklamasi/>
				<Referans_Tarihi/>
				<YurtDisi_Komisyon>0</YurtDisi_Komisyon>
				<YurtDisi_Demuraj>0</YurtDisi_Demuraj>
				<YurtDisi_Royalti>0</YurtDisi_Royalti>
				<YurtDisi_Faiz>0</YurtDisi_Faiz>
				<YurtDisi_Diger>0</YurtDisi_Diger>
				<YurtDisi_Komisyon_Dovizi/>
				<YurtDisi_Demuraj_Dovizi/>
				<YurtDisi_Royalti_Dovizi/>
				<YurtDisi_Faiz_Dovizi/>
				<YurtDisi_Diger_Dovizi/>
				<YurtDisi_Diger_Aciklama/>
				<Kalem_Islem_Niteligi>11</Kalem_Islem_Niteligi>
				<Giris_Cikis_Amaci/>
				<Giris_Cikis_Amaci_Aciklama/>
				<STM_IlKodu/>
				<EsyaGeriGelmeSebebi/>
				<EsyaGeriGelmeSebebiAciklamasi/>
				<SiparisTuru>9</SiparisTuru>
			</kalem>
			<kalem>
				<OdemeSekilleri>
					<OdemeSekli>
						<OdemeSekliKodu>1</OdemeSekliKodu>
						<OdemeTutari>1114.42</OdemeTutari>
						<TBFID/>
					</OdemeSekli>
				</OdemeSekilleri>
				<Gtip>392630000000</Gtip>
				<Imalatci_firma_bilgisi>HAYIR</Imalatci_firma_bilgisi>
				<Kalem_sira_no>6</Kalem_sira_no>
				<Mensei_ulke>011</Mensei_ulke>
				<Brut_agirlik>27.79</Brut_agirlik>
				<Net_agirlik>23.23</Net_agirlik>
				<Tamamlayici_olcu_birimi>C62</Tamamlayici_olcu_birimi>
				<Istatistiki_miktar>600</Istatistiki_miktar>
				<Uluslararasi_anlasma>AT</Uluslararasi_anlasma>
				<Algilama_birimi_1/>
				<Algilama_miktari_1>0</Algilama_miktari_1>
				<Algilama_birimi_2/>
				<Algilama_miktari_2>0</Algilama_miktari_2>
				<Muafiyetler_1>NKIST</Muafiyetler_1>
				<Muafiyetler_2/>
				<Muafiyetler_3/>
				<Muafiyetler_4/>
				<Muafiyetler_5/>
				<Algilama_birimi_3/>
				<Algilama_miktari_3>0</Algilama_miktari_3>
				<Ek_kod/>
				<Ozellik>01</Ozellik>
				<Fatura_miktari>1114.42</Fatura_miktari>
				<Fatura_miktarinin_dovizi>EUR</Fatura_miktarinin_dovizi>
				<Sinir_gecis_ucreti>0</Sinir_gecis_ucreti>
				<Navlun_miktari>4272.11</Navlun_miktari>
				<Navlun_miktarinin_dovizi>TRY</Navlun_miktarinin_dovizi>
				<Istatistiki_kiymet>1289.43</Istatistiki_kiymet>
				<Sigorta_miktari>33.92</Sigorta_miktari>
				<Sigorta_miktarinin_dovizi>TRY</Sigorta_miktarinin_dovizi>
				<Yurt_ici_harcamalar>176.98</Yurt_ici_harcamalar>
				<Tarifedeki_tanimi/>
				<Ticari_tanimi>YAĞMUR SENSÖR BRAKETİ</Ticari_tanimi>
				<Marka>ADDR</Marka>
				<Numara>-</Numara>
				<Cinsi>BI</Cinsi>
				<Adedi>4</Adedi>
				<Miktar_birimi>C62</Miktar_birimi>
				<Mahrece_iade/>
				<Ikincil_islem/>
				<Satir_no/>
				<Miktar>600</Miktar>
				<Kdv_orani/>
				<Kullanilmis_esya/>
				<Aciklama_44/>
				<Imalatci_Vergino/>
				<Yurtici_Diger>176.98</Yurtici_Diger>
				<Yurtici_Banka>0</Yurtici_Banka>
				<Yurtici_Depolama>0</Yurtici_Depolama>
				<Yurtici_Tahliye>0</Yurtici_Tahliye>
				<Yurtici_Liman>0</Yurtici_Liman>
				<Yurtici_Kultur>0</Yurtici_Kultur>
				<Yurtici_Kkdf>0</Yurtici_Kkdf>
				<KDV_Iceren_Yurtici_Giderler_Toplami>0</KDV_Iceren_Yurtici_Giderler_Toplami>
				<Yurtici_Cevre>0</Yurtici_Cevre>
				<Yurtici_Diger_Aciklama>Y.İÇİ</Yurtici_Diger_Aciklama>
				<Muafiyet_Aciklamasi/>
				<Referans_Tarihi/>
				<YurtDisi_Komisyon>0</YurtDisi_Komisyon>
				<YurtDisi_Demuraj>0</YurtDisi_Demuraj>
				<YurtDisi_Royalti>0</YurtDisi_Royalti>
				<YurtDisi_Faiz>0</YurtDisi_Faiz>
				<YurtDisi_Diger>0</YurtDisi_Diger>
				<YurtDisi_Komisyon_Dovizi/>
				<YurtDisi_Demuraj_Dovizi/>
				<YurtDisi_Royalti_Dovizi/>
				<YurtDisi_Faiz_Dovizi/>
				<YurtDisi_Diger_Dovizi/>
				<YurtDisi_Diger_Aciklama/>
				<Kalem_Islem_Niteligi>11</Kalem_Islem_Niteligi>
				<Giris_Cikis_Amaci/>
				<Giris_Cikis_Amaci_Aciklama/>
				<STM_IlKodu/>
				<EsyaGeriGelmeSebebi/>
				<EsyaGeriGelmeSebebiAciklamasi/>
				<SiparisTuru>9</SiparisTuru>
			</kalem>
			<kalem>
				<OdemeSekilleri>
					<OdemeSekli>
						<OdemeSekliKodu>1</OdemeSekliKodu>
						<OdemeTutari>716.84</OdemeTutari>
						<TBFID/>
					</OdemeSekli>
				</OdemeSekilleri>
				<Gtip>392630000000</Gtip>
				<Imalatci_firma_bilgisi>HAYIR</Imalatci_firma_bilgisi>
				<Kalem_sira_no>7</Kalem_sira_no>
				<Mensei_ulke>011</Mensei_ulke>
				<Brut_agirlik>17.88</Brut_agirlik>
				<Net_agirlik>14.94</Net_agirlik>
				<Tamamlayici_olcu_birimi>C62</Tamamlayici_olcu_birimi>
				<Istatistiki_miktar>600</Istatistiki_miktar>
				<Uluslararasi_anlasma>AT</Uluslararasi_anlasma>
				<Algilama_birimi_1/>
				<Algilama_miktari_1>0</Algilama_miktari_1>
				<Algilama_birimi_2/>
				<Algilama_miktari_2>0</Algilama_miktari_2>
				<Muafiyetler_1>NKIST</Muafiyetler_1>
				<Muafiyetler_2/>
				<Muafiyetler_3/>
				<Muafiyetler_4/>
				<Muafiyetler_5/>
				<Algilama_birimi_3/>
				<Algilama_miktari_3>0</Algilama_miktari_3>
				<Ek_kod/>
				<Ozellik>01</Ozellik>
				<Fatura_miktari>716.84</Fatura_miktari>
				<Fatura_miktarinin_dovizi>EUR</Fatura_miktarinin_dovizi>
				<Sinir_gecis_ucreti>0</Sinir_gecis_ucreti>
				<Navlun_miktari>2748.66</Navlun_miktari>
				<Navlun_miktarinin_dovizi>TRY</Navlun_miktarinin_dovizi>
				<Istatistiki_kiymet>829.43</Istatistiki_kiymet>
				<Sigorta_miktari>21.82</Sigorta_miktari>
				<Sigorta_miktarinin_dovizi>TRY</Sigorta_miktarinin_dovizi>
				<Yurt_ici_harcamalar>113.84</Yurt_ici_harcamalar>
				<Tarifedeki_tanimi/>
				<Ticari_tanimi>YAĞMUR SENSÖR BRAKETİ</Ticari_tanimi>
				<Marka>ADDR</Marka>
				<Numara>-</Numara>
				<Cinsi>BI</Cinsi>
				<Adedi>4</Adedi>
				<Miktar_birimi>C62</Miktar_birimi>
				<Mahrece_iade/>
				<Ikincil_islem/>
				<Satir_no/>
				<Miktar>600</Miktar>
				<Kdv_orani/>
				<Kullanilmis_esya/>
				<Aciklama_44/>
				<Imalatci_Vergino/>
				<Yurtici_Diger>113.84</Yurtici_Diger>
				<Yurtici_Banka>0</Yurtici_Banka>
				<Yurtici_Depolama>0</Yurtici_Depolama>
				<Yurtici_Tahliye>0</Yurtici_Tahliye>
				<Yurtici_Liman>0</Yurtici_Liman>
				<Yurtici_Kultur>0</Yurtici_Kultur>
				<Yurtici_Kkdf>0</Yurtici_Kkdf>
				<KDV_Iceren_Yurtici_Giderler_Toplami>0</KDV_Iceren_Yurtici_Giderler_Toplami>
				<Yurtici_Cevre>0</Yurtici_Cevre>
				<Yurtici_Diger_Aciklama>Y.İÇİ</Yurtici_Diger_Aciklama>
				<Muafiyet_Aciklamasi/>
				<Referans_Tarihi/>
				<YurtDisi_Komisyon>0</YurtDisi_Komisyon>
				<YurtDisi_Demuraj>0</YurtDisi_Demuraj>
				<YurtDisi_Royalti>0</YurtDisi_Royalti>
				<YurtDisi_Faiz>0</YurtDisi_Faiz>
				<YurtDisi_Diger>0</YurtDisi_Diger>
				<YurtDisi_Komisyon_Dovizi/>
				<YurtDisi_Demuraj_Dovizi/>
				<YurtDisi_Royalti_Dovizi/>
				<YurtDisi_Faiz_Dovizi/>
				<YurtDisi_Diger_Dovizi/>
				<YurtDisi_Diger_Aciklama/>
				<Kalem_Islem_Niteligi>11</Kalem_Islem_Niteligi>
				<Giris_Cikis_Amaci/>
				<Giris_Cikis_Amaci_Aciklama/>
				<STM_IlKodu/>
				<EsyaGeriGelmeSebebi/>
				<EsyaGeriGelmeSebebiAciklamasi/>
				<SiparisTuru>9</SiparisTuru>
			</kalem>
			<kalem>
				<OdemeSekilleri>
					<OdemeSekli>
						<OdemeSekliKodu>1</OdemeSekliKodu>
						<OdemeTutari>793.55</OdemeTutari>
						<TBFID/>
					</OdemeSekli>
				</OdemeSekilleri>
				<Gtip>392630000000</Gtip>
				<Imalatci_firma_bilgisi>HAYIR</Imalatci_firma_bilgisi>
				<Kalem_sira_no>8</Kalem_sira_no>
				<Mensei_ulke>011</Mensei_ulke>
				<Brut_agirlik>19.79</Brut_agirlik>
				<Net_agirlik>16.54</Net_agirlik>
				<Tamamlayici_olcu_birimi>C62</Tamamlayici_olcu_birimi>
				<Istatistiki_miktar>320</Istatistiki_miktar>
				<Uluslararasi_anlasma>AT</Uluslararasi_anlasma>
				<Algilama_birimi_1/>
				<Algilama_miktari_1>0</Algilama_miktari_1>
				<Algilama_birimi_2/>
				<Algilama_miktari_2>0</Algilama_miktari_2>
				<Muafiyetler_1>NKIST</Muafiyetler_1>
				<Muafiyetler_2/>
				<Muafiyetler_3/>
				<Muafiyetler_4/>
				<Muafiyetler_5/>
				<Algilama_birimi_3/>
				<Algilama_miktari_3>0</Algilama_miktari_3>
				<Ek_kod/>
				<Ozellik>01</Ozellik>
				<Fatura_miktari>793.55</Fatura_miktari>
				<Fatura_miktarinin_dovizi>EUR</Fatura_miktarinin_dovizi>
				<Sinir_gecis_ucreti>0</Sinir_gecis_ucreti>
				<Navlun_miktari>3042.28</Navlun_miktari>
				<Navlun_miktarinin_dovizi>TRY</Navlun_miktarinin_dovizi>
				<Istatistiki_kiymet>918.18</Istatistiki_kiymet>
				<Sigorta_miktari>24.15</Sigorta_miktari>
				<Sigorta_miktarinin_dovizi>TRY</Sigorta_miktarinin_dovizi>
				<Yurt_ici_harcamalar>126.02</Yurt_ici_harcamalar>
				<Tarifedeki_tanimi/>
				<Ticari_tanimi>KAMERA BRAKETİ</Ticari_tanimi>
				<Marka>ADDR</Marka>
				<Numara>-</Numara>
				<Cinsi>BI</Cinsi>
				<Adedi>4</Adedi>
				<Miktar_birimi>C62</Miktar_birimi>
				<Mahrece_iade/>
				<Ikincil_islem/>
				<Satir_no/>
				<Miktar>320</Miktar>
				<Kdv_orani/>
				<Kullanilmis_esya/>
				<Aciklama_44/>
				<Imalatci_Vergino/>
				<Yurtici_Diger>126.02</Yurtici_Diger>
				<Yurtici_Banka>0</Yurtici_Banka>
				<Yurtici_Depolama>0</Yurtici_Depolama>
				<Yurtici_Tahliye>0</Yurtici_Tahliye>
				<Yurtici_Liman>0</Yurtici_Liman>
				<Yurtici_Kultur>0</Yurtici_Kultur>
				<Yurtici_Kkdf>0</Yurtici_Kkdf>
				<KDV_Iceren_Yurtici_Giderler_Toplami>0</KDV_Iceren_Yurtici_Giderler_Toplami>
				<Yurtici_Cevre>0</Yurtici_Cevre>
				<Yurtici_Diger_Aciklama>Y.İÇİ</Yurtici_Diger_Aciklama>
				<Muafiyet_Aciklamasi/>
				<Referans_Tarihi/>
				<YurtDisi_Komisyon>0</YurtDisi_Komisyon>
				<YurtDisi_Demuraj>0</YurtDisi_Demuraj>
				<YurtDisi_Royalti>0</YurtDisi_Royalti>
				<YurtDisi_Faiz>0</YurtDisi_Faiz>
				<YurtDisi_Diger>0</YurtDisi_Diger>
				<YurtDisi_Komisyon_Dovizi/>
				<YurtDisi_Demuraj_Dovizi/>
				<YurtDisi_Royalti_Dovizi/>
				<YurtDisi_Faiz_Dovizi/>
				<YurtDisi_Diger_Dovizi/>
				<YurtDisi_Diger_Aciklama/>
				<Kalem_Islem_Niteligi>11</Kalem_Islem_Niteligi>
				<Giris_Cikis_Amaci/>
				<Giris_Cikis_Amaci_Aciklama/>
				<STM_IlKodu/>
				<EsyaGeriGelmeSebebi/>
				<EsyaGeriGelmeSebebiAciklamasi/>
				<SiparisTuru>9</SiparisTuru>
			</kalem>
			<kalem>
				<OdemeSekilleri>
					<OdemeSekli>
						<OdemeSekliKodu>1</OdemeSekliKodu>
						<OdemeTutari>95.38</OdemeTutari>
						<TBFID/>
					</OdemeSekli>
				</OdemeSekilleri>
				<Gtip>392630000000</Gtip>
				<Imalatci_firma_bilgisi>HAYIR</Imalatci_firma_bilgisi>
				<Kalem_sira_no>9</Kalem_sira_no>
				<Mensei_ulke>011</Mensei_ulke>
				<Brut_agirlik>2.38</Brut_agirlik>
				<Net_agirlik>1.99</Net_agirlik>
				<Tamamlayici_olcu_birimi>C62</Tamamlayici_olcu_birimi>
				<Istatistiki_miktar>100</Istatistiki_miktar>
				<Uluslararasi_anlasma>AT</Uluslararasi_anlasma>
				<Algilama_birimi_1/>
				<Algilama_miktari_1>0</Algilama_miktari_1>
				<Algilama_birimi_2/>
				<Algilama_miktari_2>0</Algilama_miktari_2>
				<Muafiyetler_1>NKIST</Muafiyetler_1>
				<Muafiyetler_2/>
				<Muafiyetler_3/>
				<Muafiyetler_4/>
				<Muafiyetler_5/>
				<Algilama_birimi_3/>
				<Algilama_miktari_3>0</Algilama_miktari_3>
				<Ek_kod/>
				<Ozellik>01</Ozellik>
				<Fatura_miktari>95.38</Fatura_miktari>
				<Fatura_miktarinin_dovizi>EUR</Fatura_miktarinin_dovizi>
				<Sinir_gecis_ucreti>0</Sinir_gecis_ucreti>
				<Navlun_miktari>365.87</Navlun_miktari>
				<Navlun_miktarinin_dovizi>TRY</Navlun_miktarinin_dovizi>
				<Istatistiki_kiymet>110.37</Istatistiki_kiymet>
				<Sigorta_miktari>2.9</Sigorta_miktari>
				<Sigorta_miktarinin_dovizi>TRY</Sigorta_miktarinin_dovizi>
				<Yurt_ici_harcamalar>15.15</Yurt_ici_harcamalar>
				<Tarifedeki_tanimi/>
				<Ticari_tanimi>YAĞMUR SENSÖR BRAKETİ</Ticari_tanimi>
				<Marka>ADDR</Marka>
				<Numara>-</Numara>
				<Cinsi>BI</Cinsi>
				<Adedi>4</Adedi>
				<Miktar_birimi>C62</Miktar_birimi>
				<Mahrece_iade/>
				<Ikincil_islem/>
				<Satir_no/>
				<Miktar>100</Miktar>
				<Kdv_orani/>
				<Kullanilmis_esya/>
				<Aciklama_44/>
				<Imalatci_Vergino/>
				<Yurtici_Diger>15.15</Yurtici_Diger>
				<Yurtici_Banka>0</Yurtici_Banka>
				<Yurtici_Depolama>0</Yurtici_Depolama>
				<Yurtici_Tahliye>0</Yurtici_Tahliye>
				<Yurtici_Liman>0</Yurtici_Liman>
				<Yurtici_Kultur>0</Yurtici_Kultur>
				<Yurtici_Kkdf>0</Yurtici_Kkdf>
				<KDV_Iceren_Yurtici_Giderler_Toplami>0</KDV_Iceren_Yurtici_Giderler_Toplami>
				<Yurtici_Cevre>0</Yurtici_Cevre>
				<Yurtici_Diger_Aciklama>Y.İÇİ</Yurtici_Diger_Aciklama>
				<Muafiyet_Aciklamasi/>
				<Referans_Tarihi/>
				<YurtDisi_Komisyon>0</YurtDisi_Komisyon>
				<YurtDisi_Demuraj>0</YurtDisi_Demuraj>
				<YurtDisi_Royalti>0</YurtDisi_Royalti>
				<YurtDisi_Faiz>0</YurtDisi_Faiz>
				<YurtDisi_Diger>0</YurtDisi_Diger>
				<YurtDisi_Komisyon_Dovizi/>
				<YurtDisi_Demuraj_Dovizi/>
				<YurtDisi_Royalti_Dovizi/>
				<YurtDisi_Faiz_Dovizi/>
				<YurtDisi_Diger_Dovizi/>
				<YurtDisi_Diger_Aciklama/>
				<Kalem_Islem_Niteligi>11</Kalem_Islem_Niteligi>
				<Giris_Cikis_Amaci/>
				<Giris_Cikis_Amaci_Aciklama/>
				<STM_IlKodu/>
				<EsyaGeriGelmeSebebi/>
				<EsyaGeriGelmeSebebiAciklamasi/>
				<SiparisTuru>9</SiparisTuru>
			</kalem>
			<kalem>
				<OdemeSekilleri>
					<OdemeSekli>
						<OdemeSekliKodu>1</OdemeSekliKodu>
						<OdemeTutari>1129.48</OdemeTutari>
						<TBFID/>
					</OdemeSekli>
				</OdemeSekilleri>
				<Gtip>392630000000</Gtip>
				<Imalatci_firma_bilgisi>HAYIR</Imalatci_firma_bilgisi>
				<Kalem_sira_no>10</Kalem_sira_no>
				<Mensei_ulke>011</Mensei_ulke>
				<Brut_agirlik>28.17</Brut_agirlik>
				<Net_agirlik>23.55</Net_agirlik>
				<Tamamlayici_olcu_birimi>C62</Tamamlayici_olcu_birimi>
				<Istatistiki_miktar>450</Istatistiki_miktar>
				<Uluslararasi_anlasma>AT</Uluslararasi_anlasma>
				<Algilama_birimi_1/>
				<Algilama_miktari_1>0</Algilama_miktari_1>
				<Algilama_birimi_2/>
				<Algilama_miktari_2>0</Algilama_miktari_2>
				<Muafiyetler_1>NKIST</Muafiyetler_1>
				<Muafiyetler_2/>
				<Muafiyetler_3/>
				<Muafiyetler_4/>
				<Muafiyetler_5/>
				<Algilama_birimi_3/>
				<Algilama_miktari_3>0</Algilama_miktari_3>
				<Ek_kod/>
				<Ozellik>01</Ozellik>
				<Fatura_miktari>1129.48</Fatura_miktari>
				<Fatura_miktarinin_dovizi>EUR</Fatura_miktarinin_dovizi>
				<Sinir_gecis_ucreti>0</Sinir_gecis_ucreti>
				<Navlun_miktari>4330.53</Navlun_miktari>
				<Navlun_miktarinin_dovizi>TRY</Navlun_miktarinin_dovizi>
				<Istatistiki_kiymet>1306.87</Istatistiki_kiymet>
				<Sigorta_miktari>34.38</Sigorta_miktari>
				<Sigorta_miktarinin_dovizi>TRY</Sigorta_miktarinin_dovizi>
				<Yurt_ici_harcamalar>179.37</Yurt_ici_harcamalar>
				<Tarifedeki_tanimi/>
				<Ticari_tanimi>KAMERA BRAKETİ</Ticari_tanimi>
				<Marka>ADDR</Marka>
				<Numara>-</Numara>
				<Cinsi>BI</Cinsi>
				<Adedi>4</Adedi>
				<Miktar_birimi>C62</Miktar_birimi>
				<Mahrece_iade/>
				<Ikincil_islem/>
				<Satir_no/>
				<Miktar>450</Miktar>
				<Kdv_orani/>
				<Kullanilmis_esya/>
				<Aciklama_44/>
				<Imalatci_Vergino/>
				<Yurtici_Diger>179.37</Yurtici_Diger>
				<Yurtici_Banka>0</Yurtici_Banka>
				<Yurtici_Depolama>0</Yurtici_Depolama>
				<Yurtici_Tahliye>0</Yurtici_Tahliye>
				<Yurtici_Liman>0</Yurtici_Liman>
				<Yurtici_Kultur>0</Yurtici_Kultur>
				<Yurtici_Kkdf>0</Yurtici_Kkdf>
				<KDV_Iceren_Yurtici_Giderler_Toplami>0</KDV_Iceren_Yurtici_Giderler_Toplami>
				<Yurtici_Cevre>0</Yurtici_Cevre>
				<Yurtici_Diger_Aciklama>Y.İÇİ</Yurtici_Diger_Aciklama>
				<Muafiyet_Aciklamasi/>
				<Referans_Tarihi/>
				<YurtDisi_Komisyon>0</YurtDisi_Komisyon>
				<YurtDisi_Demuraj>0</YurtDisi_Demuraj>
				<YurtDisi_Royalti>0</YurtDisi_Royalti>
				<YurtDisi_Faiz>0</YurtDisi_Faiz>
				<YurtDisi_Diger>0</YurtDisi_Diger>
				<YurtDisi_Komisyon_Dovizi/>
				<YurtDisi_Demuraj_Dovizi/>
				<YurtDisi_Royalti_Dovizi/>
				<YurtDisi_Faiz_Dovizi/>
				<YurtDisi_Diger_Dovizi/>
				<YurtDisi_Diger_Aciklama/>
				<Kalem_Islem_Niteligi>11</Kalem_Islem_Niteligi>
				<Giris_Cikis_Amaci/>
				<Giris_Cikis_Amaci_Aciklama/>
				<STM_IlKodu/>
				<EsyaGeriGelmeSebebi/>
				<EsyaGeriGelmeSebebiAciklamasi/>
				<SiparisTuru>9</SiparisTuru>
			</kalem>
			<kalem>
				<OdemeSekilleri>
					<OdemeSekli>
						<OdemeSekliKodu>1</OdemeSekliKodu>
						<OdemeTutari>3647.1</OdemeTutari>
						<TBFID/>
					</OdemeSekli>
				</OdemeSekilleri>
				<Gtip>392630000000</Gtip>
				<Imalatci_firma_bilgisi>HAYIR</Imalatci_firma_bilgisi>
				<Kalem_sira_no>11</Kalem_sira_no>
				<Mensei_ulke>011</Mensei_ulke>
				<Brut_agirlik>90.96</Brut_agirlik>
				<Net_agirlik>76.03</Net_agirlik>
				<Tamamlayici_olcu_birimi>C62</Tamamlayici_olcu_birimi>
				<Istatistiki_miktar>1032</Istatistiki_miktar>
				<Uluslararasi_anlasma>AT</Uluslararasi_anlasma>
				<Algilama_birimi_1/>
				<Algilama_miktari_1>0</Algilama_miktari_1>
				<Algilama_birimi_2/>
				<Algilama_miktari_2>0</Algilama_miktari_2>
				<Muafiyetler_1>NKIST</Muafiyetler_1>
				<Muafiyetler_2/>
				<Muafiyetler_3/>
				<Muafiyetler_4/>
				<Muafiyetler_5/>
				<Algilama_birimi_3/>
				<Algilama_miktari_3>0</Algilama_miktari_3>
				<Ek_kod/>
				<Ozellik>01</Ozellik>
				<Fatura_miktari>3647.1</Fatura_miktari>
				<Fatura_miktarinin_dovizi>EUR</Fatura_miktarinin_dovizi>
				<Sinir_gecis_ucreti>0</Sinir_gecis_ucreti>
				<Navlun_miktari>13983.13</Navlun_miktari>
				<Navlun_miktarinin_dovizi>TRY</Navlun_miktarinin_dovizi>
				<Istatistiki_kiymet>4219.9</Istatistiki_kiymet>
				<Sigorta_miktari>111</Sigorta_miktari>
				<Sigorta_miktarinin_dovizi>TRY</Sigorta_miktarinin_dovizi>
				<Yurt_ici_harcamalar>579.2</Yurt_ici_harcamalar>
				<Tarifedeki_tanimi/>
				<Ticari_tanimi>KAMERA BRAKETİ</Ticari_tanimi>
				<Marka>ADDR</Marka>
				<Numara>-</Numara>
				<Cinsi>BI</Cinsi>
				<Adedi>4</Adedi>
				<Miktar_birimi>C62</Miktar_birimi>
				<Mahrece_iade/>
				<Ikincil_islem/>
				<Satir_no/>
				<Miktar>1032</Miktar>
				<Kdv_orani/>
				<Kullanilmis_esya/>
				<Aciklama_44/>
				<Imalatci_Vergino/>
				<Yurtici_Diger>579.2</Yurtici_Diger>
				<Yurtici_Banka>0</Yurtici_Banka>
				<Yurtici_Depolama>0</Yurtici_Depolama>
				<Yurtici_Tahliye>0</Yurtici_Tahliye>
				<Yurtici_Liman>0</Yurtici_Liman>
				<Yurtici_Kultur>0</Yurtici_Kultur>
				<Yurtici_Kkdf>0</Yurtici_Kkdf>
				<KDV_Iceren_Yurtici_Giderler_Toplami>0</KDV_Iceren_Yurtici_Giderler_Toplami>
				<Yurtici_Cevre>0</Yurtici_Cevre>
				<Yurtici_Diger_Aciklama>Y.İÇİ</Yurtici_Diger_Aciklama>
				<Muafiyet_Aciklamasi/>
				<Referans_Tarihi/>
				<YurtDisi_Komisyon>0</YurtDisi_Komisyon>
				<YurtDisi_Demuraj>0</YurtDisi_Demuraj>
				<YurtDisi_Royalti>0</YurtDisi_Royalti>
				<YurtDisi_Faiz>0</YurtDisi_Faiz>
				<YurtDisi_Diger>0</YurtDisi_Diger>
				<YurtDisi_Komisyon_Dovizi/>
				<YurtDisi_Demuraj_Dovizi/>
				<YurtDisi_Royalti_Dovizi/>
				<YurtDisi_Faiz_Dovizi/>
				<YurtDisi_Diger_Dovizi/>
				<YurtDisi_Diger_Aciklama/>
				<Kalem_Islem_Niteligi>11</Kalem_Islem_Niteligi>
				<Giris_Cikis_Amaci/>
				<Giris_Cikis_Amaci_Aciklama/>
				<STM_IlKodu/>
				<EsyaGeriGelmeSebebi/>
				<EsyaGeriGelmeSebebiAciklamasi/>
				<SiparisTuru>9</SiparisTuru>
			</kalem>
			<kalem>
				<OdemeSekilleri>
					<OdemeSekli>
						<OdemeSekliKodu>1</OdemeSekliKodu>
						<OdemeTutari>281.92</OdemeTutari>
						<TBFID/>
					</OdemeSekli>
				</OdemeSekilleri>
				<Gtip>870899979929</Gtip>
				<Imalatci_firma_bilgisi>HAYIR</Imalatci_firma_bilgisi>
				<Kalem_sira_no>12</Kalem_sira_no>
				<Mensei_ulke>011</Mensei_ulke>
				<Brut_agirlik>7.03</Brut_agirlik>
				<Net_agirlik>5.88</Net_agirlik>
				<Tamamlayici_olcu_birimi>C62</Tamamlayici_olcu_birimi>
				<Istatistiki_miktar>468</Istatistiki_miktar>
				<Uluslararasi_anlasma>AT</Uluslararasi_anlasma>
				<Algilama_birimi_1/>
				<Algilama_miktari_1>0</Algilama_miktari_1>
				<Algilama_birimi_2/>
				<Algilama_miktari_2>0</Algilama_miktari_2>
				<Muafiyetler_1>NKIST</Muafiyetler_1>
				<Muafiyetler_2/>
				<Muafiyetler_3/>
				<Muafiyetler_4/>
				<Muafiyetler_5/>
				<Algilama_birimi_3/>
				<Algilama_miktari_3>0</Algilama_miktari_3>
				<Ek_kod/>
				<Ozellik>01</Ozellik>
				<Fatura_miktari>281.92</Fatura_miktari>
				<Fatura_miktarinin_dovizi>EUR</Fatura_miktarinin_dovizi>
				<Sinir_gecis_ucreti>0</Sinir_gecis_ucreti>
				<Navlun_miktari>1080.71</Navlun_miktari>
				<Navlun_miktarinin_dovizi>TRY</Navlun_miktarinin_dovizi>
				<Istatistiki_kiymet>326.19</Istatistiki_kiymet>
				<Sigorta_miktari>8.58</Sigorta_miktari>
				<Sigorta_miktarinin_dovizi>TRY</Sigorta_miktarinin_dovizi>
				<Yurt_ici_harcamalar>44.77</Yurt_ici_harcamalar>
				<Tarifedeki_tanimi/>
				<Ticari_tanimi>AYNA PLAKETİ</Ticari_tanimi>
				<Marka>ADDR</Marka>
				<Numara>-</Numara>
				<Cinsi>BI</Cinsi>
				<Adedi>4</Adedi>
				<Miktar_birimi>C62</Miktar_birimi>
				<Mahrece_iade/>
				<Ikincil_islem/>
				<Satir_no/>
				<Miktar>468</Miktar>
				<Kdv_orani/>
				<Kullanilmis_esya/>
				<Aciklama_44/>
				<Imalatci_Vergino/>
				<Yurtici_Diger>44.77</Yurtici_Diger>
				<Yurtici_Banka>0</Yurtici_Banka>
				<Yurtici_Depolama>0</Yurtici_Depolama>
				<Yurtici_Tahliye>0</Yurtici_Tahliye>
				<Yurtici_Liman>0</Yurtici_Liman>
				<Yurtici_Kultur>0</Yurtici_Kultur>
				<Yurtici_Kkdf>0</Yurtici_Kkdf>
				<KDV_Iceren_Yurtici_Giderler_Toplami>0</KDV_Iceren_Yurtici_Giderler_Toplami>
				<Yurtici_Cevre>0</Yurtici_Cevre>
				<Yurtici_Diger_Aciklama>Y.İÇİ</Yurtici_Diger_Aciklama>
				<Muafiyet_Aciklamasi/>
				<Referans_Tarihi/>
				<YurtDisi_Komisyon>0</YurtDisi_Komisyon>
				<YurtDisi_Demuraj>0</YurtDisi_Demuraj>
				<YurtDisi_Royalti>0</YurtDisi_Royalti>
				<YurtDisi_Faiz>0</YurtDisi_Faiz>
				<YurtDisi_Diger>0</YurtDisi_Diger>
				<YurtDisi_Komisyon_Dovizi/>
				<YurtDisi_Demuraj_Dovizi/>
				<YurtDisi_Royalti_Dovizi/>
				<YurtDisi_Faiz_Dovizi/>
				<YurtDisi_Diger_Dovizi/>
				<YurtDisi_Diger_Aciklama/>
				<Kalem_Islem_Niteligi>11</Kalem_Islem_Niteligi>
				<Giris_Cikis_Amaci/>
				<Giris_Cikis_Amaci_Aciklama/>
				<STM_IlKodu/>
				<EsyaGeriGelmeSebebi/>
				<EsyaGeriGelmeSebebiAciklamasi/>
				<SiparisTuru>9</SiparisTuru>
			</kalem>
			<kalem>
				<OdemeSekilleri>
					<OdemeSekli>
						<OdemeSekliKodu>1</OdemeSekliKodu>
						<OdemeTutari>1317.22</OdemeTutari>
						<TBFID/>
					</OdemeSekli>
				</OdemeSekilleri>
				<Gtip>870899979929</Gtip>
				<Imalatci_firma_bilgisi>HAYIR</Imalatci_firma_bilgisi>
				<Kalem_sira_no>13</Kalem_sira_no>
				<Mensei_ulke>011</Mensei_ulke>
				<Brut_agirlik>32.85</Brut_agirlik>
				<Net_agirlik>27.46</Net_agirlik>
				<Tamamlayici_olcu_birimi>C62</Tamamlayici_olcu_birimi>
				<Istatistiki_miktar>1600</Istatistiki_miktar>
				<Uluslararasi_anlasma>AT</Uluslararasi_anlasma>
				<Algilama_birimi_1/>
				<Algilama_miktari_1>0</Algilama_miktari_1>
				<Algilama_birimi_2/>
				<Algilama_miktari_2>0</Algilama_miktari_2>
				<Muafiyetler_1>NKIST</Muafiyetler_1>
				<Muafiyetler_2/>
				<Muafiyetler_3/>
				<Muafiyetler_4/>
				<Muafiyetler_5/>
				<Algilama_birimi_3/>
				<Algilama_miktari_3>0</Algilama_miktari_3>
				<Ek_kod/>
				<Ozellik>01</Ozellik>
				<Fatura_miktari>1317.22</Fatura_miktari>
				<Fatura_miktarinin_dovizi>EUR</Fatura_miktarinin_dovizi>
				<Sinir_gecis_ucreti>0</Sinir_gecis_ucreti>
				<Navlun_miktari>5049.98</Navlun_miktari>
				<Navlun_miktarinin_dovizi>TRY</Navlun_miktarinin_dovizi>
				<Istatistiki_kiymet>1524.09</Istatistiki_kiymet>
				<Sigorta_miktari>40.09</Sigorta_miktari>
				<Sigorta_miktarinin_dovizi>TRY</Sigorta_miktarinin_dovizi>
				<Yurt_ici_harcamalar>209.19</Yurt_ici_harcamalar>
				<Tarifedeki_tanimi/>
				<Ticari_tanimi>AYNA PLAKETİ</Ticari_tanimi>
				<Marka>ADDR</Marka>
				<Numara>-</Numara>
				<Cinsi>BI</Cinsi>
				<Adedi>4</Adedi>
				<Miktar_birimi>C62</Miktar_birimi>
				<Mahrece_iade/>
				<Ikincil_islem/>
				<Satir_no/>
				<Miktar>1600</Miktar>
				<Kdv_orani/>
				<Kullanilmis_esya/>
				<Aciklama_44/>
				<Imalatci_Vergino/>
				<Yurtici_Diger>209.19</Yurtici_Diger>
				<Yurtici_Banka>0</Yurtici_Banka>
				<Yurtici_Depolama>0</Yurtici_Depolama>
				<Yurtici_Tahliye>0</Yurtici_Tahliye>
				<Yurtici_Liman>0</Yurtici_Liman>
				<Yurtici_Kultur>0</Yurtici_Kultur>
				<Yurtici_Kkdf>0</Yurtici_Kkdf>
				<KDV_Iceren_Yurtici_Giderler_Toplami>0</KDV_Iceren_Yurtici_Giderler_Toplami>
				<Yurtici_Cevre>0</Yurtici_Cevre>
				<Yurtici_Diger_Aciklama>Y.İÇİ</Yurtici_Diger_Aciklama>
				<Muafiyet_Aciklamasi/>
				<Referans_Tarihi/>
				<YurtDisi_Komisyon>0</YurtDisi_Komisyon>
				<YurtDisi_Demuraj>0</YurtDisi_Demuraj>
				<YurtDisi_Royalti>0</YurtDisi_Royalti>
				<YurtDisi_Faiz>0</YurtDisi_Faiz>
				<YurtDisi_Diger>0</YurtDisi_Diger>
				<YurtDisi_Komisyon_Dovizi/>
				<YurtDisi_Demuraj_Dovizi/>
				<YurtDisi_Royalti_Dovizi/>
				<YurtDisi_Faiz_Dovizi/>
				<YurtDisi_Diger_Dovizi/>
				<YurtDisi_Diger_Aciklama/>
				<Kalem_Islem_Niteligi>11</Kalem_Islem_Niteligi>
				<Giris_Cikis_Amaci/>
				<Giris_Cikis_Amaci_Aciklama/>
				<STM_IlKodu/>
				<EsyaGeriGelmeSebebi/>
				<EsyaGeriGelmeSebebiAciklamasi/>
				<SiparisTuru>9</SiparisTuru>
			</kalem>
			<kalem>
				<OdemeSekilleri>
					<OdemeSekli>
						<OdemeSekliKodu>1</OdemeSekliKodu>
						<OdemeTutari>527.09</OdemeTutari>
						<TBFID/>
					</OdemeSekli>
				</OdemeSekilleri>
				<Gtip>870829909000</Gtip>
				<Imalatci_firma_bilgisi>HAYIR</Imalatci_firma_bilgisi>
				<Kalem_sira_no>14</Kalem_sira_no>
				<Mensei_ulke>011</Mensei_ulke>
				<Brut_agirlik>13.15</Brut_agirlik>
				<Net_agirlik>10.99</Net_agirlik>
				<Tamamlayici_olcu_birimi>C62</Tamamlayici_olcu_birimi>
				<Istatistiki_miktar>210</Istatistiki_miktar>
				<Uluslararasi_anlasma>AT</Uluslararasi_anlasma>
				<Algilama_birimi_1/>
				<Algilama_miktari_1>0</Algilama_miktari_1>
				<Algilama_birimi_2/>
				<Algilama_miktari_2>0</Algilama_miktari_2>
				<Muafiyetler_1/>
				<Muafiyetler_2/>
				<Muafiyetler_3/>
				<Muafiyetler_4/>
				<Muafiyetler_5/>
				<Algilama_birimi_3/>
				<Algilama_miktari_3>0</Algilama_miktari_3>
				<Ek_kod/>
				<Ozellik>01</Ozellik>
				<Fatura_miktari>527.09</Fatura_miktari>
				<Fatura_miktarinin_dovizi>EUR</Fatura_miktarinin_dovizi>
				<Sinir_gecis_ucreti>0</Sinir_gecis_ucreti>
				<Navlun_miktari>2021.53</Navlun_miktari>
				<Navlun_miktarinin_dovizi>TRY</Navlun_miktarinin_dovizi>
				<Istatistiki_kiymet>609.89</Istatistiki_kiymet>
				<Sigorta_miktari>16.04</Sigorta_miktari>
				<Sigorta_miktarinin_dovizi>TRY</Sigorta_miktarinin_dovizi>
				<Yurt_ici_harcamalar>83.71</Yurt_ici_harcamalar>
				<Tarifedeki_tanimi/>
				<Ticari_tanimi>SENSÖR BRAKETİ</Ticari_tanimi>
				<Marka>ADDR</Marka>
				<Numara>-</Numara>
				<Cinsi>BI</Cinsi>
				<Adedi>4</Adedi>
				<Miktar_birimi>C62</Miktar_birimi>
				<Mahrece_iade/>
				<Ikincil_islem/>
				<Satir_no/>
				<Miktar>210</Miktar>
				<Kdv_orani/>
				<Kullanilmis_esya/>
				<Aciklama_44/>
				<Imalatci_Vergino/>
				<Yurtici_Diger>83.71</Yurtici_Diger>
				<Yurtici_Banka>0</Yurtici_Banka>
				<Yurtici_Depolama>0</Yurtici_Depolama>
				<Yurtici_Tahliye>0</Yurtici_Tahliye>
				<Yurtici_Liman>0</Yurtici_Liman>
				<Yurtici_Kultur>0</Yurtici_Kultur>
				<Yurtici_Kkdf>0</Yurtici_Kkdf>
				<KDV_Iceren_Yurtici_Giderler_Toplami>0</KDV_Iceren_Yurtici_Giderler_Toplami>
				<Yurtici_Cevre>0</Yurtici_Cevre>
				<Yurtici_Diger_Aciklama>Y.İÇİ</Yurtici_Diger_Aciklama>
				<Muafiyet_Aciklamasi/>
				<Referans_Tarihi/>
				<YurtDisi_Komisyon>0</YurtDisi_Komisyon>
				<YurtDisi_Demuraj>0</YurtDisi_Demuraj>
				<YurtDisi_Royalti>0</YurtDisi_Royalti>
				<YurtDisi_Faiz>0</YurtDisi_Faiz>
				<YurtDisi_Diger>0</YurtDisi_Diger>
				<YurtDisi_Komisyon_Dovizi/>
				<YurtDisi_Demuraj_Dovizi/>
				<YurtDisi_Royalti_Dovizi/>
				<YurtDisi_Faiz_Dovizi/>
				<YurtDisi_Diger_Dovizi/>
				<YurtDisi_Diger_Aciklama/>
				<Kalem_Islem_Niteligi>11</Kalem_Islem_Niteligi>
				<Giris_Cikis_Amaci/>
				<Giris_Cikis_Amaci_Aciklama/>
				<STM_IlKodu/>
				<EsyaGeriGelmeSebebi/>
				<EsyaGeriGelmeSebebiAciklamasi/>
				<SiparisTuru>9</SiparisTuru>
			</kalem>
			<kalem>
				<OdemeSekilleri>
					<OdemeSekli>
						<OdemeSekliKodu>1</OdemeSekliKodu>
						<OdemeTutari>1265.02</OdemeTutari>
						<TBFID/>
					</OdemeSekli>
				</OdemeSekilleri>
				<Gtip>392630000000</Gtip>
				<Imalatci_firma_bilgisi>HAYIR</Imalatci_firma_bilgisi>
				<Kalem_sira_no>15</Kalem_sira_no>
				<Mensei_ulke>011</Mensei_ulke>
				<Brut_agirlik>31.55</Brut_agirlik>
				<Net_agirlik>26.37</Net_agirlik>
				<Tamamlayici_olcu_birimi>C62</Tamamlayici_olcu_birimi>
				<Istatistiki_miktar>630</Istatistiki_miktar>
				<Uluslararasi_anlasma>AT</Uluslararasi_anlasma>
				<Algilama_birimi_1/>
				<Algilama_miktari_1>0</Algilama_miktari_1>
				<Algilama_birimi_2/>
				<Algilama_miktari_2>0</Algilama_miktari_2>
				<Muafiyetler_1>NKIST</Muafiyetler_1>
				<Muafiyetler_2/>
				<Muafiyetler_3/>
				<Muafiyetler_4/>
				<Muafiyetler_5/>
				<Algilama_birimi_3/>
				<Algilama_miktari_3>0</Algilama_miktari_3>
				<Ek_kod/>
				<Ozellik>01</Ozellik>
				<Fatura_miktari>1265.02</Fatura_miktari>
				<Fatura_miktarinin_dovizi>EUR</Fatura_miktarinin_dovizi>
				<Sinir_gecis_ucreti>0</Sinir_gecis_ucreti>
				<Navlun_miktari>4850.13</Navlun_miktari>
				<Navlun_miktarinin_dovizi>TRY</Navlun_miktarinin_dovizi>
				<Istatistiki_kiymet>1463.7</Istatistiki_kiymet>
				<Sigorta_miktari>38.5</Sigorta_miktari>
				<Sigorta_miktarinin_dovizi>TRY</Sigorta_miktarinin_dovizi>
				<Yurt_ici_harcamalar>200.9</Yurt_ici_harcamalar>
				<Tarifedeki_tanimi/>
				<Ticari_tanimi>YAĞMUR SENSÖR BRAKETİ</Ticari_tanimi>
				<Marka>ADDR</Marka>
				<Numara>-</Numara>
				<Cinsi>BI</Cinsi>
				<Adedi>4</Adedi>
				<Miktar_birimi>C62</Miktar_birimi>
				<Mahrece_iade/>
				<Ikincil_islem/>
				<Satir_no/>
				<Miktar>630</Miktar>
				<Kdv_orani/>
				<Kullanilmis_esya/>
				<Aciklama_44/>
				<Imalatci_Vergino/>
				<Yurtici_Diger>200.9</Yurtici_Diger>
				<Yurtici_Banka>0</Yurtici_Banka>
				<Yurtici_Depolama>0</Yurtici_Depolama>
				<Yurtici_Tahliye>0</Yurtici_Tahliye>
				<Yurtici_Liman>0</Yurtici_Liman>
				<Yurtici_Kultur>0</Yurtici_Kultur>
				<Yurtici_Kkdf>0</Yurtici_Kkdf>
				<KDV_Iceren_Yurtici_Giderler_Toplami>0</KDV_Iceren_Yurtici_Giderler_Toplami>
				<Yurtici_Cevre>0</Yurtici_Cevre>
				<Yurtici_Diger_Aciklama>Y.İÇİ</Yurtici_Diger_Aciklama>
				<Muafiyet_Aciklamasi/>
				<Referans_Tarihi/>
				<YurtDisi_Komisyon>0</YurtDisi_Komisyon>
				<YurtDisi_Demuraj>0</YurtDisi_Demuraj>
				<YurtDisi_Royalti>0</YurtDisi_Royalti>
				<YurtDisi_Faiz>0</YurtDisi_Faiz>
				<YurtDisi_Diger>0</YurtDisi_Diger>
				<YurtDisi_Komisyon_Dovizi/>
				<YurtDisi_Demuraj_Dovizi/>
				<YurtDisi_Royalti_Dovizi/>
				<YurtDisi_Faiz_Dovizi/>
				<YurtDisi_Diger_Dovizi/>
				<YurtDisi_Diger_Aciklama/>
				<Kalem_Islem_Niteligi>11</Kalem_Islem_Niteligi>
				<Giris_Cikis_Amaci/>
				<Giris_Cikis_Amaci_Aciklama/>
				<STM_IlKodu/>
				<EsyaGeriGelmeSebebi/>
				<EsyaGeriGelmeSebebiAciklamasi/>
				<SiparisTuru>9</SiparisTuru>
			</kalem>
			<kalem>
				<OdemeSekilleri>
					<OdemeSekli>
						<OdemeSekliKodu>1</OdemeSekliKodu>
						<OdemeTutari>871.46</OdemeTutari>
						<TBFID/>
					</OdemeSekli>
				</OdemeSekilleri>
				<Gtip>870899979929</Gtip>
				<Imalatci_firma_bilgisi>HAYIR</Imalatci_firma_bilgisi>
				<Kalem_sira_no>16</Kalem_sira_no>
				<Mensei_ulke>011</Mensei_ulke>
				<Brut_agirlik>21.73</Brut_agirlik>
				<Net_agirlik>18.17</Net_agirlik>
				<Tamamlayici_olcu_birimi>C62</Tamamlayici_olcu_birimi>
				<Istatistiki_miktar>560</Istatistiki_miktar>
				<Uluslararasi_anlasma>AT</Uluslararasi_anlasma>
				<Algilama_birimi_1/>
				<Algilama_miktari_1>0</Algilama_miktari_1>
				<Algilama_birimi_2/>
				<Algilama_miktari_2>0</Algilama_miktari_2>
				<Muafiyetler_1>NKIST</Muafiyetler_1>
				<Muafiyetler_2/>
				<Muafiyetler_3/>
				<Muafiyetler_4/>
				<Muafiyetler_5/>
				<Algilama_birimi_3/>
				<Algilama_miktari_3>0</Algilama_miktari_3>
				<Ek_kod/>
				<Ozellik>01</Ozellik>
				<Fatura_miktari>871.46</Fatura_miktari>
				<Fatura_miktarinin_dovizi>EUR</Fatura_miktarinin_dovizi>
				<Sinir_gecis_ucreti>0</Sinir_gecis_ucreti>
				<Navlun_miktari>3340.52</Navlun_miktari>
				<Navlun_miktarinin_dovizi>TRY</Navlun_miktarinin_dovizi>
				<Istatistiki_kiymet>1008.31</Istatistiki_kiymet>
				<Sigorta_miktari>26.52</Sigorta_miktari>
				<Sigorta_miktarinin_dovizi>TRY</Sigorta_miktarinin_dovizi>
				<Yurt_ici_harcamalar>138.4</Yurt_ici_harcamalar>
				<Tarifedeki_tanimi/>
				<Ticari_tanimi>AYNA PLAKETİ</Ticari_tanimi>
				<Marka>ADDR</Marka>
				<Numara>-</Numara>
				<Cinsi>BI</Cinsi>
				<Adedi>4</Adedi>
				<Miktar_birimi>C62</Miktar_birimi>
				<Mahrece_iade/>
				<Ikincil_islem/>
				<Satir_no/>
				<Miktar>560</Miktar>
				<Kdv_orani/>
				<Kullanilmis_esya/>
				<Aciklama_44/>
				<Imalatci_Vergino/>
				<Yurtici_Diger>138.4</Yurtici_Diger>
				<Yurtici_Banka>0</Yurtici_Banka>
				<Yurtici_Depolama>0</Yurtici_Depolama>
				<Yurtici_Tahliye>0</Yurtici_Tahliye>
				<Yurtici_Liman>0</Yurtici_Liman>
				<Yurtici_Kultur>0</Yurtici_Kultur>
				<Yurtici_Kkdf>0</Yurtici_Kkdf>
				<KDV_Iceren_Yurtici_Giderler_Toplami>0</KDV_Iceren_Yurtici_Giderler_Toplami>
				<Yurtici_Cevre>0</Yurtici_Cevre>
				<Yurtici_Diger_Aciklama>Y.İÇİ</Yurtici_Diger_Aciklama>
				<Muafiyet_Aciklamasi/>
				<Referans_Tarihi/>
				<YurtDisi_Komisyon>0</YurtDisi_Komisyon>
				<YurtDisi_Demuraj>0</YurtDisi_Demuraj>
				<YurtDisi_Royalti>0</YurtDisi_Royalti>
				<YurtDisi_Faiz>0</YurtDisi_Faiz>
				<YurtDisi_Diger>0</YurtDisi_Diger>
				<YurtDisi_Komisyon_Dovizi/>
				<YurtDisi_Demuraj_Dovizi/>
				<YurtDisi_Royalti_Dovizi/>
				<YurtDisi_Faiz_Dovizi/>
				<YurtDisi_Diger_Dovizi/>
				<YurtDisi_Diger_Aciklama/>
				<Kalem_Islem_Niteligi>11</Kalem_Islem_Niteligi>
				<Giris_Cikis_Amaci/>
				<Giris_Cikis_Amaci_Aciklama/>
				<STM_IlKodu/>
				<EsyaGeriGelmeSebebi/>
				<EsyaGeriGelmeSebebiAciklamasi/>
				<SiparisTuru>9</SiparisTuru>
			</kalem>
			<kalem>
				<OdemeSekilleri>
					<OdemeSekli>
						<OdemeSekliKodu>1</OdemeSekliKodu>
						<OdemeTutari>1265.13</OdemeTutari>
						<TBFID/>
					</OdemeSekli>
				</OdemeSekilleri>
				<Gtip>392630000000</Gtip>
				<Imalatci_firma_bilgisi>HAYIR</Imalatci_firma_bilgisi>
				<Kalem_sira_no>17</Kalem_sira_no>
				<Mensei_ulke>011</Mensei_ulke>
				<Brut_agirlik>31.55</Brut_agirlik>
				<Net_agirlik>26.37</Net_agirlik>
				<Tamamlayici_olcu_birimi>C62</Tamamlayici_olcu_birimi>
				<Istatistiki_miktar>630</Istatistiki_miktar>
				<Uluslararasi_anlasma>AT</Uluslararasi_anlasma>
				<Algilama_birimi_1/>
				<Algilama_miktari_1>0</Algilama_miktari_1>
				<Algilama_birimi_2/>
				<Algilama_miktari_2>0</Algilama_miktari_2>
				<Muafiyetler_1>NKIST</Muafiyetler_1>
				<Muafiyetler_2/>
				<Muafiyetler_3/>
				<Muafiyetler_4/>
				<Muafiyetler_5/>
				<Algilama_birimi_3/>
				<Algilama_miktari_3>0</Algilama_miktari_3>
				<Ek_kod/>
				<Ozellik>01</Ozellik>
				<Fatura_miktari>1265.13</Fatura_miktari>
				<Fatura_miktarinin_dovizi>EUR</Fatura_miktarinin_dovizi>
				<Sinir_gecis_ucreti>0</Sinir_gecis_ucreti>
				<Navlun_miktari>4850.15</Navlun_miktari>
				<Navlun_miktarinin_dovizi>TRY</Navlun_miktarinin_dovizi>
				<Istatistiki_kiymet>1463.81</Istatistiki_kiymet>
				<Sigorta_miktari>38.52</Sigorta_miktari>
				<Sigorta_miktarinin_dovizi>TRY</Sigorta_miktarinin_dovizi>
				<Yurt_ici_harcamalar>200.92</Yurt_ici_harcamalar>
				<Tarifedeki_tanimi/>
				<Ticari_tanimi>YAĞMUR SENSÖR BRAKETİ</Ticari_tanimi>
				<Marka>ADDR</Marka>
				<Numara>-</Numara>
				<Cinsi>BI</Cinsi>
				<Adedi>4</Adedi>
				<Miktar_birimi>C62</Miktar_birimi>
				<Mahrece_iade/>
				<Ikincil_islem/>
				<Satir_no/>
				<Miktar>630</Miktar>
				<Kdv_orani/>
				<Kullanilmis_esya/>
				<Aciklama_44/>
				<Imalatci_Vergino/>
				<Yurtici_Diger>200.92</Yurtici_Diger>
				<Yurtici_Banka>0</Yurtici_Banka>
				<Yurtici_Depolama>0</Yurtici_Depolama>
				<Yurtici_Tahliye>0</Yurtici_Tahliye>
				<Yurtici_Liman>0</Yurtici_Liman>
				<Yurtici_Kultur>0</Yurtici_Kultur>
				<Yurtici_Kkdf>0</Yurtici_Kkdf>
				<KDV_Iceren_Yurtici_Giderler_Toplami>0</KDV_Iceren_Yurtici_Giderler_Toplami>
				<Yurtici_Cevre>0</Yurtici_Cevre>
				<Yurtici_Diger_Aciklama>Y.İÇİ</Yurtici_Diger_Aciklama>
				<Muafiyet_Aciklamasi/>
				<Referans_Tarihi/>
				<YurtDisi_Komisyon>0</YurtDisi_Komisyon>
				<YurtDisi_Demuraj>0</YurtDisi_Demuraj>
				<YurtDisi_Royalti>0</YurtDisi_Royalti>
				<YurtDisi_Faiz>0</YurtDisi_Faiz>
				<YurtDisi_Diger>0</YurtDisi_Diger>
				<YurtDisi_Komisyon_Dovizi/>
				<YurtDisi_Demuraj_Dovizi/>
				<YurtDisi_Royalti_Dovizi/>
				<YurtDisi_Faiz_Dovizi/>
				<YurtDisi_Diger_Dovizi/>
				<YurtDisi_Diger_Aciklama/>
				<Kalem_Islem_Niteligi>11</Kalem_Islem_Niteligi>
				<Giris_Cikis_Amaci/>
				<Giris_Cikis_Amaci_Aciklama/>
				<STM_IlKodu/>
				<EsyaGeriGelmeSebebi/>
				<EsyaGeriGelmeSebebiAciklamasi/>
				<SiparisTuru>9</SiparisTuru>
			</kalem>
		</Kalemler>
		<Sorular_cevaplar>
			<Soru_Cevap>
				<Kalem_no>0</Kalem_no>
				<Soru_no>7780</Soru_no>
				<Cevap>HAYIR</Cevap>
			</Soru_Cevap>
			<Soru_Cevap>
				<Kalem_no>0</Kalem_no>
				<Soru_no>4378</Soru_no>
				<Cevap>EVET</Cevap>
			</Soru_Cevap>
			<Soru_Cevap>
				<Kalem_no>1</Kalem_no>
				<Soru_no>5178</Soru_no>
				<Cevap>HAYIR</Cevap>
			</Soru_Cevap>
			<Soru_Cevap>
				<Kalem_no>2</Kalem_no>
				<Soru_no>5057</Soru_no>
				<Cevap>HAYIR</Cevap>
			</Soru_Cevap>
			<Soru_Cevap>
				<Kalem_no>2</Kalem_no>
				<Soru_no>4329</Soru_no>
				<Cevap>EVET</Cevap>
			</Soru_Cevap>
			<Soru_Cevap>
				<Kalem_no>2</Kalem_no>
				<Soru_no>5178</Soru_no>
				<Cevap>HAYIR</Cevap>
			</Soru_Cevap>
			<Soru_Cevap>
				<Kalem_no>3</Kalem_no>
				<Soru_no>5178</Soru_no>
				<Cevap>HAYIR</Cevap>
			</Soru_Cevap>
			<Soru_Cevap>
				<Kalem_no>4</Kalem_no>
				<Soru_no>5178</Soru_no>
				<Cevap>HAYIR</Cevap>
			</Soru_Cevap>
			<Soru_Cevap>
				<Kalem_no>5</Kalem_no>
				<Soru_no>5134</Soru_no>
				<Cevap>EVET</Cevap>
			</Soru_Cevap>
			<Soru_Cevap>
				<Kalem_no>5</Kalem_no>
				<Soru_no>4293</Soru_no>
				<Cevap>HAYIR</Cevap>
			</Soru_Cevap>
			<Soru_Cevap>
				<Kalem_no>5</Kalem_no>
				<Soru_no>4168</Soru_no>
				<Cevap>EVET</Cevap>
			</Soru_Cevap>
			<Soru_Cevap>
				<Kalem_no>5</Kalem_no>
				<Soru_no>5178</Soru_no>
				<Cevap>HAYIR</Cevap>
			</Soru_Cevap>
			<Soru_Cevap>
				<Kalem_no>6</Kalem_no>
				<Soru_no>5178</Soru_no>
				<Cevap>HAYIR</Cevap>
			</Soru_Cevap>
			<Soru_Cevap>
				<Kalem_no>7</Kalem_no>
				<Soru_no>5178</Soru_no>
				<Cevap>HAYIR</Cevap>
			</Soru_Cevap>
			<Soru_Cevap>
				<Kalem_no>8</Kalem_no>
				<Soru_no>5178</Soru_no>
				<Cevap>HAYIR</Cevap>
			</Soru_Cevap>
			<Soru_Cevap>
				<Kalem_no>9</Kalem_no>
				<Soru_no>5178</Soru_no>
				<Cevap>HAYIR</Cevap>
			</Soru_Cevap>
			<Soru_Cevap>
				<Kalem_no>10</Kalem_no>
				<Soru_no>5178</Soru_no>
				<Cevap>HAYIR</Cevap>
			</Soru_Cevap>
			<Soru_Cevap>
				<Kalem_no>11</Kalem_no>
				<Soru_no>5178</Soru_no>
				<Cevap>HAYIR</Cevap>
			</Soru_Cevap>
			<Soru_Cevap>
				<Kalem_no>12</Kalem_no>
				<Soru_no>5178</Soru_no>
				<Cevap>HAYIR</Cevap>
			</Soru_Cevap>
			<Soru_Cevap>
				<Kalem_no>13</Kalem_no>
				<Soru_no>5178</Soru_no>
				<Cevap>HAYIR</Cevap>
			</Soru_Cevap>
			<Soru_Cevap>
				<Kalem_no>14</Kalem_no>
				<Soru_no>5178</Soru_no>
				<Cevap>HAYIR</Cevap>
			</Soru_Cevap>
			<Soru_Cevap>
				<Kalem_no>15</Kalem_no>
				<Soru_no>5178</Soru_no>
				<Cevap>HAYIR</Cevap>
			</Soru_Cevap>
			<Soru_Cevap>
				<Kalem_no>16</Kalem_no>
				<Soru_no>5178</Soru_no>
				<Cevap>HAYIR</Cevap>
			</Soru_Cevap>
			<Soru_Cevap>
				<Kalem_no>17</Kalem_no>
				<Soru_no>5178</Soru_no>
				<Cevap>HAYIR</Cevap>
			</Soru_Cevap>
		</Sorular_cevaplar>
		<Dokumanlar>
			<Dokuman>
				<Kalem_no>1</Kalem_no>
				<Kod>0301</Kod>
				<Dogrulama>V</Dogrulama>
				<Belge_tarihi>20/02/2025</Belge_tarihi>
				<Referans>GA 0544116 T</Referans>
			</Dokuman>
			<Dokuman>
				<Kalem_no>1</Kalem_no>
				<Kod>0100</Kod>
				<Dogrulama>V</Dogrulama>
				<Belge_tarihi>18/02/2025</Belge_tarihi>
				<Referans>32845</Referans>
			</Dokuman>
			<Dokuman>
				<Kalem_no>1</Kalem_no>
				<Kod>0102</Kod>
				<Dogrulama>V</Dogrulama>
				<Belge_tarihi>05/03/2025</Belge_tarihi>
				<Referans>117696222-3-000345</Referans>
			</Dokuman>
			<Dokuman>
				<Kalem_no>2</Kalem_no>
				<Kod>0301</Kod>
				<Dogrulama>V</Dogrulama>
				<Belge_tarihi>20/02/2025</Belge_tarihi>
				<Referans>GA 0544116 T</Referans>
			</Dokuman>
			<Dokuman>
				<Kalem_no>2</Kalem_no>
				<Kod>0100</Kod>
				<Dogrulama>V</Dogrulama>
				<Belge_tarihi>18/02/2025</Belge_tarihi>
				<Referans>32845</Referans>
			</Dokuman>
			<Dokuman>
				<Kalem_no>2</Kalem_no>
				<Kod>0102</Kod>
				<Dogrulama>V</Dogrulama>
				<Belge_tarihi>05/03/2025</Belge_tarihi>
				<Referans>117696222-3-000345</Referans>
			</Dokuman>
			<Dokuman>
				<Kalem_no>2</Kalem_no>
				<Kod>0969</Kod>
				<Dogrulama>V</Dogrulama>
				<Belge_tarihi>05/03/2025</Belge_tarihi>
				<Referans>18090099262013095773484/1</Referans>
			</Dokuman>
			<Dokuman>
				<Kalem_no>3</Kalem_no>
				<Kod>0301</Kod>
				<Dogrulama>V</Dogrulama>
				<Belge_tarihi>20/02/2025</Belge_tarihi>
				<Referans>GA 0544116 T</Referans>
			</Dokuman>
			<Dokuman>
				<Kalem_no>3</Kalem_no>
				<Kod>0100</Kod>
				<Dogrulama>V</Dogrulama>
				<Belge_tarihi>18/02/2025</Belge_tarihi>
				<Referans>32845</Referans>
			</Dokuman>
			<Dokuman>
				<Kalem_no>3</Kalem_no>
				<Kod>0102</Kod>
				<Dogrulama>V</Dogrulama>
				<Belge_tarihi>05/03/2025</Belge_tarihi>
				<Referans>117696222-3-000345</Referans>
			</Dokuman>
			<Dokuman>
				<Kalem_no>4</Kalem_no>
				<Kod>0301</Kod>
				<Dogrulama>V</Dogrulama>
				<Belge_tarihi>20/02/2025</Belge_tarihi>
				<Referans>GA 0544116 T</Referans>
			</Dokuman>
			<Dokuman>
				<Kalem_no>4</Kalem_no>
				<Kod>0100</Kod>
				<Dogrulama>V</Dogrulama>
				<Belge_tarihi>18/02/2025</Belge_tarihi>
				<Referans>32845</Referans>
			</Dokuman>
			<Dokuman>
				<Kalem_no>4</Kalem_no>
				<Kod>0102</Kod>
				<Dogrulama>V</Dogrulama>
				<Belge_tarihi>05/03/2025</Belge_tarihi>
				<Referans>117696222-3-000345</Referans>
			</Dokuman>
			<Dokuman>
				<Kalem_no>5</Kalem_no>
				<Kod>1102</Kod>
				<Dogrulama>V</Dogrulama>
				<Belge_tarihi>05/03/2025</Belge_tarihi>
				<Referans>18170099282013015773484/1</Referans>
			</Dokuman>
			<Dokuman>
				<Kalem_no>5</Kalem_no>
				<Kod>0301</Kod>
				<Dogrulama>V</Dogrulama>
				<Belge_tarihi>20/02/2025</Belge_tarihi>
				<Referans>GA 0544116 T</Referans>
			</Dokuman>
			<Dokuman>
				<Kalem_no>5</Kalem_no>
				<Kod>0100</Kod>
				<Dogrulama>V</Dogrulama>
				<Belge_tarihi>18/02/2025</Belge_tarihi>
				<Referans>32845</Referans>
			</Dokuman>
			<Dokuman>
				<Kalem_no>5</Kalem_no>
				<Kod>0102</Kod>
				<Dogrulama>V</Dogrulama>
				<Belge_tarihi>05/03/2025</Belge_tarihi>
				<Referans>117696222-3-000345</Referans>
			</Dokuman>
			<Dokuman>
				<Kalem_no>5</Kalem_no>
				<Kod>0873</Kod>
				<Dogrulama>V</Dogrulama>
				<Belge_tarihi>05/03/2025</Belge_tarihi>
				<Referans>18110099232013015773484/1</Referans>
			</Dokuman>
			<Dokuman>
				<Kalem_no>5</Kalem_no>
				<Kod>1010</Kod>
				<Dogrulama>V</Dogrulama>
				<Belge_tarihi>05/03/2025</Belge_tarihi>
				<Referans>18120099282013015773484/1</Referans>
			</Dokuman>
			<Dokuman>
				<Kalem_no>6</Kalem_no>
				<Kod>0301</Kod>
				<Dogrulama>V</Dogrulama>
				<Belge_tarihi>20/02/2025</Belge_tarihi>
				<Referans>GA 0544116 T</Referans>
			</Dokuman>
			<Dokuman>
				<Kalem_no>6</Kalem_no>
				<Kod>0100</Kod>
				<Dogrulama>V</Dogrulama>
				<Belge_tarihi>18/02/2025</Belge_tarihi>
				<Referans>32845</Referans>
			</Dokuman>
			<Dokuman>
				<Kalem_no>6</Kalem_no>
				<Kod>0102</Kod>
				<Dogrulama>V</Dogrulama>
				<Belge_tarihi>05/03/2025</Belge_tarihi>
				<Referans>117696222-3-000345</Referans>
			</Dokuman>
			<Dokuman>
				<Kalem_no>7</Kalem_no>
				<Kod>0301</Kod>
				<Dogrulama>V</Dogrulama>
				<Belge_tarihi>20/02/2025</Belge_tarihi>
				<Referans>GA 0544116 T</Referans>
			</Dokuman>
			<Dokuman>
				<Kalem_no>7</Kalem_no>
				<Kod>0100</Kod>
				<Dogrulama>V</Dogrulama>
				<Belge_tarihi>18/02/2025</Belge_tarihi>
				<Referans>32845</Referans>
			</Dokuman>
			<Dokuman>
				<Kalem_no>7</Kalem_no>
				<Kod>0102</Kod>
				<Dogrulama>V</Dogrulama>
				<Belge_tarihi>05/03/2025</Belge_tarihi>
				<Referans>117696222-3-000345</Referans>
			</Dokuman>
			<Dokuman>
				<Kalem_no>8</Kalem_no>
				<Kod>0301</Kod>
				<Dogrulama>V</Dogrulama>
				<Belge_tarihi>20/02/2025</Belge_tarihi>
				<Referans>GA 0544116 T</Referans>
			</Dokuman>
			<Dokuman>
				<Kalem_no>8</Kalem_no>
				<Kod>0100</Kod>
				<Dogrulama>V</Dogrulama>
				<Belge_tarihi>18/02/2025</Belge_tarihi>
				<Referans>32845</Referans>
			</Dokuman>
			<Dokuman>
				<Kalem_no>8</Kalem_no>
				<Kod>0102</Kod>
				<Dogrulama>V</Dogrulama>
				<Belge_tarihi>05/03/2025</Belge_tarihi>
				<Referans>117696222-3-000345</Referans>
			</Dokuman>
			<Dokuman>
				<Kalem_no>9</Kalem_no>
				<Kod>0301</Kod>
				<Dogrulama>V</Dogrulama>
				<Belge_tarihi>20/02/2025</Belge_tarihi>
				<Referans>GA 0544116 T</Referans>
			</Dokuman>
			<Dokuman>
				<Kalem_no>9</Kalem_no>
				<Kod>0100</Kod>
				<Dogrulama>V</Dogrulama>
				<Belge_tarihi>18/02/2025</Belge_tarihi>
				<Referans>32845</Referans>
			</Dokuman>
			<Dokuman>
				<Kalem_no>9</Kalem_no>
				<Kod>0102</Kod>
				<Dogrulama>V</Dogrulama>
				<Belge_tarihi>05/03/2025</Belge_tarihi>
				<Referans>117696222-3-000345</Referans>
			</Dokuman>
			<Dokuman>
				<Kalem_no>10</Kalem_no>
				<Kod>0301</Kod>
				<Dogrulama>V</Dogrulama>
				<Belge_tarihi>20/02/2025</Belge_tarihi>
				<Referans>GA 0544116 T</Referans>
			</Dokuman>
			<Dokuman>
				<Kalem_no>10</Kalem_no>
				<Kod>0100</Kod>
				<Dogrulama>V</Dogrulama>
				<Belge_tarihi>18/02/2025</Belge_tarihi>
				<Referans>32845</Referans>
			</Dokuman>
			<Dokuman>
				<Kalem_no>10</Kalem_no>
				<Kod>0102</Kod>
				<Dogrulama>V</Dogrulama>
				<Belge_tarihi>05/03/2025</Belge_tarihi>
				<Referans>117696222-3-000345</Referans>
			</Dokuman>
			<Dokuman>
				<Kalem_no>11</Kalem_no>
				<Kod>0301</Kod>
				<Dogrulama>V</Dogrulama>
				<Belge_tarihi>20/02/2025</Belge_tarihi>
				<Referans>GA 0544116 T</Referans>
			</Dokuman>
			<Dokuman>
				<Kalem_no>11</Kalem_no>
				<Kod>0100</Kod>
				<Dogrulama>V</Dogrulama>
				<Belge_tarihi>18/02/2025</Belge_tarihi>
				<Referans>32845</Referans>
			</Dokuman>
			<Dokuman>
				<Kalem_no>11</Kalem_no>
				<Kod>0102</Kod>
				<Dogrulama>V</Dogrulama>
				<Belge_tarihi>05/03/2025</Belge_tarihi>
				<Referans>117696222-3-000345</Referans>
			</Dokuman>
			<Dokuman>
				<Kalem_no>12</Kalem_no>
				<Kod>0301</Kod>
				<Dogrulama>V</Dogrulama>
				<Belge_tarihi>20/02/2025</Belge_tarihi>
				<Referans>GA 0544115 T</Referans>
			</Dokuman>
			<Dokuman>
				<Kalem_no>12</Kalem_no>
				<Kod>0100</Kod>
				<Dogrulama>V</Dogrulama>
				<Belge_tarihi>19/02/2025</Belge_tarihi>
				<Referans>32846</Referans>
			</Dokuman>
			<Dokuman>
				<Kalem_no>12</Kalem_no>
				<Kod>0102</Kod>
				<Dogrulama>V</Dogrulama>
				<Belge_tarihi>05/03/2025</Belge_tarihi>
				<Referans>117696222-3-000345</Referans>
			</Dokuman>
			<Dokuman>
				<Kalem_no>13</Kalem_no>
				<Kod>0301</Kod>
				<Dogrulama>V</Dogrulama>
				<Belge_tarihi>20/02/2025</Belge_tarihi>
				<Referans>GA 0544115 T</Referans>
			</Dokuman>
			<Dokuman>
				<Kalem_no>13</Kalem_no>
				<Kod>0100</Kod>
				<Dogrulama>V</Dogrulama>
				<Belge_tarihi>19/02/2025</Belge_tarihi>
				<Referans>32846</Referans>
			</Dokuman>
			<Dokuman>
				<Kalem_no>13</Kalem_no>
				<Kod>0102</Kod>
				<Dogrulama>V</Dogrulama>
				<Belge_tarihi>05/03/2025</Belge_tarihi>
				<Referans>117696222-3-000345</Referans>
			</Dokuman>
			<Dokuman>
				<Kalem_no>14</Kalem_no>
				<Kod>0301</Kod>
				<Dogrulama>V</Dogrulama>
				<Belge_tarihi>20/02/2025</Belge_tarihi>
				<Referans>GA 0544115 T</Referans>
			</Dokuman>
			<Dokuman>
				<Kalem_no>14</Kalem_no>
				<Kod>0100</Kod>
				<Dogrulama>V</Dogrulama>
				<Belge_tarihi>19/02/2025</Belge_tarihi>
				<Referans>32846</Referans>
			</Dokuman>
			<Dokuman>
				<Kalem_no>14</Kalem_no>
				<Kod>0102</Kod>
				<Dogrulama>V</Dogrulama>
				<Belge_tarihi>05/03/2025</Belge_tarihi>
				<Referans>117696222-3-000345</Referans>
			</Dokuman>
			<Dokuman>
				<Kalem_no>15</Kalem_no>
				<Kod>0301</Kod>
				<Dogrulama>V</Dogrulama>
				<Belge_tarihi>20/02/2025</Belge_tarihi>
				<Referans>GA 0544115 T</Referans>
			</Dokuman>
			<Dokuman>
				<Kalem_no>15</Kalem_no>
				<Kod>0100</Kod>
				<Dogrulama>V</Dogrulama>
				<Belge_tarihi>19/02/2025</Belge_tarihi>
				<Referans>32846</Referans>
			</Dokuman>
			<Dokuman>
				<Kalem_no>15</Kalem_no>
				<Kod>0102</Kod>
				<Dogrulama>V</Dogrulama>
				<Belge_tarihi>05/03/2025</Belge_tarihi>
				<Referans>117696222-3-000345</Referans>
			</Dokuman>
			<Dokuman>
				<Kalem_no>16</Kalem_no>
				<Kod>0301</Kod>
				<Dogrulama>V</Dogrulama>
				<Belge_tarihi>20/02/2025</Belge_tarihi>
				<Referans>GA 0544115 T</Referans>
			</Dokuman>
			<Dokuman>
				<Kalem_no>16</Kalem_no>
				<Kod>0100</Kod>
				<Dogrulama>V</Dogrulama>
				<Belge_tarihi>19/02/2025</Belge_tarihi>
				<Referans>32846</Referans>
			</Dokuman>
			<Dokuman>
				<Kalem_no>16</Kalem_no>
				<Kod>0102</Kod>
				<Dogrulama>V</Dogrulama>
				<Belge_tarihi>05/03/2025</Belge_tarihi>
				<Referans>117696222-3-000345</Referans>
			</Dokuman>
			<Dokuman>
				<Kalem_no>17</Kalem_no>
				<Kod>0301</Kod>
				<Dogrulama>V</Dogrulama>
				<Belge_tarihi>20/02/2025</Belge_tarihi>
				<Referans>GA 0544115 T</Referans>
			</Dokuman>
			<Dokuman>
				<Kalem_no>17</Kalem_no>
				<Kod>0100</Kod>
				<Dogrulama>V</Dogrulama>
				<Belge_tarihi>19/02/2025</Belge_tarihi>
				<Referans>32846</Referans>
			</Dokuman>
			<Dokuman>
				<Kalem_no>17</Kalem_no>
				<Kod>0102</Kod>
				<Dogrulama>V</Dogrulama>
				<Belge_tarihi>05/03/2025</Belge_tarihi>
				<Referans>117696222-3-000345</Referans>
			</Dokuman>
		</Dokumanlar>
		<Vergiler>
			<Vergi>
				<Kalem_no>1</Kalem_no>
				<Kod>10</Kod>
				<Miktar>0</Miktar>
				<Oran>0</Oran>
				<Odeme_sekli>P</Odeme_sekli>
				<Vergi_matrahi>65397.54</Vergi_matrahi>
			</Vergi>
			<Vergi>
				<Kalem_no>1</Kalem_no>
				<Kod>40</Kod>
				<Miktar>13308.4</Miktar>
				<Oran>20</Oran>
				<Odeme_sekli>C</Odeme_sekli>
				<Vergi_matrahi>66541.98</Vergi_matrahi>
			</Vergi>
			<Vergi>
				<Kalem_no>1</Kalem_no>
				<Kod>89</Kod>
				<Miktar>898.2</Miktar>
				<Oran>0</Oran>
				<Odeme_sekli>P</Odeme_sekli>
				<Vergi_matrahi>0</Vergi_matrahi>
			</Vergi>
			<Vergi>
				<Kalem_no>2</Kalem_no>
				<Kod>10</Kod>
				<Miktar>0</Miktar>
				<Oran>0</Oran>
				<Odeme_sekli>P</Odeme_sekli>
				<Vergi_matrahi>118825.98</Vergi_matrahi>
			</Vergi>
			<Vergi>
				<Kalem_no>2</Kalem_no>
				<Kod>40</Kod>
				<Miktar>23854.64</Miktar>
				<Oran>20</Oran>
				<Odeme_sekli>C</Odeme_sekli>
				<Vergi_matrahi>119273.22</Vergi_matrahi>
			</Vergi>
			<Vergi>
				<Kalem_no>3</Kalem_no>
				<Kod>10</Kod>
				<Miktar>0</Miktar>
				<Oran>0</Oran>
				<Odeme_sekli>P</Odeme_sekli>
				<Vergi_matrahi>152502.54</Vergi_matrahi>
			</Vergi>
			<Vergi>
				<Kalem_no>3</Kalem_no>
				<Kod>40</Kod>
				<Miktar>30615.31</Miktar>
				<Oran>20</Oran>
				<Odeme_sekli>C</Odeme_sekli>
				<Vergi_matrahi>153076.53</Vergi_matrahi>
			</Vergi>
			<Vergi>
				<Kalem_no>4</Kalem_no>
				<Kod>10</Kod>
				<Miktar>0</Miktar>
				<Oran>0</Oran>
				<Odeme_sekli>P</Odeme_sekli>
				<Vergi_matrahi>67778.61</Vergi_matrahi>
			</Vergi>
			<Vergi>
				<Kalem_no>4</Kalem_no>
				<Kod>40</Kod>
				<Miktar>13606.74</Miktar>
				<Oran>20</Oran>
				<Odeme_sekli>C</Odeme_sekli>
				<Vergi_matrahi>68033.72</Vergi_matrahi>
			</Vergi>
			<Vergi>
				<Kalem_no>5</Kalem_no>
				<Kod>10</Kod>
				<Miktar>0</Miktar>
				<Oran>0</Oran>
				<Odeme_sekli>P</Odeme_sekli>
				<Vergi_matrahi>108658.86</Vergi_matrahi>
			</Vergi>
			<Vergi>
				<Kalem_no>5</Kalem_no>
				<Kod>40</Kod>
				<Miktar>21813.57</Miktar>
				<Oran>20</Oran>
				<Odeme_sekli>C</Odeme_sekli>
				<Vergi_matrahi>109067.83</Vergi_matrahi>
			</Vergi>
			<Vergi>
				<Kalem_no>6</Kalem_no>
				<Kod>10</Kod>
				<Miktar>0</Miktar>
				<Oran>0</Oran>
				<Odeme_sekli>P</Odeme_sekli>
				<Vergi_matrahi>47021.19</Vergi_matrahi>
			</Vergi>
			<Vergi>
				<Kalem_no>6</Kalem_no>
				<Kod>40</Kod>
				<Miktar>9439.63</Miktar>
				<Oran>20</Oran>
				<Odeme_sekli>C</Odeme_sekli>
				<Vergi_matrahi>47198.17</Vergi_matrahi>
			</Vergi>
			<Vergi>
				<Kalem_no>7</Kalem_no>
				<Kod>10</Kod>
				<Miktar>0</Miktar>
				<Oran>0</Oran>
				<Odeme_sekli>P</Odeme_sekli>
				<Vergi_matrahi>30246.6</Vergi_matrahi>
			</Vergi>
			<Vergi>
				<Kalem_no>7</Kalem_no>
				<Kod>40</Kod>
				<Miktar>6072.09</Miktar>
				<Oran>20</Oran>
				<Odeme_sekli>C</Odeme_sekli>
				<Vergi_matrahi>30360.44</Vergi_matrahi>
			</Vergi>
			<Vergi>
				<Kalem_no>8</Kalem_no>
				<Kod>10</Kod>
				<Miktar>0</Miktar>
				<Oran>0</Oran>
				<Odeme_sekli>P</Odeme_sekli>
				<Vergi_matrahi>33482.8</Vergi_matrahi>
			</Vergi>
			<Vergi>
				<Kalem_no>8</Kalem_no>
				<Kod>40</Kod>
				<Miktar>6721.76</Miktar>
				<Oran>20</Oran>
				<Odeme_sekli>C</Odeme_sekli>
				<Vergi_matrahi>33608.82</Vergi_matrahi>
			</Vergi>
			<Vergi>
				<Kalem_no>9</Kalem_no>
				<Kod>10</Kod>
				<Miktar>0</Miktar>
				<Oran>0</Oran>
				<Odeme_sekli>P</Odeme_sekli>
				<Vergi_matrahi>4024.64</Vergi_matrahi>
			</Vergi>
			<Vergi>
				<Kalem_no>9</Kalem_no>
				<Kod>40</Kod>
				<Miktar>807.96</Miktar>
				<Oran>20</Oran>
				<Odeme_sekli>C</Odeme_sekli>
				<Vergi_matrahi>4039.79</Vergi_matrahi>
			</Vergi>
			<Vergi>
				<Kalem_no>10</Kalem_no>
				<Kod>10</Kod>
				<Miktar>0</Miktar>
				<Oran>0</Oran>
				<Odeme_sekli>P</Odeme_sekli>
				<Vergi_matrahi>47657.31</Vergi_matrahi>
			</Vergi>
			<Vergi>
				<Kalem_no>10</Kalem_no>
				<Kod>40</Kod>
				<Miktar>9567.34</Miktar>
				<Oran>20</Oran>
				<Odeme_sekli>C</Odeme_sekli>
				<Vergi_matrahi>47836.68</Vergi_matrahi>
			</Vergi>
			<Vergi>
				<Kalem_no>11</Kalem_no>
				<Kod>10</Kod>
				<Miktar>0</Miktar>
				<Oran>0</Oran>
				<Odeme_sekli>P</Odeme_sekli>
				<Vergi_matrahi>153885.65</Vergi_matrahi>
			</Vergi>
			<Vergi>
				<Kalem_no>11</Kalem_no>
				<Kod>40</Kod>
				<Miktar>30892.97</Miktar>
				<Oran>20</Oran>
				<Odeme_sekli>C</Odeme_sekli>
				<Vergi_matrahi>154464.85</Vergi_matrahi>
			</Vergi>
			<Vergi>
				<Kalem_no>12</Kalem_no>
				<Kod>10</Kod>
				<Miktar>0</Miktar>
				<Oran>0</Oran>
				<Odeme_sekli>P</Odeme_sekli>
				<Vergi_matrahi>11895.14</Vergi_matrahi>
			</Vergi>
			<Vergi>
				<Kalem_no>12</Kalem_no>
				<Kod>40</Kod>
				<Miktar>2387.98</Miktar>
				<Oran>20</Oran>
				<Odeme_sekli>C</Odeme_sekli>
				<Vergi_matrahi>11939.91</Vergi_matrahi>
			</Vergi>
			<Vergi>
				<Kalem_no>13</Kalem_no>
				<Kod>10</Kod>
				<Miktar>0</Miktar>
				<Oran>0</Oran>
				<Odeme_sekli>P</Odeme_sekli>
				<Vergi_matrahi>55578.45</Vergi_matrahi>
			</Vergi>
			<Vergi>
				<Kalem_no>13</Kalem_no>
				<Kod>40</Kod>
				<Miktar>11157.53</Miktar>
				<Oran>20</Oran>
				<Odeme_sekli>C</Odeme_sekli>
				<Vergi_matrahi>55787.64</Vergi_matrahi>
			</Vergi>
			<Vergi>
				<Kalem_no>14</Kalem_no>
				<Kod>10</Kod>
				<Miktar>0</Miktar>
				<Oran>0</Oran>
				<Odeme_sekli>P</Odeme_sekli>
				<Vergi_matrahi>22240.67</Vergi_matrahi>
			</Vergi>
			<Vergi>
				<Kalem_no>14</Kalem_no>
				<Kod>40</Kod>
				<Miktar>4464.88</Miktar>
				<Oran>20</Oran>
				<Odeme_sekli>C</Odeme_sekli>
				<Vergi_matrahi>22324.38</Vergi_matrahi>
			</Vergi>
			<Vergi>
				<Kalem_no>15</Kalem_no>
				<Kod>10</Kod>
				<Miktar>0</Miktar>
				<Oran>0</Oran>
				<Odeme_sekli>P</Odeme_sekli>
				<Vergi_matrahi>53376.21</Vergi_matrahi>
			</Vergi>
			<Vergi>
				<Kalem_no>15</Kalem_no>
				<Kod>40</Kod>
				<Miktar>10715.42</Miktar>
				<Oran>20</Oran>
				<Odeme_sekli>C</Odeme_sekli>
				<Vergi_matrahi>53577.11</Vergi_matrahi>
			</Vergi>
			<Vergi>
				<Kalem_no>16</Kalem_no>
				<Kod>10</Kod>
				<Miktar>0</Miktar>
				<Oran>0</Oran>
				<Odeme_sekli>P</Odeme_sekli>
				<Vergi_matrahi>36769.67</Vergi_matrahi>
			</Vergi>
			<Vergi>
				<Kalem_no>16</Kalem_no>
				<Kod>40</Kod>
				<Miktar>7381.61</Miktar>
				<Oran>20</Oran>
				<Odeme_sekli>C</Odeme_sekli>
				<Vergi_matrahi>36908.07</Vergi_matrahi>
			</Vergi>
			<Vergi>
				<Kalem_no>17</Kalem_no>
				<Kod>10</Kod>
				<Miktar>0</Miktar>
				<Oran>0</Oran>
				<Odeme_sekli>P</Odeme_sekli>
				<Vergi_matrahi>53380.47</Vergi_matrahi>
			</Vergi>
			<Vergi>
				<Kalem_no>17</Kalem_no>
				<Kod>40</Kod>
				<Miktar>10716.28</Miktar>
				<Oran>20</Oran>
				<Odeme_sekli>C</Odeme_sekli>
				<Vergi_matrahi>53581.39</Vergi_matrahi>
			</Vergi>
		</Vergiler>
		<OdemeSekilleri>
			<OdemeSekli>
				<OdemeSekliKodu>1</OdemeSekliKodu>
				<OdemeTutari>25187.24</OdemeTutari>
			</OdemeSekli>
		</OdemeSekilleri>
		<mail1>ali.kilicarslan@kizilkaya.com.tr</mail1>
		<mail2>ali.kilicarslan@kizilkaya.com.tr</mail2>
		<mobil1>+905422312233</mobil1>
		<LimanKodu/>
		<FazlaMesaiID/>
		<OdeSaymanlikBilgi/>
	</BeyannameBilgi>
</Gelen>
