<?xml version="1.0" encoding="UTF-8"?>
<Gelen xmlns:xsi="http://www.w3.org/2001/XMLSchema-instance" xmlns:xsd="http://www.w3.org/2001/XMLSchema">
	<RefID>T25-03794</RefID>
	<KullaniciAdi>46450213454</KullaniciAdi>
	<Sifre>e9f0a004715c70367141c1cd2d391623</Sifre>
	<BeyannameBilgi xmlns="http://tempuri.org/">
		<Beyanname_no>25341300IM00051800</Beyanname_no>
		<Beyanname_Tarihi>12.03.2025</Beyanname_Tarihi>
		<Rejim>4071</Rejim>
		<GUMRUK>341300</GUMRUK>
		<Basitlestirilmis_usul/>
		<Yuk_belgeleri_sayisi>1</Yuk_belgeleri_sayisi>
		<Kap_adedi>1</Kap_adedi>
		<Ticaret_ulkesi>004</Ticaret_ulkesi>
		<Referans_no>2500393101-2500393102/3001/5500010523-5500011385/SAKCAN</Referans_no>
		<Cikis_ulkesi>004</Cikis_ulkesi>
		<Gidecegi_ulke/>
		<Gidecegi_sevk_ulkesi>068</Gidecegi_sevk_ulkesi>
		<Cikistaki_aracin_tipi>4</Cikistaki_aracin_tipi>
		<Cikistaki_aracin_kimligi>34 AJT 093/34 GGV 551</Cikistaki_aracin_kimligi>
		<Cikistaki_aracin_ulkesi>052</Cikistaki_aracin_ulkesi>
		<Teslim_sekli>EXW</Teslim_sekli>
		<Teslim_yeri>ALMANYA</Teslim_yeri>
		<Konteyner>HAYIR</Konteyner>
		<Sinirdaki_aracin_tipi>4</Sinirdaki_aracin_tipi>
		<Sinirdaki_aracin_kimligi>34 AJT 093/34 GGV 551</Sinirdaki_aracin_kimligi>
		<Sinirdaki_aracin_ulkesi>052</Sinirdaki_aracin_ulkesi>
		<Toplam_fatura>6013.75</Toplam_fatura>
		<Toplam_fatura_dovizi>EUR</Toplam_fatura_dovizi>
		<Toplam_navlun>3984.71</Toplam_navlun>
		<Toplan_navlun_dovizi>TRY</Toplan_navlun_dovizi>
		<Sinirdaki_tasima_sekli>30</Sinirdaki_tasima_sekli>
		<Alici_satici_iliskisi>6</Alici_satici_iliskisi>
		<Toplam_sigorta>398.47</Toplam_sigorta>
		<Toplam_sigorta_dovizi>TRY</Toplam_sigorta_dovizi>
		<Yukleme_bosaltma_yeri>MURATBEY GÜMRÜK MÜDÜRLÜĞÜ</Yukleme_bosaltma_yeri>
		<Toplam_yurt_disi_harcamalar>1992.36</Toplam_yurt_disi_harcamalar>
		<Toplam_yurt_disi_harcamalarin_dovizi>TRY</Toplam_yurt_disi_harcamalarin_dovizi>
		<Toplam_yurt_ici_harcamalar>4150</Toplam_yurt_ici_harcamalar>
		<Odeme_sekli>2</Odeme_sekli>
		<Banka_kodu>006401924034</Banka_kodu>
		<Esyanin_bulundugu_yer>A34000058 EVOLOG ANTREPO</Esyanin_bulundugu_yer>
		<Varis_gumruk_idaresi/>
		<Antrepo_kodu>A34000058</Antrepo_kodu>
		<Tasarlanan_guzergah/>
		<Telafi_edici_vergi>0</Telafi_edici_vergi>
		<Giris_gumruk_idaresi>220200</Giris_gumruk_idaresi>
		<Islemin_niteligi/>
		<Aciklamalar>VEKALET= KARTAL 12. NOTERLİĞİ 23.08.2024 - 29476  Gümrük yönetmeliğinin 564/3. maddesine istinaden   Kayıt No: 89941737 13.10.2023 * *ARDİYE FATURASI KDV LİDİR.*   [FOB Kıymetin %10u NavlunBedeli Olarak Alınmıştır.] [AEO:1-Yetkilendirilmiş Yükümlü TR/AEOF/24340015/19.07.2024]
[Ek belgelerle ile ilgili DGV arttırıldı Yiçi gidere eklendi.]</Aciklamalar>
		<Kullanici_kodu>46450213454</Kullanici_kodu>
		<Referans_tarihi/>
		<Odeme>PESIN</Odeme>
		<Odeme_araci>B</Odeme_araci>
		<Musavir_referansi>EVRT25-03794</Musavir_referansi>
		<Gonderici_vergi_no></Gonderici_vergi_no>
		<Alici_vergi_no>8140496162</Alici_vergi_no>
		<Beyan_sahibi_vergi_no>5610574424</Beyan_sahibi_vergi_no>
		<Musavir_vergi_no>8140496162</Musavir_vergi_no>
		<Firma_bilgi>
			<firma>
				<Tip>Gonderici</Tip>
				<Ulke_kodu>004</Ulke_kodu>
				<Kimlik_turu>YFKS</Kimlik_turu>
				<Faks>0</Faks>
				<No>18DE000008872/YFKS</No>
				<Adi_unvani>FEW FAHRZEUGELEKTRIKWERK GMBH&amp;CO.KG</Adi_unvani>
				<Cadde_s_no>Polierweg 60442 ZwenkauGERMANY</Cadde_s_no>
				<Telefon>0</Telefon>
			</firma>
		</Firma_bilgi>
		<Ozetbeyanlar/>
		<Kalemler>
			<kalem>
				<tcgbacmakapatma_bilgi>
					<tcgbacmakapatma>
						<Kapatilan_beyanname_no>25341300AN00035449</Kapatilan_beyanname_no>
						<Kapatilan_kalem_no>1</Kapatilan_kalem_no>
						<Kapatilan_miktar>14000</Kapatilan_miktar>
						<Aciklama/>
					</tcgbacmakapatma>
				</tcgbacmakapatma_bilgi>
				<OdemeSekilleri>
					<OdemeSekli>
						<OdemeSekliKodu>2</OdemeSekliKodu>
						<OdemeTutari>5410</OdemeTutari>
						<TBFID>25000000640887000035397</TBFID>
					</OdemeSekli>
				</OdemeSekilleri>
				<Gtip>854720000000</Gtip>
				<Imalatci_firma_bilgisi>HAYIR</Imalatci_firma_bilgisi>
				<Kalem_sira_no>1</Kalem_sira_no>
				<Mensei_ulke>004</Mensei_ulke>
				<Brut_agirlik>114.25</Brut_agirlik>
				<Net_agirlik>100</Net_agirlik>
				<Tamamlayici_olcu_birimi>C62</Tamamlayici_olcu_birimi>
				<Istatistiki_miktar>14000</Istatistiki_miktar>
				<Uluslararasi_anlasma>AT</Uluslararasi_anlasma>
				<Algilama_birimi_1/>
				<Algilama_miktari_1>0</Algilama_miktari_1>
				<Algilama_birimi_2/>
				<Algilama_miktari_2>0</Algilama_miktari_2>
				<Muafiyetler_1/>
				<Muafiyetler_2/>
				<Muafiyetler_3/>
				<Muafiyetler_4/>
				<Muafiyetler_5/>
				<Algilama_birimi_3/>
				<Algilama_miktari_3>0</Algilama_miktari_3>
				<Ek_kod/>
				<Ozellik>01</Ozellik>
				<Fatura_miktari>5410</Fatura_miktari>
				<Fatura_miktarinin_dovizi>EUR</Fatura_miktarinin_dovizi>
				<Sinir_gecis_ucreti>0</Sinir_gecis_ucreti>
				<Navlun_miktari>3584.67</Navlun_miktari>
				<Navlun_miktarinin_dovizi>TRY</Navlun_miktarinin_dovizi>
				<Istatistiki_kiymet>6050.87</Istatistiki_kiymet>
				<Sigorta_miktari>358.47</Sigorta_miktari>
				<Sigorta_miktarinin_dovizi>TRY</Sigorta_miktarinin_dovizi>
				<Yurt_ici_harcamalar>3733.36</Yurt_ici_harcamalar>
				<Tarifedeki_tanimi/>
				<Ticari_tanimi>İZOLE EDİCİ PLASTİK MUHAFAZA</Ticari_tanimi>
				<Marka>ADDR</Marka>
				<Numara>-</Numara>
				<Cinsi>BI</Cinsi>
				<Adedi>1</Adedi>
				<Miktar_birimi>C62</Miktar_birimi>
				<Mahrece_iade/>
				<Ikincil_islem/>
				<Satir_no/>
				<Miktar>14000</Miktar>
				<Kdv_orani/>
				<Kullanilmis_esya>K1</Kullanilmis_esya>
				<Aciklama_44/>
				<Imalatci_Vergino/>
				<Yurtici_Diger>3598.42</Yurtici_Diger>
				<Yurtici_Banka>134.94</Yurtici_Banka>
				<Yurtici_Depolama>0</Yurtici_Depolama>
				<Yurtici_Tahliye>0</Yurtici_Tahliye>
				<Yurtici_Liman>0</Yurtici_Liman>
				<Yurtici_Kultur>0</Yurtici_Kultur>
				<Yurtici_Kkdf>0</Yurtici_Kkdf>
				<KDV_Iceren_Yurtici_Giderler_Toplami>0</KDV_Iceren_Yurtici_Giderler_Toplami>
				<Yurtici_Cevre>0</Yurtici_Cevre>
				<Yurtici_Diger_Aciklama>Y.İÇİ</Yurtici_Diger_Aciklama>
				<Muafiyet_Aciklamasi/>
				<Referans_Tarihi/>
				<YurtDisi_Komisyon>0</YurtDisi_Komisyon>
				<YurtDisi_Demuraj>0</YurtDisi_Demuraj>
				<YurtDisi_Royalti>0</YurtDisi_Royalti>
				<YurtDisi_Faiz>0</YurtDisi_Faiz>
				<YurtDisi_Diger>1792.34</YurtDisi_Diger>
				<YurtDisi_Komisyon_Dovizi/>
				<YurtDisi_Demuraj_Dovizi/>
				<YurtDisi_Royalti_Dovizi/>
				<YurtDisi_Faiz_Dovizi/>
				<YurtDisi_Diger_Dovizi>TRY</YurtDisi_Diger_Dovizi>
				<YurtDisi_Diger_Aciklama>YURT DIŞI</YurtDisi_Diger_Aciklama>
				<Kalem_Islem_Niteligi>11</Kalem_Islem_Niteligi>
				<Giris_Cikis_Amaci/>
				<Giris_Cikis_Amaci_Aciklama/>
				<STM_IlKodu/>
				<EsyaGeriGelmeSebebi/>
				<EsyaGeriGelmeSebebiAciklamasi/>
				<SiparisTuru>9</SiparisTuru>
			</kalem>
			<kalem>
				<tcgbacmakapatma_bilgi>
					<tcgbacmakapatma>
						<Kapatilan_beyanname_no>25341300AN00035449</Kapatilan_beyanname_no>
						<Kapatilan_kalem_no>2</Kapatilan_kalem_no>
						<Kapatilan_miktar>750</Kapatilan_miktar>
						<Aciklama/>
					</tcgbacmakapatma>
				</tcgbacmakapatma_bilgi>
				<OdemeSekilleri>
					<OdemeSekli>
						<OdemeSekliKodu>2</OdemeSekliKodu>
						<OdemeTutari>603.75</OdemeTutari>
						<TBFID>25000000640887000035397</TBFID>
					</OdemeSekli>
				</OdemeSekilleri>
				<Gtip>854442900019</Gtip>
				<Imalatci_firma_bilgisi>HAYIR</Imalatci_firma_bilgisi>
				<Kalem_sira_no>2</Kalem_sira_no>
				<Mensei_ulke>004</Mensei_ulke>
				<Brut_agirlik>12.75</Brut_agirlik>
				<Net_agirlik>3.57</Net_agirlik>
				<Tamamlayici_olcu_birimi>C62</Tamamlayici_olcu_birimi>
				<Istatistiki_miktar>750</Istatistiki_miktar>
				<Uluslararasi_anlasma>AT</Uluslararasi_anlasma>
				<Algilama_birimi_1/>
				<Algilama_miktari_1>0</Algilama_miktari_1>
				<Algilama_birimi_2/>
				<Algilama_miktari_2>0</Algilama_miktari_2>
				<Muafiyetler_1>NKIST</Muafiyetler_1>
				<Muafiyetler_2/>
				<Muafiyetler_3/>
				<Muafiyetler_4/>
				<Muafiyetler_5/>
				<Algilama_birimi_3/>
				<Algilama_miktari_3>0</Algilama_miktari_3>
				<Ek_kod/>
				<Ozellik>01</Ozellik>
				<Fatura_miktari>603.75</Fatura_miktari>
				<Fatura_miktarinin_dovizi>EUR</Fatura_miktarinin_dovizi>
				<Sinir_gecis_ucreti>0</Sinir_gecis_ucreti>
				<Navlun_miktari>400.04</Navlun_miktari>
				<Navlun_miktarinin_dovizi>TRY</Navlun_miktarinin_dovizi>
				<Istatistiki_kiymet>675.27</Istatistiki_kiymet>
				<Sigorta_miktari>40</Sigorta_miktari>
				<Sigorta_miktarinin_dovizi>TRY</Sigorta_miktarinin_dovizi>
				<Yurt_ici_harcamalar>416.64</Yurt_ici_harcamalar>
				<Tarifedeki_tanimi/>
				<Ticari_tanimi>KABLOLU KONNEKTÖR</Ticari_tanimi>
				<Marka>ADDR</Marka>
				<Numara>-</Numara>
				<Cinsi>BI</Cinsi>
				<Adedi>1</Adedi>
				<Miktar_birimi>C62</Miktar_birimi>
				<Mahrece_iade/>
				<Ikincil_islem/>
				<Satir_no/>
				<Miktar>750</Miktar>
				<Kdv_orani>KDV18</Kdv_orani>
				<Kullanilmis_esya>K1</Kullanilmis_esya>
				<Aciklama_44>{ *AKÜ TAKVİYE KABLOSU DEĞİLDİR.* }</Aciklama_44>
				<Imalatci_Vergino/>
				<Yurtici_Diger>401.58</Yurtici_Diger>
				<Yurtici_Banka>15.06</Yurtici_Banka>
				<Yurtici_Depolama>0</Yurtici_Depolama>
				<Yurtici_Tahliye>0</Yurtici_Tahliye>
				<Yurtici_Liman>0</Yurtici_Liman>
				<Yurtici_Kultur>0</Yurtici_Kultur>
				<Yurtici_Kkdf>0</Yurtici_Kkdf>
				<KDV_Iceren_Yurtici_Giderler_Toplami>0</KDV_Iceren_Yurtici_Giderler_Toplami>
				<Yurtici_Cevre>0</Yurtici_Cevre>
				<Yurtici_Diger_Aciklama>Y.İÇİ</Yurtici_Diger_Aciklama>
				<Muafiyet_Aciklamasi/>
				<Referans_Tarihi/>
				<YurtDisi_Komisyon>0</YurtDisi_Komisyon>
				<YurtDisi_Demuraj>0</YurtDisi_Demuraj>
				<YurtDisi_Royalti>0</YurtDisi_Royalti>
				<YurtDisi_Faiz>0</YurtDisi_Faiz>
				<YurtDisi_Diger>200.02</YurtDisi_Diger>
				<YurtDisi_Komisyon_Dovizi/>
				<YurtDisi_Demuraj_Dovizi/>
				<YurtDisi_Royalti_Dovizi/>
				<YurtDisi_Faiz_Dovizi/>
				<YurtDisi_Diger_Dovizi>TRY</YurtDisi_Diger_Dovizi>
				<YurtDisi_Diger_Aciklama>YURT DIŞI</YurtDisi_Diger_Aciklama>
				<Kalem_Islem_Niteligi>11</Kalem_Islem_Niteligi>
				<Giris_Cikis_Amaci/>
				<Giris_Cikis_Amaci_Aciklama/>
				<STM_IlKodu/>
				<EsyaGeriGelmeSebebi/>
				<EsyaGeriGelmeSebebiAciklamasi/>
				<SiparisTuru>9</SiparisTuru>
			</kalem>
		</Kalemler>
		<Sorular_cevaplar>
			<Soru_Cevap>
				<Kalem_no>0</Kalem_no>
				<Soru_no>7780</Soru_no>
				<Cevap>HAYIR</Cevap>
			</Soru_Cevap>
			<Soru_Cevap>
				<Kalem_no>1</Kalem_no>
				<Soru_no>5178</Soru_no>
				<Cevap>HAYIR</Cevap>
			</Soru_Cevap>
			<Soru_Cevap>
				<Kalem_no>2</Kalem_no>
				<Soru_no>4293</Soru_no>
				<Cevap>HAYIR</Cevap>
			</Soru_Cevap>
			<Soru_Cevap>
				<Kalem_no>2</Kalem_no>
				<Soru_no>5178</Soru_no>
				<Cevap>HAYIR</Cevap>
			</Soru_Cevap>
		</Sorular_cevaplar>
		<Dokumanlar>
			<Dokuman>
				<Kalem_no>1</Kalem_no>
				<Kod>0100</Kod>
				<Dogrulama>V</Dogrulama>
				<Belge_tarihi>27/02/2025</Belge_tarihi>
				<Referans>2025-11001</Referans>
			</Dokuman>
			<Dokuman>
				<Kalem_no>1</Kalem_no>
				<Kod>0101</Kod>
				<Dogrulama>V</Dogrulama>
				<Belge_tarihi>11/03/2025</Belge_tarihi>
				<Referans>EVL2025000016712</Referans>
			</Dokuman>
			<Dokuman>
				<Kalem_no>1</Kalem_no>
				<Kod>0102</Kod>
				<Dogrulama>V</Dogrulama>
				<Belge_tarihi>10/03/2025</Belge_tarihi>
				<Referans>117696222-3-00376</Referans>
			</Dokuman>
			<Dokuman>
				<Kalem_no>1</Kalem_no>
				<Kod>0200</Kod>
				<Dogrulama>V</Dogrulama>
				<Belge_tarihi>11/03/2025</Belge_tarihi>
				<Referans>25341300AN00035449</Referans>
			</Dokuman>
			<Dokuman>
				<Kalem_no>1</Kalem_no>
				<Kod>0301</Kod>
				<Dogrulama>V</Dogrulama>
				<Belge_tarihi>27/02/2025</Belge_tarihi>
				<Referans>A 882035</Referans>
			</Dokuman>
			<Dokuman>
				<Kalem_no>1</Kalem_no>
				<Kod>0300</Kod>
				<Dogrulama>V</Dogrulama>
				<Belge_tarihi>27/02/2025</Belge_tarihi>
				<Referans>A 38487208</Referans>
			</Dokuman>
			<Dokuman>
				<Kalem_no>1</Kalem_no>
				<Kod>0887</Kod>
				<Dogrulama>V</Dogrulama>
				<Belge_tarihi>11/03/2025</Belge_tarihi>
				<Referans>25000000640887000035397/1</Referans>
			</Dokuman>
			<Dokuman>
				<Kalem_no>2</Kalem_no>
				<Kod>0100</Kod>
				<Dogrulama>V</Dogrulama>
				<Belge_tarihi>27/02/2025</Belge_tarihi>
				<Referans>2025-11002</Referans>
			</Dokuman>
			<Dokuman>
				<Kalem_no>2</Kalem_no>
				<Kod>0101</Kod>
				<Dogrulama>V</Dogrulama>
				<Belge_tarihi>11/03/2025</Belge_tarihi>
				<Referans>EVL2025000016712</Referans>
			</Dokuman>
			<Dokuman>
				<Kalem_no>2</Kalem_no>
				<Kod>0102</Kod>
				<Dogrulama>V</Dogrulama>
				<Belge_tarihi>10/03/2025</Belge_tarihi>
				<Referans>117696222-3-00376</Referans>
			</Dokuman>
			<Dokuman>
				<Kalem_no>2</Kalem_no>
				<Kod>0200</Kod>
				<Dogrulama>V</Dogrulama>
				<Belge_tarihi>11/03/2025</Belge_tarihi>
				<Referans>25341300AN00035449</Referans>
			</Dokuman>
			<Dokuman>
				<Kalem_no>2</Kalem_no>
				<Kod>0301</Kod>
				<Dogrulama>V</Dogrulama>
				<Belge_tarihi>27/02/2025</Belge_tarihi>
				<Referans>A 882035</Referans>
			</Dokuman>
			<Dokuman>
				<Kalem_no>2</Kalem_no>
				<Kod>0300</Kod>
				<Dogrulama>V</Dogrulama>
				<Belge_tarihi>27/02/2025</Belge_tarihi>
				<Referans>A 38487208</Referans>
			</Dokuman>
			<Dokuman>
				<Kalem_no>2</Kalem_no>
				<Kod>0887</Kod>
				<Dogrulama>V</Dogrulama>
				<Belge_tarihi>11/03/2025</Belge_tarihi>
				<Referans>25000000640887000035397/1</Referans>
			</Dokuman>
		</Dokumanlar>
		<Vergiler>
			<Vergi>
				<Kalem_no>1</Kalem_no>
				<Kod>10</Kod>
				<Miktar>0</Miktar>
				<Oran>0</Oran>
				<Odeme_sekli>P</Odeme_sekli>
				<Vergi_matrahi>221308.29</Vergi_matrahi>
			</Vergi>
			<Vergi>
				<Kalem_no>1</Kalem_no>
				<Kod>40</Kod>
				<Miktar>45234.11</Miktar>
				<Oran>20</Oran>
				<Odeme_sekli>P</Odeme_sekli>
				<Vergi_matrahi>226170.55</Vergi_matrahi>
			</Vergi>
			<Vergi>
				<Kalem_no>1</Kalem_no>
				<Kod>89</Kod>
				<Miktar>1128.9</Miktar>
				<Oran>0</Oran>
				<Odeme_sekli>P</Odeme_sekli>
				<Vergi_matrahi>0</Vergi_matrahi>
			</Vergi>
			<Vergi>
				<Kalem_no>2</Kalem_no>
				<Kod>10</Kod>
				<Miktar>0</Miktar>
				<Oran>0</Oran>
				<Odeme_sekli>P</Odeme_sekli>
				<Vergi_matrahi>24697.75</Vergi_matrahi>
			</Vergi>
			<Vergi>
				<Kalem_no>2</Kalem_no>
				<Kod>40</Kod>
				<Miktar>5022.88</Miktar>
				<Oran>20</Oran>
				<Odeme_sekli>P</Odeme_sekli>
				<Vergi_matrahi>25114.39</Vergi_matrahi>
			</Vergi>
		</Vergiler>
		<KiymetBildirim>
			<Kiymet>
				<TeslimSekli>EXW</TeslimSekli>
				<SozlesmeTarihiSayisi/>
				<FaturaTarihiSayisi>27.02.2025/2025-11001,27.02.2025/2025-11002</FaturaTarihiSayisi>
				<GumrukIdaresiKarari/>
				<AliciSatici>YOK</AliciSatici>
				<AliciSaticiAyrintilar/>
				<Kisitlamalar>HAYIR</Kisitlamalar>
				<Edim>HAYIR</Edim>
				<KisitlamalarAyrintilar/>
				<Royalti>HAYIR</Royalti>
				<RoyaltiKosullar/>
				<SaticiyaIntikal>HAYIR</SaticiyaIntikal>
				<SaticiyaIntikalKosullar/>
				<SehirYer>İSTANBUL</SehirYer>
				<Taahutname>EVET</Taahutname>
				<KiymetKalemler>
					<KiymetKalem>
						<KiymetKalemNo>1</KiymetKalemNo>
						<BeyannameKalemNo>1</BeyannameKalemNo>
						<DolayliOdeme>0</DolayliOdeme>
						<Komisyon>0</Komisyon>
						<Tellaliye>0</Tellaliye>
						<KapAmbalajBedeli>0</KapAmbalajBedeli>
						<IthalaKatilanMalzeme>0</IthalaKatilanMalzeme>
						<IthalaUretimAraclar>0</IthalaUretimAraclar>
						<IthalaUretimTuketimMalzemesi>0</IthalaUretimTuketimMalzemesi>
						<PlanTaslak>0</PlanTaslak>
						<RoyaltiLisans>0</RoyaltiLisans>
						<DolayliIntikal>0</DolayliIntikal>
						<Nakliye>3584.67</Nakliye>
						<Sigorta>358.47</Sigorta>
						<GirisSonrasiNakliye>0</GirisSonrasiNakliye>
						<TeknikYardim>0</TeknikYardim>
						<DigerOdemeler>0</DigerOdemeler>
						<DigerOdemelerNiteligi/>
						<VergiHarcFon>0</VergiHarcFon>
					</KiymetKalem>
					<KiymetKalem>
						<KiymetKalemNo>2</KiymetKalemNo>
						<BeyannameKalemNo>2</BeyannameKalemNo>
						<DolayliOdeme>0</DolayliOdeme>
						<Komisyon>0</Komisyon>
						<Tellaliye>0</Tellaliye>
						<KapAmbalajBedeli>0</KapAmbalajBedeli>
						<IthalaKatilanMalzeme>0</IthalaKatilanMalzeme>
						<IthalaUretimAraclar>0</IthalaUretimAraclar>
						<IthalaUretimTuketimMalzemesi>0</IthalaUretimTuketimMalzemesi>
						<PlanTaslak>0</PlanTaslak>
						<RoyaltiLisans>0</RoyaltiLisans>
						<DolayliIntikal>0</DolayliIntikal>
						<Nakliye>400.04</Nakliye>
						<Sigorta>40</Sigorta>
						<GirisSonrasiNakliye>0</GirisSonrasiNakliye>
						<TeknikYardim>0</TeknikYardim>
						<DigerOdemeler>0</DigerOdemeler>
						<DigerOdemelerNiteligi/>
						<VergiHarcFon>0</VergiHarcFon>
					</KiymetKalem>
				</KiymetKalemler>
			</Kiymet>
		</KiymetBildirim>
		<OdemeSekilleri>
			<OdemeSekli>
				<OdemeSekliKodu>2</OdemeSekliKodu>
				<OdemeTutari>6013.75</OdemeTutari>
			</OdemeSekli>
		</OdemeSekilleri>
		<mail1>ali.kilicarslan@kizilkaya.com.tr</mail1>
		<mail2>ali.kilicarslan@kizilkaya.com.tr</mail2>
		<mobil1>+905422312233</mobil1>
		<LimanKodu/>
		<FazlaMesaiID/>
		<OdeSaymanlikBilgi/>
	</BeyannameBilgi>
</Gelen>
