<?xml version="1.0" encoding="UTF-8"?>
<Gelen xmlns:xsi="http://www.w3.org/2001/XMLSchema-instance" xmlns:xsd="http://www.w3.org/2001/XMLSchema">
	<RefID>T24-19061</RefID>
	<KullaniciAdi>46450213454</KullaniciAdi>
	<Sifre>e9f0a004715c70367141c1cd2d391623</Sifre>
	<BeyannameBilgi xmlns="http://tempuri.org/">
		<Beyanname_no>25343100IM00015050</Beyanname_no>
		<Beyanname_Tarihi>21.01.2025</Beyanname_Tarihi>
		<Rejim>4000</Rejim>
		<GUMRUK>343100</GUMRUK>
		<Basitlestirilmis_usul/>
		<Yuk_belgeleri_sayisi>4</Yuk_belgeleri_sayisi>
		<Kap_adedi>1</Kap_adedi>
		<Ticaret_ulkesi>388</Ticaret_ulkesi>
		<Referans_no>2400652401-02-03-04-05-06-07-08-09-10-11-12-13/3001/5500005522--5855-5536-5561-5569-5537-5760-5824/S</Referans_no>
		<Cikis_ulkesi>388</Cikis_ulkesi>
		<Gidecegi_ulke/>
		<Gidecegi_sevk_ulkesi>388</Gidecegi_sevk_ulkesi>
		<Cikistaki_aracin_tipi>3</Cikistaki_aracin_tipi>
		<Cikistaki_aracin_kimligi>YM WIDTH</Cikistaki_aracin_kimligi>
		<Cikistaki_aracin_ulkesi>740</Cikistaki_aracin_ulkesi>
		<Teslim_sekli>EXW</Teslim_sekli>
		<Teslim_yeri>GÜNEY AFRİKA</Teslim_yeri>
		<Konteyner>EVET</Konteyner>
		<Sinirdaki_aracin_tipi>3</Sinirdaki_aracin_tipi>
		<Sinirdaki_aracin_kimligi>YM WIDTH</Sinirdaki_aracin_kimligi>
		<Sinirdaki_aracin_ulkesi>740</Sinirdaki_aracin_ulkesi>
		<Toplam_fatura>28572.5</Toplam_fatura>
		<Toplam_fatura_dovizi>EUR</Toplam_fatura_dovizi>
		<Toplam_navlun>27754.19</Toplam_navlun>
		<Toplan_navlun_dovizi>TRY</Toplan_navlun_dovizi>
		<Sinirdaki_tasima_sekli>10</Sinirdaki_tasima_sekli>
		<Alici_satici_iliskisi>6</Alici_satici_iliskisi>
		<Toplam_sigorta>1101.02</Toplam_sigorta>
		<Toplam_sigorta_dovizi>TRY</Toplam_sigorta_dovizi>
		<Yukleme_bosaltma_yeri>AMBARLI  GÜMRÜK MÜDÜRLÜGÜ</Yukleme_bosaltma_yeri>
		<Toplam_yurt_disi_harcamalar>5000</Toplam_yurt_disi_harcamalar>
		<Toplam_yurt_disi_harcamalarin_dovizi>TRY</Toplam_yurt_disi_harcamalarin_dovizi>
		<Toplam_yurt_ici_harcamalar>19150</Toplam_yurt_ici_harcamalar>
		<Odeme_sekli>2</Odeme_sekli>
		<Banka_kodu>006401111034</Banka_kodu>
		<Esyanin_bulundugu_yer>HURSAN GEÇİCİ DEPOLAMA</Esyanin_bulundugu_yer>
		<Varis_gumruk_idaresi/>
		<Antrepo_kodu/>
		<Tasarlanan_guzergah/>
		<Telafi_edici_vergi>0</Telafi_edici_vergi>
		<Giris_gumruk_idaresi>343100</Giris_gumruk_idaresi>
		<Islemin_niteligi/>
		<Aciklamalar>VEKALET= KARTAL 12. NOTERLİĞİ 23.08.2024 - 29476  [AEO:1-Yetkilendirilmiş Yükümlü TR/AEOF/24340015/19.07.2024]  ‘’konşimento damga vergisi yurt içi diğer giderde beyan edilmiştir   ‘’Yurt içinde oluşan ve KDV ödenmeyen giderler için beyan yapılmıştır   YÜK PARSİYELDİR r  Gümrük yönetmeliğnin 564/3. maddesine istinaden   Kayıt No: 8993762  13.11.2023 ANA ONEYSINE70446700 ARA SHI-100243</Aciklamalar>
		<Kullanici_kodu>46450213454</Kullanici_kodu>
		<Referans_tarihi/>
		<Odeme>PESIN</Odeme>
		<Odeme_araci>B</Odeme_araci>
		<Musavir_referansi>EVRT24-19061</Musavir_referansi>
		<Gonderici_vergi_no></Gonderici_vergi_no>
		<Alici_vergi_no>8140496162</Alici_vergi_no>
		<Beyan_sahibi_vergi_no>5610574424</Beyan_sahibi_vergi_no>
		<Musavir_vergi_no>8140496162</Musavir_vergi_no>
		<Firma_bilgi>
			<firma>
				<Tip>Gonderici</Tip>
				<Ulke_kodu>388</Ulke_kodu>
				<Kimlik_turu>YFKS</Kimlik_turu>
				<Faks/>
				<No>21ZA000677771/YFKS</No>
				<Adi_unvani>AE WIRING (PTY) LTD</Adi_unvani>
				<Cadde_s_no>P.O. BOX 23427GQEBERHA (PORT ELIZABETH)6000 / SOUTH AFRİCA</Cadde_s_no>
				<Telefon/>
			</firma>
		</Firma_bilgi>
		<Ozetbeyanlar>
			<Ozetbeyan>
				<ozbyacma_bilgi>
					<tasimasenetleri>
						<Tasima_senedi_no>SHI-100243</Tasima_senedi_no>
						<tasimasatir_bilgi>
							<tasimasatirlari>
								<Tasima_satir_no>1</Tasima_satir_no>
								<Ambar_kodu/>
								<Acilacak_miktar>1</Acilacak_miktar>
							</tasimasatirlari>
						</tasimasatir_bilgi>
					</tasimasenetleri>
				</ozbyacma_bilgi>
				<Ozetbeyan_no>24343100IM123525</Ozetbeyan_no>
				<Ozetbeyan_islem_kapsami>2</Ozetbeyan_islem_kapsami>
				<Ambar_ici>EVET</Ambar_ici>
				<Baska_rejim>HAYIR</Baska_rejim>
				<Aciklama/>
			</Ozetbeyan>
		</Ozetbeyanlar>
		<Kalemler>
			<kalem>
				<konteyner_Bilgi>
					<Konteyner>
						<Konteyner_No>SEGU9900050</Konteyner_No>
						<Ulke_Kodu></Ulke_Kodu>
					</Konteyner>
				</konteyner_Bilgi>
				<OdemeSekilleri>
					<OdemeSekli>
						<OdemeSekliKodu>2</OdemeSekliKodu>
						<OdemeTutari>2450</OdemeTutari>
						<TBFID>25000000640887000004278</TBFID>
					</OdemeSekli>
				</OdemeSekilleri>
				<Gtip>854442900019</Gtip>
				<Imalatci_firma_bilgisi>HAYIR</Imalatci_firma_bilgisi>
				<Kalem_sira_no>1</Kalem_sira_no>
				<Mensei_ulke>388</Mensei_ulke>
				<Brut_agirlik>14.83</Brut_agirlik>
				<Net_agirlik>11.54</Net_agirlik>
				<Tamamlayici_olcu_birimi>C62</Tamamlayici_olcu_birimi>
				<Istatistiki_miktar>1000</Istatistiki_miktar>
				<Uluslararasi_anlasma/>
				<Algilama_birimi_1/>
				<Algilama_miktari_1>0</Algilama_miktari_1>
				<Algilama_birimi_2/>
				<Algilama_miktari_2>0</Algilama_miktari_2>
				<Muafiyetler_1>NKIST</Muafiyetler_1>
				<Muafiyetler_2/>
				<Muafiyetler_3/>
				<Muafiyetler_4/>
				<Muafiyetler_5/>
				<Algilama_birimi_3/>
				<Algilama_miktari_3>0</Algilama_miktari_3>
				<Ek_kod/>
				<Ozellik>01</Ozellik>
				<Fatura_miktari>2450</Fatura_miktari>
				<Fatura_miktarinin_dovizi>EUR</Fatura_miktarinin_dovizi>
				<Sinir_gecis_ucreti>0</Sinir_gecis_ucreti>
				<Navlun_miktari>2379.16</Navlun_miktari>
				<Navlun_miktarinin_dovizi>TRY</Navlun_miktarinin_dovizi>
				<Istatistiki_kiymet>2608.57</Istatistiki_kiymet>
				<Sigorta_miktari>94.41</Sigorta_miktari>
				<Sigorta_miktarinin_dovizi>TRY</Sigorta_miktarinin_dovizi>
				<Yurt_ici_harcamalar>1642.04</Yurt_ici_harcamalar>
				<Tarifedeki_tanimi/>
				<Ticari_tanimi>KABLOLU KONNEKTÖR ,KABLO ( AKÜ  TAKVİYE  KABLOSU DEĞİLDİR )</Ticari_tanimi>
				<Marka>ADDR</Marka>
				<Numara>SEGU9900050</Numara>
				<Cinsi>BI</Cinsi>
				<Adedi>1</Adedi>
				<Miktar_birimi>C62</Miktar_birimi>
				<Mahrece_iade/>
				<Ikincil_islem/>
				<Satir_no/>
				<Miktar>1000</Miktar>
				<Kdv_orani>KDV18</Kdv_orani>
				<Kullanilmis_esya>K1</Kullanilmis_esya>
				<Aciklama_44/>
				<Imalatci_Vergino/>
				<Yurtici_Diger>428.73</Yurtici_Diger>
				<Yurtici_Banka>12.86</Yurtici_Banka>
				<Yurtici_Depolama>771.72</Yurtici_Depolama>
				<Yurtici_Tahliye>0</Yurtici_Tahliye>
				<Yurtici_Liman>428.73</Yurtici_Liman>
				<Yurtici_Kultur>0</Yurtici_Kultur>
				<Yurtici_Kkdf>0</Yurtici_Kkdf>
				<KDV_Iceren_Yurtici_Giderler_Toplami>0</KDV_Iceren_Yurtici_Giderler_Toplami>
				<Yurtici_Cevre>0</Yurtici_Cevre>
				<Yurtici_Diger_Aciklama>Y.İÇİ</Yurtici_Diger_Aciklama>
				<Muafiyet_Aciklamasi/>
				<Referans_Tarihi/>
				<YurtDisi_Komisyon>0</YurtDisi_Komisyon>
				<YurtDisi_Demuraj>0</YurtDisi_Demuraj>
				<YurtDisi_Royalti>0</YurtDisi_Royalti>
				<YurtDisi_Faiz>0</YurtDisi_Faiz>
				<YurtDisi_Diger>428.73</YurtDisi_Diger>
				<YurtDisi_Komisyon_Dovizi/>
				<YurtDisi_Demuraj_Dovizi/>
				<YurtDisi_Royalti_Dovizi/>
				<YurtDisi_Faiz_Dovizi/>
				<YurtDisi_Diger_Dovizi>TRY</YurtDisi_Diger_Dovizi>
				<YurtDisi_Diger_Aciklama>YURT DIŞI</YurtDisi_Diger_Aciklama>
				<Kalem_Islem_Niteligi>11</Kalem_Islem_Niteligi>
				<Giris_Cikis_Amaci/>
				<Giris_Cikis_Amaci_Aciklama/>
				<STM_IlKodu/>
				<EsyaGeriGelmeSebebi/>
				<EsyaGeriGelmeSebebiAciklamasi/>
				<SiparisTuru>9</SiparisTuru>
			</kalem>
			<kalem>
				<konteyner_Bilgi>
					<Konteyner>
						<Konteyner_No>SEGU9900050</Konteyner_No>
						<Ulke_Kodu></Ulke_Kodu>
					</Konteyner>
				</konteyner_Bilgi>
				<OdemeSekilleri>
					<OdemeSekli>
						<OdemeSekliKodu>2</OdemeSekliKodu>
						<OdemeTutari>2700</OdemeTutari>
						<TBFID>25000000640887000004278</TBFID>
					</OdemeSekli>
				</OdemeSekilleri>
				<Gtip>854442900019</Gtip>
				<Imalatci_firma_bilgisi>HAYIR</Imalatci_firma_bilgisi>
				<Kalem_sira_no>2</Kalem_sira_no>
				<Mensei_ulke>388</Mensei_ulke>
				<Brut_agirlik>16.35</Brut_agirlik>
				<Net_agirlik>12.71</Net_agirlik>
				<Tamamlayici_olcu_birimi>C62</Tamamlayici_olcu_birimi>
				<Istatistiki_miktar>1000</Istatistiki_miktar>
				<Uluslararasi_anlasma/>
				<Algilama_birimi_1/>
				<Algilama_miktari_1>0</Algilama_miktari_1>
				<Algilama_birimi_2/>
				<Algilama_miktari_2>0</Algilama_miktari_2>
				<Muafiyetler_1>NKIST</Muafiyetler_1>
				<Muafiyetler_2/>
				<Muafiyetler_3/>
				<Muafiyetler_4/>
				<Muafiyetler_5/>
				<Algilama_birimi_3/>
				<Algilama_miktari_3>0</Algilama_miktari_3>
				<Ek_kod/>
				<Ozellik>01</Ozellik>
				<Fatura_miktari>2700</Fatura_miktari>
				<Fatura_miktarinin_dovizi>EUR</Fatura_miktarinin_dovizi>
				<Sinir_gecis_ucreti>0</Sinir_gecis_ucreti>
				<Navlun_miktari>2623.01</Navlun_miktari>
				<Navlun_miktarinin_dovizi>TRY</Navlun_miktarinin_dovizi>
				<Istatistiki_kiymet>2874.78</Istatistiki_kiymet>
				<Sigorta_miktari>104.04</Sigorta_miktari>
				<Sigorta_miktarinin_dovizi>TRY</Sigorta_miktarinin_dovizi>
				<Yurt_ici_harcamalar>1809.6</Yurt_ici_harcamalar>
				<Tarifedeki_tanimi/>
				<Ticari_tanimi>KABLOLU KONNEKTÖR ,KABLO ( AKÜ  TAKVİYE  KABLOSU DEĞİLDİR )</Ticari_tanimi>
				<Marka>ADDR</Marka>
				<Numara>SEGU9900050</Numara>
				<Cinsi>BI</Cinsi>
				<Adedi>1</Adedi>
				<Miktar_birimi>C62</Miktar_birimi>
				<Mahrece_iade/>
				<Ikincil_islem/>
				<Satir_no/>
				<Miktar>1000</Miktar>
				<Kdv_orani>KDV18</Kdv_orani>
				<Kullanilmis_esya>K1</Kullanilmis_esya>
				<Aciklama_44/>
				<Imalatci_Vergino/>
				<Yurtici_Diger>472.48</Yurtici_Diger>
				<Yurtici_Banka>14.17</Yurtici_Banka>
				<Yurtici_Depolama>850.47</Yurtici_Depolama>
				<Yurtici_Tahliye>0</Yurtici_Tahliye>
				<Yurtici_Liman>472.48</Yurtici_Liman>
				<Yurtici_Kultur>0</Yurtici_Kultur>
				<Yurtici_Kkdf>0</Yurtici_Kkdf>
				<KDV_Iceren_Yurtici_Giderler_Toplami>0</KDV_Iceren_Yurtici_Giderler_Toplami>
				<Yurtici_Cevre>0</Yurtici_Cevre>
				<Yurtici_Diger_Aciklama>Y.İÇİ</Yurtici_Diger_Aciklama>
				<Muafiyet_Aciklamasi/>
				<Referans_Tarihi/>
				<YurtDisi_Komisyon>0</YurtDisi_Komisyon>
				<YurtDisi_Demuraj>0</YurtDisi_Demuraj>
				<YurtDisi_Royalti>0</YurtDisi_Royalti>
				<YurtDisi_Faiz>0</YurtDisi_Faiz>
				<YurtDisi_Diger>472.48</YurtDisi_Diger>
				<YurtDisi_Komisyon_Dovizi/>
				<YurtDisi_Demuraj_Dovizi/>
				<YurtDisi_Royalti_Dovizi/>
				<YurtDisi_Faiz_Dovizi/>
				<YurtDisi_Diger_Dovizi>TRY</YurtDisi_Diger_Dovizi>
				<YurtDisi_Diger_Aciklama>YURT DIŞI</YurtDisi_Diger_Aciklama>
				<Kalem_Islem_Niteligi>11</Kalem_Islem_Niteligi>
				<Giris_Cikis_Amaci/>
				<Giris_Cikis_Amaci_Aciklama/>
				<STM_IlKodu/>
				<EsyaGeriGelmeSebebi/>
				<EsyaGeriGelmeSebebiAciklamasi/>
				<SiparisTuru>9</SiparisTuru>
			</kalem>
			<kalem>
				<konteyner_Bilgi>
					<Konteyner>
						<Konteyner_No>SEGU9900050</Konteyner_No>
						<Ulke_Kodu></Ulke_Kodu>
					</Konteyner>
				</konteyner_Bilgi>
				<OdemeSekilleri>
					<OdemeSekli>
						<OdemeSekliKodu>2</OdemeSekliKodu>
						<OdemeTutari>968</OdemeTutari>
						<TBFID>25000000640887000004278</TBFID>
					</OdemeSekli>
				</OdemeSekilleri>
				<Gtip>854442900019</Gtip>
				<Imalatci_firma_bilgisi>HAYIR</Imalatci_firma_bilgisi>
				<Kalem_sira_no>3</Kalem_sira_no>
				<Mensei_ulke>388</Mensei_ulke>
				<Brut_agirlik>5.86</Brut_agirlik>
				<Net_agirlik>4.56</Net_agirlik>
				<Tamamlayici_olcu_birimi>C62</Tamamlayici_olcu_birimi>
				<Istatistiki_miktar>400</Istatistiki_miktar>
				<Uluslararasi_anlasma/>
				<Algilama_birimi_1/>
				<Algilama_miktari_1>0</Algilama_miktari_1>
				<Algilama_birimi_2/>
				<Algilama_miktari_2>0</Algilama_miktari_2>
				<Muafiyetler_1>NKIST</Muafiyetler_1>
				<Muafiyetler_2/>
				<Muafiyetler_3/>
				<Muafiyetler_4/>
				<Muafiyetler_5/>
				<Algilama_birimi_3/>
				<Algilama_miktari_3>0</Algilama_miktari_3>
				<Ek_kod/>
				<Ozellik>01</Ozellik>
				<Fatura_miktari>968</Fatura_miktari>
				<Fatura_miktarinin_dovizi>EUR</Fatura_miktarinin_dovizi>
				<Sinir_gecis_ucreti>0</Sinir_gecis_ucreti>
				<Navlun_miktari>940.11</Navlun_miktari>
				<Navlun_miktarinin_dovizi>TRY</Navlun_miktarinin_dovizi>
				<Istatistiki_kiymet>1030.66</Istatistiki_kiymet>
				<Sigorta_miktari>37.3</Sigorta_miktari>
				<Sigorta_miktarinin_dovizi>TRY</Sigorta_miktarinin_dovizi>
				<Yurt_ici_harcamalar>648.77</Yurt_ici_harcamalar>
				<Tarifedeki_tanimi/>
				<Ticari_tanimi>KABLOLU KONNEKTÖR ,KABLO ( AKÜ  TAKVİYE  KABLOSU DEĞİLDİR )</Ticari_tanimi>
				<Marka>ADDR</Marka>
				<Numara>SEGU9900050</Numara>
				<Cinsi>BI</Cinsi>
				<Adedi>1</Adedi>
				<Miktar_birimi>C62</Miktar_birimi>
				<Mahrece_iade/>
				<Ikincil_islem/>
				<Satir_no/>
				<Miktar>400</Miktar>
				<Kdv_orani>KDV18</Kdv_orani>
				<Kullanilmis_esya>K1</Kullanilmis_esya>
				<Aciklama_44/>
				<Imalatci_Vergino/>
				<Yurtici_Diger>169.39</Yurtici_Diger>
				<Yurtici_Banka>5.08</Yurtici_Banka>
				<Yurtici_Depolama>304.91</Yurtici_Depolama>
				<Yurtici_Tahliye>0</Yurtici_Tahliye>
				<Yurtici_Liman>169.39</Yurtici_Liman>
				<Yurtici_Kultur>0</Yurtici_Kultur>
				<Yurtici_Kkdf>0</Yurtici_Kkdf>
				<KDV_Iceren_Yurtici_Giderler_Toplami>0</KDV_Iceren_Yurtici_Giderler_Toplami>
				<Yurtici_Cevre>0</Yurtici_Cevre>
				<Yurtici_Diger_Aciklama>Y.İÇİ</Yurtici_Diger_Aciklama>
				<Muafiyet_Aciklamasi/>
				<Referans_Tarihi/>
				<YurtDisi_Komisyon>0</YurtDisi_Komisyon>
				<YurtDisi_Demuraj>0</YurtDisi_Demuraj>
				<YurtDisi_Royalti>0</YurtDisi_Royalti>
				<YurtDisi_Faiz>0</YurtDisi_Faiz>
				<YurtDisi_Diger>169.39</YurtDisi_Diger>
				<YurtDisi_Komisyon_Dovizi/>
				<YurtDisi_Demuraj_Dovizi/>
				<YurtDisi_Royalti_Dovizi/>
				<YurtDisi_Faiz_Dovizi/>
				<YurtDisi_Diger_Dovizi>TRY</YurtDisi_Diger_Dovizi>
				<YurtDisi_Diger_Aciklama>YURT DIŞI</YurtDisi_Diger_Aciklama>
				<Kalem_Islem_Niteligi>11</Kalem_Islem_Niteligi>
				<Giris_Cikis_Amaci/>
				<Giris_Cikis_Amaci_Aciklama/>
				<STM_IlKodu/>
				<EsyaGeriGelmeSebebi/>
				<EsyaGeriGelmeSebebiAciklamasi/>
				<SiparisTuru>9</SiparisTuru>
			</kalem>
			<kalem>
				<konteyner_Bilgi>
					<Konteyner>
						<Konteyner_No>SEGU9900050</Konteyner_No>
						<Ulke_Kodu></Ulke_Kodu>
					</Konteyner>
				</konteyner_Bilgi>
				<OdemeSekilleri>
					<OdemeSekli>
						<OdemeSekliKodu>2</OdemeSekliKodu>
						<OdemeTutari>2289</OdemeTutari>
						<TBFID>25000000640887000004278</TBFID>
					</OdemeSekli>
				</OdemeSekilleri>
				<Gtip>854442900019</Gtip>
				<Imalatci_firma_bilgisi>HAYIR</Imalatci_firma_bilgisi>
				<Kalem_sira_no>4</Kalem_sira_no>
				<Mensei_ulke>388</Mensei_ulke>
				<Brut_agirlik>13.86</Brut_agirlik>
				<Net_agirlik>10.78</Net_agirlik>
				<Tamamlayici_olcu_birimi>C62</Tamamlayici_olcu_birimi>
				<Istatistiki_miktar>700</Istatistiki_miktar>
				<Uluslararasi_anlasma/>
				<Algilama_birimi_1/>
				<Algilama_miktari_1>0</Algilama_miktari_1>
				<Algilama_birimi_2/>
				<Algilama_miktari_2>0</Algilama_miktari_2>
				<Muafiyetler_1>NKIST</Muafiyetler_1>
				<Muafiyetler_2/>
				<Muafiyetler_3/>
				<Muafiyetler_4/>
				<Muafiyetler_5/>
				<Algilama_birimi_3/>
				<Algilama_miktari_3>0</Algilama_miktari_3>
				<Ek_kod/>
				<Ozellik>01</Ozellik>
				<Fatura_miktari>2289</Fatura_miktari>
				<Fatura_miktarinin_dovizi>EUR</Fatura_miktarinin_dovizi>
				<Sinir_gecis_ucreti>0</Sinir_gecis_ucreti>
				<Navlun_miktari>2223.54</Navlun_miktari>
				<Navlun_miktarinin_dovizi>TRY</Navlun_miktarinin_dovizi>
				<Istatistiki_kiymet>2437.17</Istatistiki_kiymet>
				<Sigorta_miktari>88.2</Sigorta_miktari>
				<Sigorta_miktarinin_dovizi>TRY</Sigorta_miktarinin_dovizi>
				<Yurt_ici_harcamalar>1534.15</Yurt_ici_harcamalar>
				<Tarifedeki_tanimi/>
				<Ticari_tanimi>KABLOLU KONNEKTÖR ,KABLO ( AKÜ  TAKVİYE  KABLOSU DEĞİLDİR )</Ticari_tanimi>
				<Marka>ADDR</Marka>
				<Numara>SEGU9900050</Numara>
				<Cinsi>BI</Cinsi>
				<Adedi>1</Adedi>
				<Miktar_birimi>C62</Miktar_birimi>
				<Mahrece_iade/>
				<Ikincil_islem/>
				<Satir_no/>
				<Miktar>700</Miktar>
				<Kdv_orani>KDV18</Kdv_orani>
				<Kullanilmis_esya>K1</Kullanilmis_esya>
				<Aciklama_44/>
				<Imalatci_Vergino/>
				<Yurtici_Diger>400.56</Yurtici_Diger>
				<Yurtici_Banka>12.02</Yurtici_Banka>
				<Yurtici_Depolama>721.01</Yurtici_Depolama>
				<Yurtici_Tahliye>0</Yurtici_Tahliye>
				<Yurtici_Liman>400.56</Yurtici_Liman>
				<Yurtici_Kultur>0</Yurtici_Kultur>
				<Yurtici_Kkdf>0</Yurtici_Kkdf>
				<KDV_Iceren_Yurtici_Giderler_Toplami>0</KDV_Iceren_Yurtici_Giderler_Toplami>
				<Yurtici_Cevre>0</Yurtici_Cevre>
				<Yurtici_Diger_Aciklama>Y.İÇİ</Yurtici_Diger_Aciklama>
				<Muafiyet_Aciklamasi/>
				<Referans_Tarihi/>
				<YurtDisi_Komisyon>0</YurtDisi_Komisyon>
				<YurtDisi_Demuraj>0</YurtDisi_Demuraj>
				<YurtDisi_Royalti>0</YurtDisi_Royalti>
				<YurtDisi_Faiz>0</YurtDisi_Faiz>
				<YurtDisi_Diger>400.56</YurtDisi_Diger>
				<YurtDisi_Komisyon_Dovizi/>
				<YurtDisi_Demuraj_Dovizi/>
				<YurtDisi_Royalti_Dovizi/>
				<YurtDisi_Faiz_Dovizi/>
				<YurtDisi_Diger_Dovizi>TRY</YurtDisi_Diger_Dovizi>
				<YurtDisi_Diger_Aciklama>YURT DIŞI</YurtDisi_Diger_Aciklama>
				<Kalem_Islem_Niteligi>11</Kalem_Islem_Niteligi>
				<Giris_Cikis_Amaci/>
				<Giris_Cikis_Amaci_Aciklama/>
				<STM_IlKodu/>
				<EsyaGeriGelmeSebebi/>
				<EsyaGeriGelmeSebebiAciklamasi/>
				<SiparisTuru>9</SiparisTuru>
			</kalem>
			<kalem>
				<konteyner_Bilgi>
					<Konteyner>
						<Konteyner_No>SEGU9900050</Konteyner_No>
						<Ulke_Kodu></Ulke_Kodu>
					</Konteyner>
				</konteyner_Bilgi>
				<OdemeSekilleri>
					<OdemeSekli>
						<OdemeSekliKodu>2</OdemeSekliKodu>
						<OdemeTutari>2060</OdemeTutari>
						<TBFID>25000000640887000004278</TBFID>
					</OdemeSekli>
				</OdemeSekilleri>
				<Gtip>854442900019</Gtip>
				<Imalatci_firma_bilgisi>HAYIR</Imalatci_firma_bilgisi>
				<Kalem_sira_no>5</Kalem_sira_no>
				<Mensei_ulke>388</Mensei_ulke>
				<Brut_agirlik>12.47</Brut_agirlik>
				<Net_agirlik>9.7</Net_agirlik>
				<Tamamlayici_olcu_birimi>C62</Tamamlayici_olcu_birimi>
				<Istatistiki_miktar>500</Istatistiki_miktar>
				<Uluslararasi_anlasma/>
				<Algilama_birimi_1/>
				<Algilama_miktari_1>0</Algilama_miktari_1>
				<Algilama_birimi_2/>
				<Algilama_miktari_2>0</Algilama_miktari_2>
				<Muafiyetler_1>NKIST</Muafiyetler_1>
				<Muafiyetler_2/>
				<Muafiyetler_3/>
				<Muafiyetler_4/>
				<Muafiyetler_5/>
				<Algilama_birimi_3/>
				<Algilama_miktari_3>0</Algilama_miktari_3>
				<Ek_kod/>
				<Ozellik>01</Ozellik>
				<Fatura_miktari>2060</Fatura_miktari>
				<Fatura_miktarinin_dovizi>EUR</Fatura_miktarinin_dovizi>
				<Sinir_gecis_ucreti>0</Sinir_gecis_ucreti>
				<Navlun_miktari>2000.55</Navlun_miktari>
				<Navlun_miktarinin_dovizi>TRY</Navlun_miktarinin_dovizi>
				<Istatistiki_kiymet>2193.33</Istatistiki_kiymet>
				<Sigorta_miktari>79.38</Sigorta_miktari>
				<Sigorta_miktarinin_dovizi>TRY</Sigorta_miktarinin_dovizi>
				<Yurt_ici_harcamalar>1380.67</Yurt_ici_harcamalar>
				<Tarifedeki_tanimi/>
				<Ticari_tanimi>KABLOLU KONNEKTÖR ,KABLO ( AKÜ  TAKVİYE  KABLOSU DEĞİLDİR )</Ticari_tanimi>
				<Marka>ADDR</Marka>
				<Numara>SEGU9900050</Numara>
				<Cinsi>BI</Cinsi>
				<Adedi>1</Adedi>
				<Miktar_birimi>C62</Miktar_birimi>
				<Mahrece_iade/>
				<Ikincil_islem/>
				<Satir_no/>
				<Miktar>500</Miktar>
				<Kdv_orani>KDV18</Kdv_orani>
				<Kullanilmis_esya>K1</Kullanilmis_esya>
				<Aciklama_44/>
				<Imalatci_Vergino/>
				<Yurtici_Diger>360.49</Yurtici_Diger>
				<Yurtici_Banka>10.81</Yurtici_Banka>
				<Yurtici_Depolama>648.88</Yurtici_Depolama>
				<Yurtici_Tahliye>0</Yurtici_Tahliye>
				<Yurtici_Liman>360.49</Yurtici_Liman>
				<Yurtici_Kultur>0</Yurtici_Kultur>
				<Yurtici_Kkdf>0</Yurtici_Kkdf>
				<KDV_Iceren_Yurtici_Giderler_Toplami>0</KDV_Iceren_Yurtici_Giderler_Toplami>
				<Yurtici_Cevre>0</Yurtici_Cevre>
				<Yurtici_Diger_Aciklama>Y.İÇİ</Yurtici_Diger_Aciklama>
				<Muafiyet_Aciklamasi/>
				<Referans_Tarihi/>
				<YurtDisi_Komisyon>0</YurtDisi_Komisyon>
				<YurtDisi_Demuraj>0</YurtDisi_Demuraj>
				<YurtDisi_Royalti>0</YurtDisi_Royalti>
				<YurtDisi_Faiz>0</YurtDisi_Faiz>
				<YurtDisi_Diger>360.49</YurtDisi_Diger>
				<YurtDisi_Komisyon_Dovizi/>
				<YurtDisi_Demuraj_Dovizi/>
				<YurtDisi_Royalti_Dovizi/>
				<YurtDisi_Faiz_Dovizi/>
				<YurtDisi_Diger_Dovizi>TRY</YurtDisi_Diger_Dovizi>
				<YurtDisi_Diger_Aciklama>YURT DIŞI</YurtDisi_Diger_Aciklama>
				<Kalem_Islem_Niteligi>11</Kalem_Islem_Niteligi>
				<Giris_Cikis_Amaci/>
				<Giris_Cikis_Amaci_Aciklama/>
				<STM_IlKodu/>
				<EsyaGeriGelmeSebebi/>
				<EsyaGeriGelmeSebebiAciklamasi/>
				<SiparisTuru>9</SiparisTuru>
			</kalem>
			<kalem>
				<konteyner_Bilgi>
					<Konteyner>
						<Konteyner_No>SEGU9900050</Konteyner_No>
						<Ulke_Kodu></Ulke_Kodu>
					</Konteyner>
				</konteyner_Bilgi>
				<OdemeSekilleri>
					<OdemeSekli>
						<OdemeSekliKodu>2</OdemeSekliKodu>
						<OdemeTutari>2100</OdemeTutari>
						<TBFID>25000000640887000004278</TBFID>
					</OdemeSekli>
				</OdemeSekilleri>
				<Gtip>854442900019</Gtip>
				<Imalatci_firma_bilgisi>HAYIR</Imalatci_firma_bilgisi>
				<Kalem_sira_no>6</Kalem_sira_no>
				<Mensei_ulke>388</Mensei_ulke>
				<Brut_agirlik>12.72</Brut_agirlik>
				<Net_agirlik>9.89</Net_agirlik>
				<Tamamlayici_olcu_birimi>C62</Tamamlayici_olcu_birimi>
				<Istatistiki_miktar>1000</Istatistiki_miktar>
				<Uluslararasi_anlasma/>
				<Algilama_birimi_1/>
				<Algilama_miktari_1>0</Algilama_miktari_1>
				<Algilama_birimi_2/>
				<Algilama_miktari_2>0</Algilama_miktari_2>
				<Muafiyetler_1>NKIST</Muafiyetler_1>
				<Muafiyetler_2/>
				<Muafiyetler_3/>
				<Muafiyetler_4/>
				<Muafiyetler_5/>
				<Algilama_birimi_3/>
				<Algilama_miktari_3>0</Algilama_miktari_3>
				<Ek_kod/>
				<Ozellik>01</Ozellik>
				<Fatura_miktari>2100</Fatura_miktari>
				<Fatura_miktarinin_dovizi>EUR</Fatura_miktarinin_dovizi>
				<Sinir_gecis_ucreti>0</Sinir_gecis_ucreti>
				<Navlun_miktari>2040.65</Navlun_miktari>
				<Navlun_miktarinin_dovizi>TRY</Navlun_miktarinin_dovizi>
				<Istatistiki_kiymet>2235.96</Istatistiki_kiymet>
				<Sigorta_miktari>80.92</Sigorta_miktari>
				<Sigorta_miktarinin_dovizi>TRY</Sigorta_miktarinin_dovizi>
				<Yurt_ici_harcamalar>1407.48</Yurt_ici_harcamalar>
				<Tarifedeki_tanimi/>
				<Ticari_tanimi>KABLOLU KONNEKTÖR ,KABLO ( AKÜ  TAKVİYE  KABLOSU DEĞİLDİR )</Ticari_tanimi>
				<Marka>ADDR</Marka>
				<Numara>SEGU9900050</Numara>
				<Cinsi>BI</Cinsi>
				<Adedi>1</Adedi>
				<Miktar_birimi>C62</Miktar_birimi>
				<Mahrece_iade/>
				<Ikincil_islem/>
				<Satir_no/>
				<Miktar>1000</Miktar>
				<Kdv_orani>KDV18</Kdv_orani>
				<Kullanilmis_esya>K1</Kullanilmis_esya>
				<Aciklama_44/>
				<Imalatci_Vergino/>
				<Yurtici_Diger>367.49</Yurtici_Diger>
				<Yurtici_Banka>11.02</Yurtici_Banka>
				<Yurtici_Depolama>661.48</Yurtici_Depolama>
				<Yurtici_Tahliye>0</Yurtici_Tahliye>
				<Yurtici_Liman>367.49</Yurtici_Liman>
				<Yurtici_Kultur>0</Yurtici_Kultur>
				<Yurtici_Kkdf>0</Yurtici_Kkdf>
				<KDV_Iceren_Yurtici_Giderler_Toplami>0</KDV_Iceren_Yurtici_Giderler_Toplami>
				<Yurtici_Cevre>0</Yurtici_Cevre>
				<Yurtici_Diger_Aciklama>Y.İÇİ</Yurtici_Diger_Aciklama>
				<Muafiyet_Aciklamasi/>
				<Referans_Tarihi/>
				<YurtDisi_Komisyon>0</YurtDisi_Komisyon>
				<YurtDisi_Demuraj>0</YurtDisi_Demuraj>
				<YurtDisi_Royalti>0</YurtDisi_Royalti>
				<YurtDisi_Faiz>0</YurtDisi_Faiz>
				<YurtDisi_Diger>367.49</YurtDisi_Diger>
				<YurtDisi_Komisyon_Dovizi/>
				<YurtDisi_Demuraj_Dovizi/>
				<YurtDisi_Royalti_Dovizi/>
				<YurtDisi_Faiz_Dovizi/>
				<YurtDisi_Diger_Dovizi>TRY</YurtDisi_Diger_Dovizi>
				<YurtDisi_Diger_Aciklama>YURT DIŞI</YurtDisi_Diger_Aciklama>
				<Kalem_Islem_Niteligi>11</Kalem_Islem_Niteligi>
				<Giris_Cikis_Amaci/>
				<Giris_Cikis_Amaci_Aciklama/>
				<STM_IlKodu/>
				<EsyaGeriGelmeSebebi/>
				<EsyaGeriGelmeSebebiAciklamasi/>
				<SiparisTuru>9</SiparisTuru>
			</kalem>
			<kalem>
				<konteyner_Bilgi>
					<Konteyner>
						<Konteyner_No>SEGU9900050</Konteyner_No>
						<Ulke_Kodu></Ulke_Kodu>
					</Konteyner>
				</konteyner_Bilgi>
				<OdemeSekilleri>
					<OdemeSekli>
						<OdemeSekliKodu>2</OdemeSekliKodu>
						<OdemeTutari>2392.5</OdemeTutari>
						<TBFID>25000000640887000004278</TBFID>
					</OdemeSekli>
				</OdemeSekilleri>
				<Gtip>854442900019</Gtip>
				<Imalatci_firma_bilgisi>HAYIR</Imalatci_firma_bilgisi>
				<Kalem_sira_no>7</Kalem_sira_no>
				<Mensei_ulke>388</Mensei_ulke>
				<Brut_agirlik>14.49</Brut_agirlik>
				<Net_agirlik>11.27</Net_agirlik>
				<Tamamlayici_olcu_birimi>C62</Tamamlayici_olcu_birimi>
				<Istatistiki_miktar>750</Istatistiki_miktar>
				<Uluslararasi_anlasma/>
				<Algilama_birimi_1/>
				<Algilama_miktari_1>0</Algilama_miktari_1>
				<Algilama_birimi_2/>
				<Algilama_miktari_2>0</Algilama_miktari_2>
				<Muafiyetler_1>NKIST</Muafiyetler_1>
				<Muafiyetler_2/>
				<Muafiyetler_3/>
				<Muafiyetler_4/>
				<Muafiyetler_5/>
				<Algilama_birimi_3/>
				<Algilama_miktari_3>0</Algilama_miktari_3>
				<Ek_kod/>
				<Ozellik>01</Ozellik>
				<Fatura_miktari>2392.5</Fatura_miktari>
				<Fatura_miktarinin_dovizi>EUR</Fatura_miktarinin_dovizi>
				<Sinir_gecis_ucreti>0</Sinir_gecis_ucreti>
				<Navlun_miktari>2324.61</Navlun_miktari>
				<Navlun_miktarinin_dovizi>TRY</Navlun_miktarinin_dovizi>
				<Istatistiki_kiymet>2547.39</Istatistiki_kiymet>
				<Sigorta_miktari>92.19</Sigorta_miktari>
				<Sigorta_miktarinin_dovizi>TRY</Sigorta_miktarinin_dovizi>
				<Yurt_ici_harcamalar>1603.51</Yurt_ici_harcamalar>
				<Tarifedeki_tanimi/>
				<Ticari_tanimi>KABLOLU KONNEKTÖR ,KABLO ( AKÜ  TAKVİYE  KABLOSU DEĞİLDİR )</Ticari_tanimi>
				<Marka>ADDR</Marka>
				<Numara>SEGU9900050</Numara>
				<Cinsi>BI</Cinsi>
				<Adedi>1</Adedi>
				<Miktar_birimi>C62</Miktar_birimi>
				<Mahrece_iade/>
				<Ikincil_islem/>
				<Satir_no/>
				<Miktar>750</Miktar>
				<Kdv_orani>KDV18</Kdv_orani>
				<Kullanilmis_esya>K1</Kullanilmis_esya>
				<Aciklama_44/>
				<Imalatci_Vergino/>
				<Yurtici_Diger>418.67</Yurtici_Diger>
				<Yurtici_Banka>12.56</Yurtici_Banka>
				<Yurtici_Depolama>753.61</Yurtici_Depolama>
				<Yurtici_Tahliye>0</Yurtici_Tahliye>
				<Yurtici_Liman>418.67</Yurtici_Liman>
				<Yurtici_Kultur>0</Yurtici_Kultur>
				<Yurtici_Kkdf>0</Yurtici_Kkdf>
				<KDV_Iceren_Yurtici_Giderler_Toplami>0</KDV_Iceren_Yurtici_Giderler_Toplami>
				<Yurtici_Cevre>0</Yurtici_Cevre>
				<Yurtici_Diger_Aciklama>Y.İÇİ</Yurtici_Diger_Aciklama>
				<Muafiyet_Aciklamasi/>
				<Referans_Tarihi/>
				<YurtDisi_Komisyon>0</YurtDisi_Komisyon>
				<YurtDisi_Demuraj>0</YurtDisi_Demuraj>
				<YurtDisi_Royalti>0</YurtDisi_Royalti>
				<YurtDisi_Faiz>0</YurtDisi_Faiz>
				<YurtDisi_Diger>418.67</YurtDisi_Diger>
				<YurtDisi_Komisyon_Dovizi/>
				<YurtDisi_Demuraj_Dovizi/>
				<YurtDisi_Royalti_Dovizi/>
				<YurtDisi_Faiz_Dovizi/>
				<YurtDisi_Diger_Dovizi>TRY</YurtDisi_Diger_Dovizi>
				<YurtDisi_Diger_Aciklama>YURT DIŞI</YurtDisi_Diger_Aciklama>
				<Kalem_Islem_Niteligi>11</Kalem_Islem_Niteligi>
				<Giris_Cikis_Amaci/>
				<Giris_Cikis_Amaci_Aciklama/>
				<STM_IlKodu/>
				<EsyaGeriGelmeSebebi/>
				<EsyaGeriGelmeSebebiAciklamasi/>
				<SiparisTuru>9</SiparisTuru>
			</kalem>
			<kalem>
				<konteyner_Bilgi>
					<Konteyner>
						<Konteyner_No>SEGU9900050</Konteyner_No>
						<Ulke_Kodu></Ulke_Kodu>
					</Konteyner>
				</konteyner_Bilgi>
				<OdemeSekilleri>
					<OdemeSekli>
						<OdemeSekliKodu>2</OdemeSekliKodu>
						<OdemeTutari>3090</OdemeTutari>
						<TBFID>25000000640887000004278</TBFID>
					</OdemeSekli>
				</OdemeSekilleri>
				<Gtip>854442900019</Gtip>
				<Imalatci_firma_bilgisi>HAYIR</Imalatci_firma_bilgisi>
				<Kalem_sira_no>8</Kalem_sira_no>
				<Mensei_ulke>388</Mensei_ulke>
				<Brut_agirlik>18.72</Brut_agirlik>
				<Net_agirlik>14.55</Net_agirlik>
				<Tamamlayici_olcu_birimi>C62</Tamamlayici_olcu_birimi>
				<Istatistiki_miktar>750</Istatistiki_miktar>
				<Uluslararasi_anlasma/>
				<Algilama_birimi_1/>
				<Algilama_miktari_1>0</Algilama_miktari_1>
				<Algilama_birimi_2/>
				<Algilama_miktari_2>0</Algilama_miktari_2>
				<Muafiyetler_1>NKIST</Muafiyetler_1>
				<Muafiyetler_2/>
				<Muafiyetler_3/>
				<Muafiyetler_4/>
				<Muafiyetler_5/>
				<Algilama_birimi_3/>
				<Algilama_miktari_3>0</Algilama_miktari_3>
				<Ek_kod/>
				<Ozellik>01</Ozellik>
				<Fatura_miktari>3090</Fatura_miktari>
				<Fatura_miktarinin_dovizi>EUR</Fatura_miktarinin_dovizi>
				<Sinir_gecis_ucreti>0</Sinir_gecis_ucreti>
				<Navlun_miktari>3003.23</Navlun_miktari>
				<Navlun_miktarinin_dovizi>TRY</Navlun_miktarinin_dovizi>
				<Istatistiki_kiymet>3290.07</Istatistiki_kiymet>
				<Sigorta_miktari>119.07</Sigorta_miktari>
				<Sigorta_miktarinin_dovizi>TRY</Sigorta_miktarinin_dovizi>
				<Yurt_ici_harcamalar>2070.99</Yurt_ici_harcamalar>
				<Tarifedeki_tanimi/>
				<Ticari_tanimi>KABLOLU KONNEKTÖR ,KABLO ( AKÜ  TAKVİYE  KABLOSU DEĞİLDİR )</Ticari_tanimi>
				<Marka>ADDR</Marka>
				<Numara>SEGU9900050</Numara>
				<Cinsi>BI</Cinsi>
				<Adedi>1</Adedi>
				<Miktar_birimi>C62</Miktar_birimi>
				<Mahrece_iade/>
				<Ikincil_islem/>
				<Satir_no/>
				<Miktar>750</Miktar>
				<Kdv_orani>KDV18</Kdv_orani>
				<Kullanilmis_esya>K1</Kullanilmis_esya>
				<Aciklama_44/>
				<Imalatci_Vergino/>
				<Yurtici_Diger>540.73</Yurtici_Diger>
				<Yurtici_Banka>16.22</Yurtici_Banka>
				<Yurtici_Depolama>973.31</Yurtici_Depolama>
				<Yurtici_Tahliye>0</Yurtici_Tahliye>
				<Yurtici_Liman>540.73</Yurtici_Liman>
				<Yurtici_Kultur>0</Yurtici_Kultur>
				<Yurtici_Kkdf>0</Yurtici_Kkdf>
				<KDV_Iceren_Yurtici_Giderler_Toplami>0</KDV_Iceren_Yurtici_Giderler_Toplami>
				<Yurtici_Cevre>0</Yurtici_Cevre>
				<Yurtici_Diger_Aciklama>Y.İÇİ</Yurtici_Diger_Aciklama>
				<Muafiyet_Aciklamasi/>
				<Referans_Tarihi/>
				<YurtDisi_Komisyon>0</YurtDisi_Komisyon>
				<YurtDisi_Demuraj>0</YurtDisi_Demuraj>
				<YurtDisi_Royalti>0</YurtDisi_Royalti>
				<YurtDisi_Faiz>0</YurtDisi_Faiz>
				<YurtDisi_Diger>540.73</YurtDisi_Diger>
				<YurtDisi_Komisyon_Dovizi/>
				<YurtDisi_Demuraj_Dovizi/>
				<YurtDisi_Royalti_Dovizi/>
				<YurtDisi_Faiz_Dovizi/>
				<YurtDisi_Diger_Dovizi>TRY</YurtDisi_Diger_Dovizi>
				<YurtDisi_Diger_Aciklama>YURT DIŞI</YurtDisi_Diger_Aciklama>
				<Kalem_Islem_Niteligi>11</Kalem_Islem_Niteligi>
				<Giris_Cikis_Amaci/>
				<Giris_Cikis_Amaci_Aciklama/>
				<STM_IlKodu/>
				<EsyaGeriGelmeSebebi/>
				<EsyaGeriGelmeSebebiAciklamasi/>
				<SiparisTuru>9</SiparisTuru>
			</kalem>
			<kalem>
				<konteyner_Bilgi>
					<Konteyner>
						<Konteyner_No>SEGU9900050</Konteyner_No>
						<Ulke_Kodu></Ulke_Kodu>
					</Konteyner>
				</konteyner_Bilgi>
				<OdemeSekilleri>
					<OdemeSekli>
						<OdemeSekliKodu>2</OdemeSekliKodu>
						<OdemeTutari>2625</OdemeTutari>
						<TBFID>25000000640887000004278</TBFID>
					</OdemeSekli>
				</OdemeSekilleri>
				<Gtip>854442900019</Gtip>
				<Imalatci_firma_bilgisi>HAYIR</Imalatci_firma_bilgisi>
				<Kalem_sira_no>9</Kalem_sira_no>
				<Mensei_ulke>388</Mensei_ulke>
				<Brut_agirlik>15.89</Brut_agirlik>
				<Net_agirlik>12.36</Net_agirlik>
				<Tamamlayici_olcu_birimi>C62</Tamamlayici_olcu_birimi>
				<Istatistiki_miktar>2500</Istatistiki_miktar>
				<Uluslararasi_anlasma/>
				<Algilama_birimi_1/>
				<Algilama_miktari_1>0</Algilama_miktari_1>
				<Algilama_birimi_2/>
				<Algilama_miktari_2>0</Algilama_miktari_2>
				<Muafiyetler_1>NKIST</Muafiyetler_1>
				<Muafiyetler_2/>
				<Muafiyetler_3/>
				<Muafiyetler_4/>
				<Muafiyetler_5/>
				<Algilama_birimi_3/>
				<Algilama_miktari_3>0</Algilama_miktari_3>
				<Ek_kod/>
				<Ozellik>01</Ozellik>
				<Fatura_miktari>2625</Fatura_miktari>
				<Fatura_miktarinin_dovizi>EUR</Fatura_miktarinin_dovizi>
				<Sinir_gecis_ucreti>0</Sinir_gecis_ucreti>
				<Navlun_miktari>2549.21</Navlun_miktari>
				<Navlun_miktarinin_dovizi>TRY</Navlun_miktarinin_dovizi>
				<Istatistiki_kiymet>2794.9</Istatistiki_kiymet>
				<Sigorta_miktari>101.15</Sigorta_miktari>
				<Sigorta_miktarinin_dovizi>TRY</Sigorta_miktarinin_dovizi>
				<Yurt_ici_harcamalar>1759.34</Yurt_ici_harcamalar>
				<Tarifedeki_tanimi/>
				<Ticari_tanimi>KABLOLU KONNEKTÖR ,KABLO ( AKÜ  TAKVİYE  KABLOSU DEĞİLDİR )</Ticari_tanimi>
				<Marka>ADDR</Marka>
				<Numara>SEGU9900050</Numara>
				<Cinsi>BI</Cinsi>
				<Adedi>1</Adedi>
				<Miktar_birimi>C62</Miktar_birimi>
				<Mahrece_iade/>
				<Ikincil_islem/>
				<Satir_no/>
				<Miktar>2500</Miktar>
				<Kdv_orani>KDV18</Kdv_orani>
				<Kullanilmis_esya>K1</Kullanilmis_esya>
				<Aciklama_44/>
				<Imalatci_Vergino/>
				<Yurtici_Diger>459.36</Yurtici_Diger>
				<Yurtici_Banka>13.78</Yurtici_Banka>
				<Yurtici_Depolama>826.84</Yurtici_Depolama>
				<Yurtici_Tahliye>0</Yurtici_Tahliye>
				<Yurtici_Liman>459.36</Yurtici_Liman>
				<Yurtici_Kultur>0</Yurtici_Kultur>
				<Yurtici_Kkdf>0</Yurtici_Kkdf>
				<KDV_Iceren_Yurtici_Giderler_Toplami>0</KDV_Iceren_Yurtici_Giderler_Toplami>
				<Yurtici_Cevre>0</Yurtici_Cevre>
				<Yurtici_Diger_Aciklama>Y.İÇİ</Yurtici_Diger_Aciklama>
				<Muafiyet_Aciklamasi/>
				<Referans_Tarihi/>
				<YurtDisi_Komisyon>0</YurtDisi_Komisyon>
				<YurtDisi_Demuraj>0</YurtDisi_Demuraj>
				<YurtDisi_Royalti>0</YurtDisi_Royalti>
				<YurtDisi_Faiz>0</YurtDisi_Faiz>
				<YurtDisi_Diger>459.36</YurtDisi_Diger>
				<YurtDisi_Komisyon_Dovizi/>
				<YurtDisi_Demuraj_Dovizi/>
				<YurtDisi_Royalti_Dovizi/>
				<YurtDisi_Faiz_Dovizi/>
				<YurtDisi_Diger_Dovizi>TRY</YurtDisi_Diger_Dovizi>
				<YurtDisi_Diger_Aciklama>YURT DIŞI</YurtDisi_Diger_Aciklama>
				<Kalem_Islem_Niteligi>11</Kalem_Islem_Niteligi>
				<Giris_Cikis_Amaci/>
				<Giris_Cikis_Amaci_Aciklama/>
				<STM_IlKodu/>
				<EsyaGeriGelmeSebebi/>
				<EsyaGeriGelmeSebebiAciklamasi/>
				<SiparisTuru>9</SiparisTuru>
			</kalem>
			<kalem>
				<konteyner_Bilgi>
					<Konteyner>
						<Konteyner_No>SEGU9900050</Konteyner_No>
						<Ulke_Kodu></Ulke_Kodu>
					</Konteyner>
				</konteyner_Bilgi>
				<OdemeSekilleri>
					<OdemeSekli>
						<OdemeSekliKodu>2</OdemeSekliKodu>
						<OdemeTutari>2912</OdemeTutari>
						<TBFID>25000000640887000004278</TBFID>
					</OdemeSekli>
				</OdemeSekilleri>
				<Gtip>854442900019</Gtip>
				<Imalatci_firma_bilgisi>HAYIR</Imalatci_firma_bilgisi>
				<Kalem_sira_no>10</Kalem_sira_no>
				<Mensei_ulke>388</Mensei_ulke>
				<Brut_agirlik>17.63</Brut_agirlik>
				<Net_agirlik>13.71</Net_agirlik>
				<Tamamlayici_olcu_birimi>C62</Tamamlayici_olcu_birimi>
				<Istatistiki_miktar>800</Istatistiki_miktar>
				<Uluslararasi_anlasma/>
				<Algilama_birimi_1/>
				<Algilama_miktari_1>0</Algilama_miktari_1>
				<Algilama_birimi_2/>
				<Algilama_miktari_2>0</Algilama_miktari_2>
				<Muafiyetler_1>NKIST</Muafiyetler_1>
				<Muafiyetler_2/>
				<Muafiyetler_3/>
				<Muafiyetler_4/>
				<Muafiyetler_5/>
				<Algilama_birimi_3/>
				<Algilama_miktari_3>0</Algilama_miktari_3>
				<Ek_kod/>
				<Ozellik>01</Ozellik>
				<Fatura_miktari>2912</Fatura_miktari>
				<Fatura_miktarinin_dovizi>EUR</Fatura_miktarinin_dovizi>
				<Sinir_gecis_ucreti>0</Sinir_gecis_ucreti>
				<Navlun_miktari>2828.36</Navlun_miktari>
				<Navlun_miktarinin_dovizi>TRY</Navlun_miktarinin_dovizi>
				<Istatistiki_kiymet>3100.49</Istatistiki_kiymet>
				<Sigorta_miktari>112.21</Sigorta_miktari>
				<Sigorta_miktarinin_dovizi>TRY</Sigorta_miktarinin_dovizi>
				<Yurt_ici_harcamalar>1951.7</Yurt_ici_harcamalar>
				<Tarifedeki_tanimi/>
				<Ticari_tanimi>KABLOLU KONNEKTÖR ,KABLO ( AKÜ  TAKVİYE  KABLOSU DEĞİLDİR )</Ticari_tanimi>
				<Marka>ADDR</Marka>
				<Numara>SEGU9900050</Numara>
				<Cinsi>BI</Cinsi>
				<Adedi>1</Adedi>
				<Miktar_birimi>C62</Miktar_birimi>
				<Mahrece_iade/>
				<Ikincil_islem/>
				<Satir_no/>
				<Miktar>800</Miktar>
				<Kdv_orani>KDV18</Kdv_orani>
				<Kullanilmis_esya>K1</Kullanilmis_esya>
				<Aciklama_44/>
				<Imalatci_Vergino/>
				<Yurtici_Diger>509.58</Yurtici_Diger>
				<Yurtici_Banka>15.29</Yurtici_Banka>
				<Yurtici_Depolama>917.25</Yurtici_Depolama>
				<Yurtici_Tahliye>0</Yurtici_Tahliye>
				<Yurtici_Liman>509.58</Yurtici_Liman>
				<Yurtici_Kultur>0</Yurtici_Kultur>
				<Yurtici_Kkdf>0</Yurtici_Kkdf>
				<KDV_Iceren_Yurtici_Giderler_Toplami>0</KDV_Iceren_Yurtici_Giderler_Toplami>
				<Yurtici_Cevre>0</Yurtici_Cevre>
				<Yurtici_Diger_Aciklama>Y.İÇİ</Yurtici_Diger_Aciklama>
				<Muafiyet_Aciklamasi/>
				<Referans_Tarihi/>
				<YurtDisi_Komisyon>0</YurtDisi_Komisyon>
				<YurtDisi_Demuraj>0</YurtDisi_Demuraj>
				<YurtDisi_Royalti>0</YurtDisi_Royalti>
				<YurtDisi_Faiz>0</YurtDisi_Faiz>
				<YurtDisi_Diger>509.58</YurtDisi_Diger>
				<YurtDisi_Komisyon_Dovizi/>
				<YurtDisi_Demuraj_Dovizi/>
				<YurtDisi_Royalti_Dovizi/>
				<YurtDisi_Faiz_Dovizi/>
				<YurtDisi_Diger_Dovizi>TRY</YurtDisi_Diger_Dovizi>
				<YurtDisi_Diger_Aciklama>YURT DIŞI</YurtDisi_Diger_Aciklama>
				<Kalem_Islem_Niteligi>11</Kalem_Islem_Niteligi>
				<Giris_Cikis_Amaci/>
				<Giris_Cikis_Amaci_Aciklama/>
				<STM_IlKodu/>
				<EsyaGeriGelmeSebebi/>
				<EsyaGeriGelmeSebebiAciklamasi/>
				<SiparisTuru>9</SiparisTuru>
			</kalem>
			<kalem>
				<konteyner_Bilgi>
					<Konteyner>
						<Konteyner_No>SEGU9900050</Konteyner_No>
						<Ulke_Kodu></Ulke_Kodu>
					</Konteyner>
				</konteyner_Bilgi>
				<OdemeSekilleri>
					<OdemeSekli>
						<OdemeSekliKodu>2</OdemeSekliKodu>
						<OdemeTutari>1936</OdemeTutari>
						<TBFID>25000000640887000004278</TBFID>
					</OdemeSekli>
				</OdemeSekilleri>
				<Gtip>854442900019</Gtip>
				<Imalatci_firma_bilgisi>HAYIR</Imalatci_firma_bilgisi>
				<Kalem_sira_no>11</Kalem_sira_no>
				<Mensei_ulke>388</Mensei_ulke>
				<Brut_agirlik>11.72</Brut_agirlik>
				<Net_agirlik>9.12</Net_agirlik>
				<Tamamlayici_olcu_birimi>C62</Tamamlayici_olcu_birimi>
				<Istatistiki_miktar>800</Istatistiki_miktar>
				<Uluslararasi_anlasma/>
				<Algilama_birimi_1/>
				<Algilama_miktari_1>0</Algilama_miktari_1>
				<Algilama_birimi_2/>
				<Algilama_miktari_2>0</Algilama_miktari_2>
				<Muafiyetler_1>NKIST</Muafiyetler_1>
				<Muafiyetler_2/>
				<Muafiyetler_3/>
				<Muafiyetler_4/>
				<Muafiyetler_5/>
				<Algilama_birimi_3/>
				<Algilama_miktari_3>0</Algilama_miktari_3>
				<Ek_kod/>
				<Ozellik>01</Ozellik>
				<Fatura_miktari>1936</Fatura_miktari>
				<Fatura_miktarinin_dovizi>EUR</Fatura_miktarinin_dovizi>
				<Sinir_gecis_ucreti>0</Sinir_gecis_ucreti>
				<Navlun_miktari>1880.23</Navlun_miktari>
				<Navlun_miktarinin_dovizi>TRY</Navlun_miktarinin_dovizi>
				<Istatistiki_kiymet>2061.31</Istatistiki_kiymet>
				<Sigorta_miktari>74.6</Sigorta_miktari>
				<Sigorta_miktarinin_dovizi>TRY</Sigorta_miktarinin_dovizi>
				<Yurt_ici_harcamalar>1297.56</Yurt_ici_harcamalar>
				<Tarifedeki_tanimi/>
				<Ticari_tanimi>KABLOLU KONNEKTÖR ,KABLO ( AKÜ  TAKVİYE  KABLOSU DEĞİLDİR )</Ticari_tanimi>
				<Marka>ADDR</Marka>
				<Numara>SEGU9900050</Numara>
				<Cinsi>BI</Cinsi>
				<Adedi>1</Adedi>
				<Miktar_birimi>C62</Miktar_birimi>
				<Mahrece_iade/>
				<Ikincil_islem/>
				<Satir_no/>
				<Miktar>800</Miktar>
				<Kdv_orani>KDV18</Kdv_orani>
				<Kullanilmis_esya>K1</Kullanilmis_esya>
				<Aciklama_44/>
				<Imalatci_Vergino/>
				<Yurtici_Diger>338.79</Yurtici_Diger>
				<Yurtici_Banka>10.16</Yurtici_Banka>
				<Yurtici_Depolama>609.82</Yurtici_Depolama>
				<Yurtici_Tahliye>0</Yurtici_Tahliye>
				<Yurtici_Liman>338.79</Yurtici_Liman>
				<Yurtici_Kultur>0</Yurtici_Kultur>
				<Yurtici_Kkdf>0</Yurtici_Kkdf>
				<KDV_Iceren_Yurtici_Giderler_Toplami>0</KDV_Iceren_Yurtici_Giderler_Toplami>
				<Yurtici_Cevre>0</Yurtici_Cevre>
				<Yurtici_Diger_Aciklama>Y.İÇİ</Yurtici_Diger_Aciklama>
				<Muafiyet_Aciklamasi/>
				<Referans_Tarihi/>
				<YurtDisi_Komisyon>0</YurtDisi_Komisyon>
				<YurtDisi_Demuraj>0</YurtDisi_Demuraj>
				<YurtDisi_Royalti>0</YurtDisi_Royalti>
				<YurtDisi_Faiz>0</YurtDisi_Faiz>
				<YurtDisi_Diger>338.79</YurtDisi_Diger>
				<YurtDisi_Komisyon_Dovizi/>
				<YurtDisi_Demuraj_Dovizi/>
				<YurtDisi_Royalti_Dovizi/>
				<YurtDisi_Faiz_Dovizi/>
				<YurtDisi_Diger_Dovizi>TRY</YurtDisi_Diger_Dovizi>
				<YurtDisi_Diger_Aciklama>YURT DIŞI</YurtDisi_Diger_Aciklama>
				<Kalem_Islem_Niteligi>11</Kalem_Islem_Niteligi>
				<Giris_Cikis_Amaci/>
				<Giris_Cikis_Amaci_Aciklama/>
				<STM_IlKodu/>
				<EsyaGeriGelmeSebebi/>
				<EsyaGeriGelmeSebebiAciklamasi/>
				<SiparisTuru>9</SiparisTuru>
			</kalem>
			<kalem>
				<konteyner_Bilgi>
					<Konteyner>
						<Konteyner_No>SEGU9900050</Konteyner_No>
						<Ulke_Kodu></Ulke_Kodu>
					</Konteyner>
				</konteyner_Bilgi>
				<OdemeSekilleri>
					<OdemeSekli>
						<OdemeSekliKodu>2</OdemeSekliKodu>
						<OdemeTutari>1525</OdemeTutari>
						<TBFID>25000000640887000004278</TBFID>
					</OdemeSekli>
				</OdemeSekilleri>
				<Gtip>854442900019</Gtip>
				<Imalatci_firma_bilgisi>HAYIR</Imalatci_firma_bilgisi>
				<Kalem_sira_no>12</Kalem_sira_no>
				<Mensei_ulke>388</Mensei_ulke>
				<Brut_agirlik>9.23</Brut_agirlik>
				<Net_agirlik>7.18</Net_agirlik>
				<Tamamlayici_olcu_birimi>C62</Tamamlayici_olcu_birimi>
				<Istatistiki_miktar>500</Istatistiki_miktar>
				<Uluslararasi_anlasma/>
				<Algilama_birimi_1/>
				<Algilama_miktari_1>0</Algilama_miktari_1>
				<Algilama_birimi_2/>
				<Algilama_miktari_2>0</Algilama_miktari_2>
				<Muafiyetler_1>NKIST</Muafiyetler_1>
				<Muafiyetler_2/>
				<Muafiyetler_3/>
				<Muafiyetler_4/>
				<Muafiyetler_5/>
				<Algilama_birimi_3/>
				<Algilama_miktari_3>0</Algilama_miktari_3>
				<Ek_kod/>
				<Ozellik>01</Ozellik>
				<Fatura_miktari>1525</Fatura_miktari>
				<Fatura_miktarinin_dovizi>EUR</Fatura_miktarinin_dovizi>
				<Sinir_gecis_ucreti>0</Sinir_gecis_ucreti>
				<Navlun_miktari>1480.76</Navlun_miktari>
				<Navlun_miktarinin_dovizi>TRY</Navlun_miktarinin_dovizi>
				<Istatistiki_kiymet>1623.7</Istatistiki_kiymet>
				<Sigorta_miktari>58.76</Sigorta_miktari>
				<Sigorta_miktarinin_dovizi>TRY</Sigorta_miktarinin_dovizi>
				<Yurt_ici_harcamalar>1022.11</Yurt_ici_harcamalar>
				<Tarifedeki_tanimi/>
				<Ticari_tanimi>KABLOLU KONNEKTÖR ,KABLO ( AKÜ  TAKVİYE  KABLOSU DEĞİLDİR )</Ticari_tanimi>
				<Marka>ADDR</Marka>
				<Numara>SEGU9900050</Numara>
				<Cinsi>BI</Cinsi>
				<Adedi>1</Adedi>
				<Miktar_birimi>C62</Miktar_birimi>
				<Mahrece_iade/>
				<Ikincil_islem/>
				<Satir_no/>
				<Miktar>500</Miktar>
				<Kdv_orani>KDV18</Kdv_orani>
				<Kullanilmis_esya>K1</Kullanilmis_esya>
				<Aciklama_44/>
				<Imalatci_Vergino/>
				<Yurtici_Diger>266.87</Yurtici_Diger>
				<Yurtici_Banka>8.01</Yurtici_Banka>
				<Yurtici_Depolama>480.36</Yurtici_Depolama>
				<Yurtici_Tahliye>0</Yurtici_Tahliye>
				<Yurtici_Liman>266.87</Yurtici_Liman>
				<Yurtici_Kultur>0</Yurtici_Kultur>
				<Yurtici_Kkdf>0</Yurtici_Kkdf>
				<KDV_Iceren_Yurtici_Giderler_Toplami>0</KDV_Iceren_Yurtici_Giderler_Toplami>
				<Yurtici_Cevre>0</Yurtici_Cevre>
				<Yurtici_Diger_Aciklama>Y.İÇİ</Yurtici_Diger_Aciklama>
				<Muafiyet_Aciklamasi/>
				<Referans_Tarihi/>
				<YurtDisi_Komisyon>0</YurtDisi_Komisyon>
				<YurtDisi_Demuraj>0</YurtDisi_Demuraj>
				<YurtDisi_Royalti>0</YurtDisi_Royalti>
				<YurtDisi_Faiz>0</YurtDisi_Faiz>
				<YurtDisi_Diger>266.87</YurtDisi_Diger>
				<YurtDisi_Komisyon_Dovizi/>
				<YurtDisi_Demuraj_Dovizi/>
				<YurtDisi_Royalti_Dovizi/>
				<YurtDisi_Faiz_Dovizi/>
				<YurtDisi_Diger_Dovizi>TRY</YurtDisi_Diger_Dovizi>
				<YurtDisi_Diger_Aciklama>YURT DIŞI</YurtDisi_Diger_Aciklama>
				<Kalem_Islem_Niteligi>11</Kalem_Islem_Niteligi>
				<Giris_Cikis_Amaci/>
				<Giris_Cikis_Amaci_Aciklama/>
				<STM_IlKodu/>
				<EsyaGeriGelmeSebebi/>
				<EsyaGeriGelmeSebebiAciklamasi/>
				<SiparisTuru>9</SiparisTuru>
			</kalem>
			<kalem>
				<konteyner_Bilgi>
					<Konteyner>
						<Konteyner_No>SEGU9900050</Konteyner_No>
						<Ulke_Kodu></Ulke_Kodu>
					</Konteyner>
				</konteyner_Bilgi>
				<OdemeSekilleri>
					<OdemeSekli>
						<OdemeSekliKodu>2</OdemeSekliKodu>
						<OdemeTutari>1525</OdemeTutari>
						<TBFID>25000000640887000004278</TBFID>
					</OdemeSekli>
				</OdemeSekilleri>
				<Gtip>854442900019</Gtip>
				<Imalatci_firma_bilgisi>HAYIR</Imalatci_firma_bilgisi>
				<Kalem_sira_no>13</Kalem_sira_no>
				<Mensei_ulke>388</Mensei_ulke>
				<Brut_agirlik>9.23</Brut_agirlik>
				<Net_agirlik>7.18</Net_agirlik>
				<Tamamlayici_olcu_birimi>C62</Tamamlayici_olcu_birimi>
				<Istatistiki_miktar>500</Istatistiki_miktar>
				<Uluslararasi_anlasma/>
				<Algilama_birimi_1/>
				<Algilama_miktari_1>0</Algilama_miktari_1>
				<Algilama_birimi_2/>
				<Algilama_miktari_2>0</Algilama_miktari_2>
				<Muafiyetler_1>NKIST</Muafiyetler_1>
				<Muafiyetler_2/>
				<Muafiyetler_3/>
				<Muafiyetler_4/>
				<Muafiyetler_5/>
				<Algilama_birimi_3/>
				<Algilama_miktari_3>0</Algilama_miktari_3>
				<Ek_kod/>
				<Ozellik>01</Ozellik>
				<Fatura_miktari>1525</Fatura_miktari>
				<Fatura_miktarinin_dovizi>EUR</Fatura_miktarinin_dovizi>
				<Sinir_gecis_ucreti>0</Sinir_gecis_ucreti>
				<Navlun_miktari>1480.77</Navlun_miktari>
				<Navlun_miktarinin_dovizi>TRY</Navlun_miktarinin_dovizi>
				<Istatistiki_kiymet>1623.7</Istatistiki_kiymet>
				<Sigorta_miktari>58.79</Sigorta_miktari>
				<Sigorta_miktarinin_dovizi>TRY</Sigorta_miktarinin_dovizi>
				<Yurt_ici_harcamalar>1022.08</Yurt_ici_harcamalar>
				<Tarifedeki_tanimi/>
				<Ticari_tanimi>KABLOLU KONNEKTÖR ,KABLO ( AKÜ  TAKVİYE  KABLOSU DEĞİLDİR )</Ticari_tanimi>
				<Marka>ADDR</Marka>
				<Numara>SEGU9900050</Numara>
				<Cinsi>BI</Cinsi>
				<Adedi>1</Adedi>
				<Miktar_birimi>C62</Miktar_birimi>
				<Mahrece_iade/>
				<Ikincil_islem/>
				<Satir_no/>
				<Miktar>500</Miktar>
				<Kdv_orani>KDV18</Kdv_orani>
				<Kullanilmis_esya>K1</Kullanilmis_esya>
				<Aciklama_44/>
				<Imalatci_Vergino/>
				<Yurtici_Diger>266.86</Yurtici_Diger>
				<Yurtici_Banka>8.02</Yurtici_Banka>
				<Yurtici_Depolama>480.34</Yurtici_Depolama>
				<Yurtici_Tahliye>0</Yurtici_Tahliye>
				<Yurtici_Liman>266.86</Yurtici_Liman>
				<Yurtici_Kultur>0</Yurtici_Kultur>
				<Yurtici_Kkdf>0</Yurtici_Kkdf>
				<KDV_Iceren_Yurtici_Giderler_Toplami>0</KDV_Iceren_Yurtici_Giderler_Toplami>
				<Yurtici_Cevre>0</Yurtici_Cevre>
				<Yurtici_Diger_Aciklama>Y.İÇİ</Yurtici_Diger_Aciklama>
				<Muafiyet_Aciklamasi/>
				<Referans_Tarihi/>
				<YurtDisi_Komisyon>0</YurtDisi_Komisyon>
				<YurtDisi_Demuraj>0</YurtDisi_Demuraj>
				<YurtDisi_Royalti>0</YurtDisi_Royalti>
				<YurtDisi_Faiz>0</YurtDisi_Faiz>
				<YurtDisi_Diger>266.86</YurtDisi_Diger>
				<YurtDisi_Komisyon_Dovizi/>
				<YurtDisi_Demuraj_Dovizi/>
				<YurtDisi_Royalti_Dovizi/>
				<YurtDisi_Faiz_Dovizi/>
				<YurtDisi_Diger_Dovizi>TRY</YurtDisi_Diger_Dovizi>
				<YurtDisi_Diger_Aciklama>YURT DIŞI</YurtDisi_Diger_Aciklama>
				<Kalem_Islem_Niteligi>11</Kalem_Islem_Niteligi>
				<Giris_Cikis_Amaci/>
				<Giris_Cikis_Amaci_Aciklama/>
				<STM_IlKodu/>
				<EsyaGeriGelmeSebebi/>
				<EsyaGeriGelmeSebebiAciklamasi/>
				<SiparisTuru>9</SiparisTuru>
			</kalem>
		</Kalemler>
		<Sorular_cevaplar>
			<Soru_Cevap>
				<Kalem_no>0</Kalem_no>
				<Soru_no>7780</Soru_no>
				<Cevap>HAYIR</Cevap>
			</Soru_Cevap>
			<Soru_Cevap>
				<Kalem_no>1</Kalem_no>
				<Soru_no>4293</Soru_no>
				<Cevap>HAYIR</Cevap>
			</Soru_Cevap>
			<Soru_Cevap>
				<Kalem_no>1</Kalem_no>
				<Soru_no>5178</Soru_no>
				<Cevap>HAYIR</Cevap>
			</Soru_Cevap>
			<Soru_Cevap>
				<Kalem_no>2</Kalem_no>
				<Soru_no>4293</Soru_no>
				<Cevap>HAYIR</Cevap>
			</Soru_Cevap>
			<Soru_Cevap>
				<Kalem_no>2</Kalem_no>
				<Soru_no>5178</Soru_no>
				<Cevap>HAYIR</Cevap>
			</Soru_Cevap>
			<Soru_Cevap>
				<Kalem_no>3</Kalem_no>
				<Soru_no>4293</Soru_no>
				<Cevap>HAYIR</Cevap>
			</Soru_Cevap>
			<Soru_Cevap>
				<Kalem_no>3</Kalem_no>
				<Soru_no>5178</Soru_no>
				<Cevap>HAYIR</Cevap>
			</Soru_Cevap>
			<Soru_Cevap>
				<Kalem_no>4</Kalem_no>
				<Soru_no>4293</Soru_no>
				<Cevap>HAYIR</Cevap>
			</Soru_Cevap>
			<Soru_Cevap>
				<Kalem_no>4</Kalem_no>
				<Soru_no>5178</Soru_no>
				<Cevap>HAYIR</Cevap>
			</Soru_Cevap>
			<Soru_Cevap>
				<Kalem_no>5</Kalem_no>
				<Soru_no>4293</Soru_no>
				<Cevap>HAYIR</Cevap>
			</Soru_Cevap>
			<Soru_Cevap>
				<Kalem_no>5</Kalem_no>
				<Soru_no>5178</Soru_no>
				<Cevap>HAYIR</Cevap>
			</Soru_Cevap>
			<Soru_Cevap>
				<Kalem_no>6</Kalem_no>
				<Soru_no>4293</Soru_no>
				<Cevap>HAYIR</Cevap>
			</Soru_Cevap>
			<Soru_Cevap>
				<Kalem_no>6</Kalem_no>
				<Soru_no>5178</Soru_no>
				<Cevap>HAYIR</Cevap>
			</Soru_Cevap>
			<Soru_Cevap>
				<Kalem_no>7</Kalem_no>
				<Soru_no>4293</Soru_no>
				<Cevap>HAYIR</Cevap>
			</Soru_Cevap>
			<Soru_Cevap>
				<Kalem_no>7</Kalem_no>
				<Soru_no>5178</Soru_no>
				<Cevap>HAYIR</Cevap>
			</Soru_Cevap>
			<Soru_Cevap>
				<Kalem_no>8</Kalem_no>
				<Soru_no>4293</Soru_no>
				<Cevap>HAYIR</Cevap>
			</Soru_Cevap>
			<Soru_Cevap>
				<Kalem_no>8</Kalem_no>
				<Soru_no>5178</Soru_no>
				<Cevap>HAYIR</Cevap>
			</Soru_Cevap>
			<Soru_Cevap>
				<Kalem_no>9</Kalem_no>
				<Soru_no>4293</Soru_no>
				<Cevap>HAYIR</Cevap>
			</Soru_Cevap>
			<Soru_Cevap>
				<Kalem_no>9</Kalem_no>
				<Soru_no>5178</Soru_no>
				<Cevap>HAYIR</Cevap>
			</Soru_Cevap>
			<Soru_Cevap>
				<Kalem_no>10</Kalem_no>
				<Soru_no>4293</Soru_no>
				<Cevap>HAYIR</Cevap>
			</Soru_Cevap>
			<Soru_Cevap>
				<Kalem_no>10</Kalem_no>
				<Soru_no>5178</Soru_no>
				<Cevap>HAYIR</Cevap>
			</Soru_Cevap>
			<Soru_Cevap>
				<Kalem_no>11</Kalem_no>
				<Soru_no>4293</Soru_no>
				<Cevap>HAYIR</Cevap>
			</Soru_Cevap>
			<Soru_Cevap>
				<Kalem_no>11</Kalem_no>
				<Soru_no>5178</Soru_no>
				<Cevap>HAYIR</Cevap>
			</Soru_Cevap>
			<Soru_Cevap>
				<Kalem_no>12</Kalem_no>
				<Soru_no>4293</Soru_no>
				<Cevap>HAYIR</Cevap>
			</Soru_Cevap>
			<Soru_Cevap>
				<Kalem_no>12</Kalem_no>
				<Soru_no>5178</Soru_no>
				<Cevap>HAYIR</Cevap>
			</Soru_Cevap>
			<Soru_Cevap>
				<Kalem_no>13</Kalem_no>
				<Soru_no>4293</Soru_no>
				<Cevap>HAYIR</Cevap>
			</Soru_Cevap>
			<Soru_Cevap>
				<Kalem_no>13</Kalem_no>
				<Soru_no>5178</Soru_no>
				<Cevap>HAYIR</Cevap>
			</Soru_Cevap>
		</Sorular_cevaplar>
		<Dokumanlar>
			<Dokuman>
				<Kalem_no>1</Kalem_no>
				<Kod>0100</Kod>
				<Dogrulama>V</Dogrulama>
				<Belge_tarihi>25/09/2024</Belge_tarihi>
				<Referans>IN028029</Referans>
			</Dokuman>
			<Dokuman>
				<Kalem_no>1</Kalem_no>
				<Kod>0101</Kod>
				<Dogrulama>V</Dogrulama>
				<Belge_tarihi>14/01/2025</Belge_tarihi>
				<Referans>ONE2025000000423</Referans>
			</Dokuman>
			<Dokuman>
				<Kalem_no>1</Kalem_no>
				<Kod>0102</Kod>
				<Dogrulama>V</Dogrulama>
				<Belge_tarihi>20/12/2024</Belge_tarihi>
				<Referans>117696222-2-003175</Referans>
			</Dokuman>
			<Dokuman>
				<Kalem_no>1</Kalem_no>
				<Kod>0887</Kod>
				<Dogrulama>V</Dogrulama>
				<Belge_tarihi>10/01/2025</Belge_tarihi>
				<Referans>25000000640887000004278/1</Referans>
			</Dokuman>
			<Dokuman>
				<Kalem_no>2</Kalem_no>
				<Kod>0100</Kod>
				<Dogrulama>V</Dogrulama>
				<Belge_tarihi>25/09/2024</Belge_tarihi>
				<Referans>IN028080</Referans>
			</Dokuman>
			<Dokuman>
				<Kalem_no>2</Kalem_no>
				<Kod>0101</Kod>
				<Dogrulama>V</Dogrulama>
				<Belge_tarihi>14/01/2025</Belge_tarihi>
				<Referans>ONE2025000000423</Referans>
			</Dokuman>
			<Dokuman>
				<Kalem_no>2</Kalem_no>
				<Kod>0102</Kod>
				<Dogrulama>V</Dogrulama>
				<Belge_tarihi>20/12/2024</Belge_tarihi>
				<Referans>117696222-2-003175</Referans>
			</Dokuman>
			<Dokuman>
				<Kalem_no>2</Kalem_no>
				<Kod>0887</Kod>
				<Dogrulama>V</Dogrulama>
				<Belge_tarihi>10/01/2025</Belge_tarihi>
				<Referans>25000000640887000004278/1</Referans>
			</Dokuman>
			<Dokuman>
				<Kalem_no>3</Kalem_no>
				<Kod>0100</Kod>
				<Dogrulama>V</Dogrulama>
				<Belge_tarihi>25/09/2024</Belge_tarihi>
				<Referans>IN028081</Referans>
			</Dokuman>
			<Dokuman>
				<Kalem_no>3</Kalem_no>
				<Kod>0101</Kod>
				<Dogrulama>V</Dogrulama>
				<Belge_tarihi>14/01/2025</Belge_tarihi>
				<Referans>ONE2025000000423</Referans>
			</Dokuman>
			<Dokuman>
				<Kalem_no>3</Kalem_no>
				<Kod>0102</Kod>
				<Dogrulama>V</Dogrulama>
				<Belge_tarihi>20/12/2024</Belge_tarihi>
				<Referans>117696222-2-003175</Referans>
			</Dokuman>
			<Dokuman>
				<Kalem_no>3</Kalem_no>
				<Kod>0887</Kod>
				<Dogrulama>V</Dogrulama>
				<Belge_tarihi>10/01/2025</Belge_tarihi>
				<Referans>25000000640887000004278/1</Referans>
			</Dokuman>
			<Dokuman>
				<Kalem_no>4</Kalem_no>
				<Kod>0100</Kod>
				<Dogrulama>V</Dogrulama>
				<Belge_tarihi>25/09/2024</Belge_tarihi>
				<Referans>IN028082</Referans>
			</Dokuman>
			<Dokuman>
				<Kalem_no>4</Kalem_no>
				<Kod>0101</Kod>
				<Dogrulama>V</Dogrulama>
				<Belge_tarihi>14/01/2025</Belge_tarihi>
				<Referans>ONE2025000000423</Referans>
			</Dokuman>
			<Dokuman>
				<Kalem_no>4</Kalem_no>
				<Kod>0102</Kod>
				<Dogrulama>V</Dogrulama>
				<Belge_tarihi>20/12/2024</Belge_tarihi>
				<Referans>117696222-2-003175</Referans>
			</Dokuman>
			<Dokuman>
				<Kalem_no>4</Kalem_no>
				<Kod>0887</Kod>
				<Dogrulama>V</Dogrulama>
				<Belge_tarihi>10/01/2025</Belge_tarihi>
				<Referans>25000000640887000004278/1</Referans>
			</Dokuman>
			<Dokuman>
				<Kalem_no>5</Kalem_no>
				<Kod>0100</Kod>
				<Dogrulama>V</Dogrulama>
				<Belge_tarihi>25/09/2024</Belge_tarihi>
				<Referans>IN028083</Referans>
			</Dokuman>
			<Dokuman>
				<Kalem_no>5</Kalem_no>
				<Kod>0101</Kod>
				<Dogrulama>V</Dogrulama>
				<Belge_tarihi>14/01/2025</Belge_tarihi>
				<Referans>ONE2025000000423</Referans>
			</Dokuman>
			<Dokuman>
				<Kalem_no>5</Kalem_no>
				<Kod>0102</Kod>
				<Dogrulama>V</Dogrulama>
				<Belge_tarihi>20/12/2024</Belge_tarihi>
				<Referans>117696222-2-003175</Referans>
			</Dokuman>
			<Dokuman>
				<Kalem_no>5</Kalem_no>
				<Kod>0887</Kod>
				<Dogrulama>V</Dogrulama>
				<Belge_tarihi>10/01/2025</Belge_tarihi>
				<Referans>25000000640887000004278/1</Referans>
			</Dokuman>
			<Dokuman>
				<Kalem_no>6</Kalem_no>
				<Kod>0100</Kod>
				<Dogrulama>V</Dogrulama>
				<Belge_tarihi>25/09/2024</Belge_tarihi>
				<Referans>IN028085</Referans>
			</Dokuman>
			<Dokuman>
				<Kalem_no>6</Kalem_no>
				<Kod>0101</Kod>
				<Dogrulama>V</Dogrulama>
				<Belge_tarihi>14/01/2025</Belge_tarihi>
				<Referans>ONE2025000000423</Referans>
			</Dokuman>
			<Dokuman>
				<Kalem_no>6</Kalem_no>
				<Kod>0102</Kod>
				<Dogrulama>V</Dogrulama>
				<Belge_tarihi>20/12/2024</Belge_tarihi>
				<Referans>117696222-2-003175</Referans>
			</Dokuman>
			<Dokuman>
				<Kalem_no>6</Kalem_no>
				<Kod>0887</Kod>
				<Dogrulama>V</Dogrulama>
				<Belge_tarihi>10/01/2025</Belge_tarihi>
				<Referans>25000000640887000004278/1</Referans>
			</Dokuman>
			<Dokuman>
				<Kalem_no>7</Kalem_no>
				<Kod>0100</Kod>
				<Dogrulama>V</Dogrulama>
				<Belge_tarihi>25/09/2024</Belge_tarihi>
				<Referans>IN028086</Referans>
			</Dokuman>
			<Dokuman>
				<Kalem_no>7</Kalem_no>
				<Kod>0101</Kod>
				<Dogrulama>V</Dogrulama>
				<Belge_tarihi>14/01/2025</Belge_tarihi>
				<Referans>ONE2025000000423</Referans>
			</Dokuman>
			<Dokuman>
				<Kalem_no>7</Kalem_no>
				<Kod>0102</Kod>
				<Dogrulama>V</Dogrulama>
				<Belge_tarihi>20/12/2024</Belge_tarihi>
				<Referans>117696222-2-003175</Referans>
			</Dokuman>
			<Dokuman>
				<Kalem_no>7</Kalem_no>
				<Kod>0887</Kod>
				<Dogrulama>V</Dogrulama>
				<Belge_tarihi>10/01/2025</Belge_tarihi>
				<Referans>25000000640887000004278/1</Referans>
			</Dokuman>
			<Dokuman>
				<Kalem_no>8</Kalem_no>
				<Kod>0100</Kod>
				<Dogrulama>V</Dogrulama>
				<Belge_tarihi>25/09/2024</Belge_tarihi>
				<Referans>IN028089</Referans>
			</Dokuman>
			<Dokuman>
				<Kalem_no>8</Kalem_no>
				<Kod>0101</Kod>
				<Dogrulama>V</Dogrulama>
				<Belge_tarihi>14/01/2025</Belge_tarihi>
				<Referans>ONE2025000000423</Referans>
			</Dokuman>
			<Dokuman>
				<Kalem_no>8</Kalem_no>
				<Kod>0102</Kod>
				<Dogrulama>V</Dogrulama>
				<Belge_tarihi>20/12/2024</Belge_tarihi>
				<Referans>117696222-2-003175</Referans>
			</Dokuman>
			<Dokuman>
				<Kalem_no>8</Kalem_no>
				<Kod>0887</Kod>
				<Dogrulama>V</Dogrulama>
				<Belge_tarihi>10/01/2025</Belge_tarihi>
				<Referans>25000000640887000004278/1</Referans>
			</Dokuman>
			<Dokuman>
				<Kalem_no>9</Kalem_no>
				<Kod>0100</Kod>
				<Dogrulama>V</Dogrulama>
				<Belge_tarihi>25/09/2024</Belge_tarihi>
				<Referans>IN028090</Referans>
			</Dokuman>
			<Dokuman>
				<Kalem_no>9</Kalem_no>
				<Kod>0101</Kod>
				<Dogrulama>V</Dogrulama>
				<Belge_tarihi>14/01/2025</Belge_tarihi>
				<Referans>ONE2025000000423</Referans>
			</Dokuman>
			<Dokuman>
				<Kalem_no>9</Kalem_no>
				<Kod>0102</Kod>
				<Dogrulama>V</Dogrulama>
				<Belge_tarihi>20/12/2024</Belge_tarihi>
				<Referans>117696222-2-003175</Referans>
			</Dokuman>
			<Dokuman>
				<Kalem_no>9</Kalem_no>
				<Kod>0887</Kod>
				<Dogrulama>V</Dogrulama>
				<Belge_tarihi>10/01/2025</Belge_tarihi>
				<Referans>25000000640887000004278/1</Referans>
			</Dokuman>
			<Dokuman>
				<Kalem_no>10</Kalem_no>
				<Kod>0100</Kod>
				<Dogrulama>V</Dogrulama>
				<Belge_tarihi>25/09/2024</Belge_tarihi>
				<Referans>IN028135</Referans>
			</Dokuman>
			<Dokuman>
				<Kalem_no>10</Kalem_no>
				<Kod>0101</Kod>
				<Dogrulama>V</Dogrulama>
				<Belge_tarihi>14/01/2025</Belge_tarihi>
				<Referans>ONE2025000000423</Referans>
			</Dokuman>
			<Dokuman>
				<Kalem_no>10</Kalem_no>
				<Kod>0102</Kod>
				<Dogrulama>V</Dogrulama>
				<Belge_tarihi>20/12/2024</Belge_tarihi>
				<Referans>117696222-2-003175</Referans>
			</Dokuman>
			<Dokuman>
				<Kalem_no>10</Kalem_no>
				<Kod>0887</Kod>
				<Dogrulama>V</Dogrulama>
				<Belge_tarihi>10/01/2025</Belge_tarihi>
				<Referans>25000000640887000004278/1</Referans>
			</Dokuman>
			<Dokuman>
				<Kalem_no>11</Kalem_no>
				<Kod>0100</Kod>
				<Dogrulama>V</Dogrulama>
				<Belge_tarihi>25/09/2024</Belge_tarihi>
				<Referans>IN028185</Referans>
			</Dokuman>
			<Dokuman>
				<Kalem_no>11</Kalem_no>
				<Kod>0101</Kod>
				<Dogrulama>V</Dogrulama>
				<Belge_tarihi>14/01/2025</Belge_tarihi>
				<Referans>ONE2025000000423</Referans>
			</Dokuman>
			<Dokuman>
				<Kalem_no>11</Kalem_no>
				<Kod>0102</Kod>
				<Dogrulama>V</Dogrulama>
				<Belge_tarihi>20/12/2024</Belge_tarihi>
				<Referans>117696222-2-003175</Referans>
			</Dokuman>
			<Dokuman>
				<Kalem_no>11</Kalem_no>
				<Kod>0887</Kod>
				<Dogrulama>V</Dogrulama>
				<Belge_tarihi>10/01/2025</Belge_tarihi>
				<Referans>25000000640887000004278/1</Referans>
			</Dokuman>
			<Dokuman>
				<Kalem_no>12</Kalem_no>
				<Kod>0100</Kod>
				<Dogrulama>V</Dogrulama>
				<Belge_tarihi>25/09/2024</Belge_tarihi>
				<Referans>IN028186</Referans>
			</Dokuman>
			<Dokuman>
				<Kalem_no>12</Kalem_no>
				<Kod>0101</Kod>
				<Dogrulama>V</Dogrulama>
				<Belge_tarihi>14/01/2025</Belge_tarihi>
				<Referans>ONE2025000000423</Referans>
			</Dokuman>
			<Dokuman>
				<Kalem_no>12</Kalem_no>
				<Kod>0102</Kod>
				<Dogrulama>V</Dogrulama>
				<Belge_tarihi>20/12/2024</Belge_tarihi>
				<Referans>117696222-2-003175</Referans>
			</Dokuman>
			<Dokuman>
				<Kalem_no>12</Kalem_no>
				<Kod>0887</Kod>
				<Dogrulama>V</Dogrulama>
				<Belge_tarihi>10/01/2025</Belge_tarihi>
				<Referans>25000000640887000004278/1</Referans>
			</Dokuman>
			<Dokuman>
				<Kalem_no>13</Kalem_no>
				<Kod>0100</Kod>
				<Dogrulama>V</Dogrulama>
				<Belge_tarihi>25/09/2024</Belge_tarihi>
				<Referans>IN028187</Referans>
			</Dokuman>
			<Dokuman>
				<Kalem_no>13</Kalem_no>
				<Kod>0101</Kod>
				<Dogrulama>V</Dogrulama>
				<Belge_tarihi>14/01/2025</Belge_tarihi>
				<Referans>ONE2025000000423</Referans>
			</Dokuman>
			<Dokuman>
				<Kalem_no>13</Kalem_no>
				<Kod>0102</Kod>
				<Dogrulama>V</Dogrulama>
				<Belge_tarihi>20/12/2024</Belge_tarihi>
				<Referans>117696222-2-003175</Referans>
			</Dokuman>
			<Dokuman>
				<Kalem_no>13</Kalem_no>
				<Kod>0887</Kod>
				<Dogrulama>V</Dogrulama>
				<Belge_tarihi>10/01/2025</Belge_tarihi>
				<Referans>25000000640887000004278/1</Referans>
			</Dokuman>
		</Dokumanlar>
		<Vergiler>
			<Vergi>
				<Kalem_no>1</Kalem_no>
				<Kod>10</Kod>
				<Miktar>3063.03</Miktar>
				<Oran>3.3</Oran>
				<Odeme_sekli>P</Odeme_sekli>
				<Vergi_matrahi>92819.02</Vergi_matrahi>
			</Vergi>
			<Vergi>
				<Kalem_no>1</Kalem_no>
				<Kod>40</Kod>
				<Miktar>22469.03</Miktar>
				<Oran>20</Oran>
				<Odeme_sekli>P</Odeme_sekli>
				<Vergi_matrahi>112345.14</Vergi_matrahi>
			</Vergi>
			<Vergi>
				<Kalem_no>1</Kalem_no>
				<Kod>59</Kod>
				<Miktar>13922.85</Miktar>
				<Oran>15</Oran>
				<Odeme_sekli>P</Odeme_sekli>
				<Vergi_matrahi>92819.02</Vergi_matrahi>
			</Vergi>
			<Vergi>
				<Kalem_no>1</Kalem_no>
				<Kod>89</Kod>
				<Miktar>898.2</Miktar>
				<Oran>0</Oran>
				<Odeme_sekli>P</Odeme_sekli>
				<Vergi_matrahi>0</Vergi_matrahi>
			</Vergi>
			<Vergi>
				<Kalem_no>2</Kalem_no>
				<Kod>10</Kod>
				<Miktar>3375.62</Miktar>
				<Oran>3.3</Oran>
				<Odeme_sekli>P</Odeme_sekli>
				<Vergi_matrahi>102291.42</Vergi_matrahi>
			</Vergi>
			<Vergi>
				<Kalem_no>2</Kalem_no>
				<Kod>40</Kod>
				<Miktar>24564.07</Miktar>
				<Oran>20</Oran>
				<Odeme_sekli>P</Odeme_sekli>
				<Vergi_matrahi>122820.35</Vergi_matrahi>
			</Vergi>
			<Vergi>
				<Kalem_no>2</Kalem_no>
				<Kod>59</Kod>
				<Miktar>15343.71</Miktar>
				<Oran>15</Oran>
				<Odeme_sekli>P</Odeme_sekli>
				<Vergi_matrahi>102291.42</Vergi_matrahi>
			</Vergi>
			<Vergi>
				<Kalem_no>3</Kalem_no>
				<Kod>10</Kod>
				<Miktar>1210.21</Miktar>
				<Oran>3.3</Oran>
				<Odeme_sekli>P</Odeme_sekli>
				<Vergi_matrahi>36673.08</Vergi_matrahi>
			</Vergi>
			<Vergi>
				<Kalem_no>3</Kalem_no>
				<Kod>40</Kod>
				<Miktar>8806.6</Miktar>
				<Oran>20</Oran>
				<Odeme_sekli>P</Odeme_sekli>
				<Vergi_matrahi>44033.02</Vergi_matrahi>
			</Vergi>
			<Vergi>
				<Kalem_no>3</Kalem_no>
				<Kod>59</Kod>
				<Miktar>5500.96</Miktar>
				<Oran>15</Oran>
				<Odeme_sekli>P</Odeme_sekli>
				<Vergi_matrahi>36673.08</Vergi_matrahi>
			</Vergi>
			<Vergi>
				<Kalem_no>4</Kalem_no>
				<Kod>10</Kod>
				<Miktar>2861.77</Miktar>
				<Oran>3.3</Oran>
				<Odeme_sekli>P</Odeme_sekli>
				<Vergi_matrahi>86720.2</Vergi_matrahi>
			</Vergi>
			<Vergi>
				<Kalem_no>4</Kalem_no>
				<Kod>40</Kod>
				<Miktar>20824.83</Miktar>
				<Oran>20</Oran>
				<Odeme_sekli>P</Odeme_sekli>
				<Vergi_matrahi>104124.15</Vergi_matrahi>
			</Vergi>
			<Vergi>
				<Kalem_no>4</Kalem_no>
				<Kod>59</Kod>
				<Miktar>13008.03</Miktar>
				<Oran>15</Oran>
				<Odeme_sekli>P</Odeme_sekli>
				<Vergi_matrahi>86720.2</Vergi_matrahi>
			</Vergi>
			<Vergi>
				<Kalem_no>5</Kalem_no>
				<Kod>10</Kod>
				<Miktar>2575.45</Miktar>
				<Oran>3.3</Oran>
				<Odeme_sekli>P</Odeme_sekli>
				<Vergi_matrahi>78043.86</Vergi_matrahi>
			</Vergi>
			<Vergi>
				<Kalem_no>5</Kalem_no>
				<Kod>40</Kod>
				<Miktar>18741.31</Miktar>
				<Oran>20</Oran>
				<Odeme_sekli>P</Odeme_sekli>
				<Vergi_matrahi>93706.56</Vergi_matrahi>
			</Vergi>
			<Vergi>
				<Kalem_no>5</Kalem_no>
				<Kod>59</Kod>
				<Miktar>11706.58</Miktar>
				<Oran>15</Oran>
				<Odeme_sekli>P</Odeme_sekli>
				<Vergi_matrahi>78043.86</Vergi_matrahi>
			</Vergi>
			<Vergi>
				<Kalem_no>6</Kalem_no>
				<Kod>10</Kod>
				<Miktar>2625.5</Miktar>
				<Oran>3.3</Oran>
				<Odeme_sekli>P</Odeme_sekli>
				<Vergi_matrahi>79560.53</Vergi_matrahi>
			</Vergi>
			<Vergi>
				<Kalem_no>6</Kalem_no>
				<Kod>40</Kod>
				<Miktar>19105.52</Miktar>
				<Oran>20</Oran>
				<Odeme_sekli>P</Odeme_sekli>
				<Vergi_matrahi>95527.59</Vergi_matrahi>
			</Vergi>
			<Vergi>
				<Kalem_no>6</Kalem_no>
				<Kod>59</Kod>
				<Miktar>11934.08</Miktar>
				<Oran>15</Oran>
				<Odeme_sekli>P</Odeme_sekli>
				<Vergi_matrahi>79560.53</Vergi_matrahi>
			</Vergi>
			<Vergi>
				<Kalem_no>7</Kalem_no>
				<Kod>10</Kod>
				<Miktar>2991.18</Miktar>
				<Oran>3.3</Oran>
				<Odeme_sekli>P</Odeme_sekli>
				<Vergi_matrahi>90641.89</Vergi_matrahi>
			</Vergi>
			<Vergi>
				<Kalem_no>7</Kalem_no>
				<Kod>40</Kod>
				<Miktar>21766.57</Miktar>
				<Oran>20</Oran>
				<Odeme_sekli>P</Odeme_sekli>
				<Vergi_matrahi>108832.86</Vergi_matrahi>
			</Vergi>
			<Vergi>
				<Kalem_no>7</Kalem_no>
				<Kod>59</Kod>
				<Miktar>13596.28</Miktar>
				<Oran>15</Oran>
				<Odeme_sekli>P</Odeme_sekli>
				<Vergi_matrahi>90641.89</Vergi_matrahi>
			</Vergi>
			<Vergi>
				<Kalem_no>8</Kalem_no>
				<Kod>10</Kod>
				<Miktar>3863.25</Miktar>
				<Oran>3.3</Oran>
				<Odeme_sekli>P</Odeme_sekli>
				<Vergi_matrahi>117068.19</Vergi_matrahi>
			</Vergi>
			<Vergi>
				<Kalem_no>8</Kalem_no>
				<Kod>40</Kod>
				<Miktar>28112.53</Miktar>
				<Oran>20</Oran>
				<Odeme_sekli>P</Odeme_sekli>
				<Vergi_matrahi>140562.66</Vergi_matrahi>
			</Vergi>
			<Vergi>
				<Kalem_no>8</Kalem_no>
				<Kod>59</Kod>
				<Miktar>17560.23</Miktar>
				<Oran>15</Oran>
				<Odeme_sekli>P</Odeme_sekli>
				<Vergi_matrahi>117068.19</Vergi_matrahi>
			</Vergi>
			<Vergi>
				<Kalem_no>9</Kalem_no>
				<Kod>10</Kod>
				<Miktar>3281.82</Miktar>
				<Oran>3.3</Oran>
				<Odeme_sekli>P</Odeme_sekli>
				<Vergi_matrahi>99449.06</Vergi_matrahi>
			</Vergi>
			<Vergi>
				<Kalem_no>9</Kalem_no>
				<Kod>40</Kod>
				<Miktar>23881.52</Miktar>
				<Oran>20</Oran>
				<Odeme_sekli>P</Odeme_sekli>
				<Vergi_matrahi>119407.58</Vergi_matrahi>
			</Vergi>
			<Vergi>
				<Kalem_no>9</Kalem_no>
				<Kod>59</Kod>
				<Miktar>14917.36</Miktar>
				<Oran>15</Oran>
				<Odeme_sekli>P</Odeme_sekli>
				<Vergi_matrahi>99449.06</Vergi_matrahi>
			</Vergi>
			<Vergi>
				<Kalem_no>10</Kalem_no>
				<Kod>10</Kod>
				<Miktar>3640.65</Miktar>
				<Oran>3.3</Oran>
				<Odeme_sekli>P</Odeme_sekli>
				<Vergi_matrahi>110322.59</Vergi_matrahi>
			</Vergi>
			<Vergi>
				<Kalem_no>10</Kalem_no>
				<Kod>40</Kod>
				<Miktar>26492.66</Miktar>
				<Oran>20</Oran>
				<Odeme_sekli>P</Odeme_sekli>
				<Vergi_matrahi>132463.32</Vergi_matrahi>
			</Vergi>
			<Vergi>
				<Kalem_no>10</Kalem_no>
				<Kod>59</Kod>
				<Miktar>16548.39</Miktar>
				<Oran>15</Oran>
				<Odeme_sekli>P</Odeme_sekli>
				<Vergi_matrahi>110322.59</Vergi_matrahi>
			</Vergi>
			<Vergi>
				<Kalem_no>11</Kalem_no>
				<Kod>10</Kod>
				<Miktar>2420.42</Miktar>
				<Oran>3.3</Oran>
				<Odeme_sekli>P</Odeme_sekli>
				<Vergi_matrahi>73346.18</Vergi_matrahi>
			</Vergi>
			<Vergi>
				<Kalem_no>11</Kalem_no>
				<Kod>40</Kod>
				<Miktar>17613.22</Miktar>
				<Oran>20</Oran>
				<Odeme_sekli>P</Odeme_sekli>
				<Vergi_matrahi>88066.09</Vergi_matrahi>
			</Vergi>
			<Vergi>
				<Kalem_no>11</Kalem_no>
				<Kod>59</Kod>
				<Miktar>11001.93</Miktar>
				<Oran>15</Oran>
				<Odeme_sekli>P</Odeme_sekli>
				<Vergi_matrahi>73346.18</Vergi_matrahi>
			</Vergi>
			<Vergi>
				<Kalem_no>12</Kalem_no>
				<Kod>10</Kod>
				<Miktar>1906.57</Miktar>
				<Oran>3.3</Oran>
				<Odeme_sekli>P</Odeme_sekli>
				<Vergi_matrahi>57774.96</Vergi_matrahi>
			</Vergi>
			<Vergi>
				<Kalem_no>12</Kalem_no>
				<Kod>40</Kod>
				<Miktar>13873.98</Miktar>
				<Oran>20</Oran>
				<Odeme_sekli>P</Odeme_sekli>
				<Vergi_matrahi>69369.88</Vergi_matrahi>
			</Vergi>
			<Vergi>
				<Kalem_no>12</Kalem_no>
				<Kod>59</Kod>
				<Miktar>8666.24</Miktar>
				<Oran>15</Oran>
				<Odeme_sekli>P</Odeme_sekli>
				<Vergi_matrahi>57774.96</Vergi_matrahi>
			</Vergi>
			<Vergi>
				<Kalem_no>13</Kalem_no>
				<Kod>10</Kod>
				<Miktar>1906.57</Miktar>
				<Oran>3.3</Oran>
				<Odeme_sekli>P</Odeme_sekli>
				<Vergi_matrahi>57774.99</Vergi_matrahi>
			</Vergi>
			<Vergi>
				<Kalem_no>13</Kalem_no>
				<Kod>40</Kod>
				<Miktar>13873.98</Miktar>
				<Oran>20</Oran>
				<Odeme_sekli>P</Odeme_sekli>
				<Vergi_matrahi>69369.89</Vergi_matrahi>
			</Vergi>
			<Vergi>
				<Kalem_no>13</Kalem_no>
				<Kod>59</Kod>
				<Miktar>8666.25</Miktar>
				<Oran>15</Oran>
				<Odeme_sekli>P</Odeme_sekli>
				<Vergi_matrahi>57774.99</Vergi_matrahi>
			</Vergi>
		</Vergiler>
		<KiymetBildirim>
			<Kiymet>
				<TeslimSekli>EXW</TeslimSekli>
				<SozlesmeTarihiSayisi/>
				<FaturaTarihiSayisi>25.09.2024/IN028029,25.09.2024/IN028080,25.09.2024/IN028081,25.09.2024/IN028082,25.09.2024/IN028083,25.09.2024/IN028085,25.09.2024/IN028086,25.09.2024/IN028089,25.09.2024/IN028090,25.09.2024/IN028135,25.09.2024/IN028185,25.09.2024/IN028186,25.09.2024/IN028187</FaturaTarihiSayisi>
				<GumrukIdaresiKarari/>
				<AliciSatici>YOK</AliciSatici>
				<AliciSaticiAyrintilar/>
				<Kisitlamalar>HAYIR</Kisitlamalar>
				<Edim>HAYIR</Edim>
				<KisitlamalarAyrintilar/>
				<Royalti>HAYIR</Royalti>
				<RoyaltiKosullar/>
				<SaticiyaIntikal>HAYIR</SaticiyaIntikal>
				<SaticiyaIntikalKosullar/>
				<SehirYer>ISTANBUL</SehirYer>
				<Taahutname>EVET</Taahutname>
				<KiymetKalemler>
					<KiymetKalem>
						<KiymetKalemNo>1</KiymetKalemNo>
						<BeyannameKalemNo>1</BeyannameKalemNo>
						<DolayliOdeme>0</DolayliOdeme>
						<Komisyon>0</Komisyon>
						<Tellaliye>0</Tellaliye>
						<KapAmbalajBedeli>0</KapAmbalajBedeli>
						<IthalaKatilanMalzeme>0</IthalaKatilanMalzeme>
						<IthalaUretimAraclar>0</IthalaUretimAraclar>
						<IthalaUretimTuketimMalzemesi>0</IthalaUretimTuketimMalzemesi>
						<PlanTaslak>0</PlanTaslak>
						<RoyaltiLisans>0</RoyaltiLisans>
						<DolayliIntikal>0</DolayliIntikal>
						<Nakliye>2379.16</Nakliye>
						<Sigorta>94.41</Sigorta>
						<GirisSonrasiNakliye>0</GirisSonrasiNakliye>
						<TeknikYardim>0</TeknikYardim>
						<DigerOdemeler>0</DigerOdemeler>
						<DigerOdemelerNiteligi/>
						<VergiHarcFon>0</VergiHarcFon>
					</KiymetKalem>
					<KiymetKalem>
						<KiymetKalemNo>2</KiymetKalemNo>
						<BeyannameKalemNo>2</BeyannameKalemNo>
						<DolayliOdeme>0</DolayliOdeme>
						<Komisyon>0</Komisyon>
						<Tellaliye>0</Tellaliye>
						<KapAmbalajBedeli>0</KapAmbalajBedeli>
						<IthalaKatilanMalzeme>0</IthalaKatilanMalzeme>
						<IthalaUretimAraclar>0</IthalaUretimAraclar>
						<IthalaUretimTuketimMalzemesi>0</IthalaUretimTuketimMalzemesi>
						<PlanTaslak>0</PlanTaslak>
						<RoyaltiLisans>0</RoyaltiLisans>
						<DolayliIntikal>0</DolayliIntikal>
						<Nakliye>2623.01</Nakliye>
						<Sigorta>104.04</Sigorta>
						<GirisSonrasiNakliye>0</GirisSonrasiNakliye>
						<TeknikYardim>0</TeknikYardim>
						<DigerOdemeler>0</DigerOdemeler>
						<DigerOdemelerNiteligi/>
						<VergiHarcFon>0</VergiHarcFon>
					</KiymetKalem>
					<KiymetKalem>
						<KiymetKalemNo>3</KiymetKalemNo>
						<BeyannameKalemNo>3</BeyannameKalemNo>
						<DolayliOdeme>0</DolayliOdeme>
						<Komisyon>0</Komisyon>
						<Tellaliye>0</Tellaliye>
						<KapAmbalajBedeli>0</KapAmbalajBedeli>
						<IthalaKatilanMalzeme>0</IthalaKatilanMalzeme>
						<IthalaUretimAraclar>0</IthalaUretimAraclar>
						<IthalaUretimTuketimMalzemesi>0</IthalaUretimTuketimMalzemesi>
						<PlanTaslak>0</PlanTaslak>
						<RoyaltiLisans>0</RoyaltiLisans>
						<DolayliIntikal>0</DolayliIntikal>
						<Nakliye>940.11</Nakliye>
						<Sigorta>37.3</Sigorta>
						<GirisSonrasiNakliye>0</GirisSonrasiNakliye>
						<TeknikYardim>0</TeknikYardim>
						<DigerOdemeler>0</DigerOdemeler>
						<DigerOdemelerNiteligi/>
						<VergiHarcFon>0</VergiHarcFon>
					</KiymetKalem>
					<KiymetKalem>
						<KiymetKalemNo>4</KiymetKalemNo>
						<BeyannameKalemNo>4</BeyannameKalemNo>
						<DolayliOdeme>0</DolayliOdeme>
						<Komisyon>0</Komisyon>
						<Tellaliye>0</Tellaliye>
						<KapAmbalajBedeli>0</KapAmbalajBedeli>
						<IthalaKatilanMalzeme>0</IthalaKatilanMalzeme>
						<IthalaUretimAraclar>0</IthalaUretimAraclar>
						<IthalaUretimTuketimMalzemesi>0</IthalaUretimTuketimMalzemesi>
						<PlanTaslak>0</PlanTaslak>
						<RoyaltiLisans>0</RoyaltiLisans>
						<DolayliIntikal>0</DolayliIntikal>
						<Nakliye>2223.54</Nakliye>
						<Sigorta>88.2</Sigorta>
						<GirisSonrasiNakliye>0</GirisSonrasiNakliye>
						<TeknikYardim>0</TeknikYardim>
						<DigerOdemeler>0</DigerOdemeler>
						<DigerOdemelerNiteligi/>
						<VergiHarcFon>0</VergiHarcFon>
					</KiymetKalem>
					<KiymetKalem>
						<KiymetKalemNo>5</KiymetKalemNo>
						<BeyannameKalemNo>5</BeyannameKalemNo>
						<DolayliOdeme>0</DolayliOdeme>
						<Komisyon>0</Komisyon>
						<Tellaliye>0</Tellaliye>
						<KapAmbalajBedeli>0</KapAmbalajBedeli>
						<IthalaKatilanMalzeme>0</IthalaKatilanMalzeme>
						<IthalaUretimAraclar>0</IthalaUretimAraclar>
						<IthalaUretimTuketimMalzemesi>0</IthalaUretimTuketimMalzemesi>
						<PlanTaslak>0</PlanTaslak>
						<RoyaltiLisans>0</RoyaltiLisans>
						<DolayliIntikal>0</DolayliIntikal>
						<Nakliye>2000.55</Nakliye>
						<Sigorta>79.38</Sigorta>
						<GirisSonrasiNakliye>0</GirisSonrasiNakliye>
						<TeknikYardim>0</TeknikYardim>
						<DigerOdemeler>0</DigerOdemeler>
						<DigerOdemelerNiteligi/>
						<VergiHarcFon>0</VergiHarcFon>
					</KiymetKalem>
					<KiymetKalem>
						<KiymetKalemNo>6</KiymetKalemNo>
						<BeyannameKalemNo>6</BeyannameKalemNo>
						<DolayliOdeme>0</DolayliOdeme>
						<Komisyon>0</Komisyon>
						<Tellaliye>0</Tellaliye>
						<KapAmbalajBedeli>0</KapAmbalajBedeli>
						<IthalaKatilanMalzeme>0</IthalaKatilanMalzeme>
						<IthalaUretimAraclar>0</IthalaUretimAraclar>
						<IthalaUretimTuketimMalzemesi>0</IthalaUretimTuketimMalzemesi>
						<PlanTaslak>0</PlanTaslak>
						<RoyaltiLisans>0</RoyaltiLisans>
						<DolayliIntikal>0</DolayliIntikal>
						<Nakliye>2040.65</Nakliye>
						<Sigorta>80.92</Sigorta>
						<GirisSonrasiNakliye>0</GirisSonrasiNakliye>
						<TeknikYardim>0</TeknikYardim>
						<DigerOdemeler>0</DigerOdemeler>
						<DigerOdemelerNiteligi/>
						<VergiHarcFon>0</VergiHarcFon>
					</KiymetKalem>
					<KiymetKalem>
						<KiymetKalemNo>7</KiymetKalemNo>
						<BeyannameKalemNo>7</BeyannameKalemNo>
						<DolayliOdeme>0</DolayliOdeme>
						<Komisyon>0</Komisyon>
						<Tellaliye>0</Tellaliye>
						<KapAmbalajBedeli>0</KapAmbalajBedeli>
						<IthalaKatilanMalzeme>0</IthalaKatilanMalzeme>
						<IthalaUretimAraclar>0</IthalaUretimAraclar>
						<IthalaUretimTuketimMalzemesi>0</IthalaUretimTuketimMalzemesi>
						<PlanTaslak>0</PlanTaslak>
						<RoyaltiLisans>0</RoyaltiLisans>
						<DolayliIntikal>0</DolayliIntikal>
						<Nakliye>2324.61</Nakliye>
						<Sigorta>92.19</Sigorta>
						<GirisSonrasiNakliye>0</GirisSonrasiNakliye>
						<TeknikYardim>0</TeknikYardim>
						<DigerOdemeler>0</DigerOdemeler>
						<DigerOdemelerNiteligi/>
						<VergiHarcFon>0</VergiHarcFon>
					</KiymetKalem>
					<KiymetKalem>
						<KiymetKalemNo>8</KiymetKalemNo>
						<BeyannameKalemNo>8</BeyannameKalemNo>
						<DolayliOdeme>0</DolayliOdeme>
						<Komisyon>0</Komisyon>
						<Tellaliye>0</Tellaliye>
						<KapAmbalajBedeli>0</KapAmbalajBedeli>
						<IthalaKatilanMalzeme>0</IthalaKatilanMalzeme>
						<IthalaUretimAraclar>0</IthalaUretimAraclar>
						<IthalaUretimTuketimMalzemesi>0</IthalaUretimTuketimMalzemesi>
						<PlanTaslak>0</PlanTaslak>
						<RoyaltiLisans>0</RoyaltiLisans>
						<DolayliIntikal>0</DolayliIntikal>
						<Nakliye>3003.23</Nakliye>
						<Sigorta>119.07</Sigorta>
						<GirisSonrasiNakliye>0</GirisSonrasiNakliye>
						<TeknikYardim>0</TeknikYardim>
						<DigerOdemeler>0</DigerOdemeler>
						<DigerOdemelerNiteligi/>
						<VergiHarcFon>0</VergiHarcFon>
					</KiymetKalem>
					<KiymetKalem>
						<KiymetKalemNo>9</KiymetKalemNo>
						<BeyannameKalemNo>9</BeyannameKalemNo>
						<DolayliOdeme>0</DolayliOdeme>
						<Komisyon>0</Komisyon>
						<Tellaliye>0</Tellaliye>
						<KapAmbalajBedeli>0</KapAmbalajBedeli>
						<IthalaKatilanMalzeme>0</IthalaKatilanMalzeme>
						<IthalaUretimAraclar>0</IthalaUretimAraclar>
						<IthalaUretimTuketimMalzemesi>0</IthalaUretimTuketimMalzemesi>
						<PlanTaslak>0</PlanTaslak>
						<RoyaltiLisans>0</RoyaltiLisans>
						<DolayliIntikal>0</DolayliIntikal>
						<Nakliye>2549.21</Nakliye>
						<Sigorta>101.15</Sigorta>
						<GirisSonrasiNakliye>0</GirisSonrasiNakliye>
						<TeknikYardim>0</TeknikYardim>
						<DigerOdemeler>0</DigerOdemeler>
						<DigerOdemelerNiteligi/>
						<VergiHarcFon>0</VergiHarcFon>
					</KiymetKalem>
					<KiymetKalem>
						<KiymetKalemNo>10</KiymetKalemNo>
						<BeyannameKalemNo>10</BeyannameKalemNo>
						<DolayliOdeme>0</DolayliOdeme>
						<Komisyon>0</Komisyon>
						<Tellaliye>0</Tellaliye>
						<KapAmbalajBedeli>0</KapAmbalajBedeli>
						<IthalaKatilanMalzeme>0</IthalaKatilanMalzeme>
						<IthalaUretimAraclar>0</IthalaUretimAraclar>
						<IthalaUretimTuketimMalzemesi>0</IthalaUretimTuketimMalzemesi>
						<PlanTaslak>0</PlanTaslak>
						<RoyaltiLisans>0</RoyaltiLisans>
						<DolayliIntikal>0</DolayliIntikal>
						<Nakliye>2828.36</Nakliye>
						<Sigorta>112.21</Sigorta>
						<GirisSonrasiNakliye>0</GirisSonrasiNakliye>
						<TeknikYardim>0</TeknikYardim>
						<DigerOdemeler>0</DigerOdemeler>
						<DigerOdemelerNiteligi/>
						<VergiHarcFon>0</VergiHarcFon>
					</KiymetKalem>
					<KiymetKalem>
						<KiymetKalemNo>11</KiymetKalemNo>
						<BeyannameKalemNo>11</BeyannameKalemNo>
						<DolayliOdeme>0</DolayliOdeme>
						<Komisyon>0</Komisyon>
						<Tellaliye>0</Tellaliye>
						<KapAmbalajBedeli>0</KapAmbalajBedeli>
						<IthalaKatilanMalzeme>0</IthalaKatilanMalzeme>
						<IthalaUretimAraclar>0</IthalaUretimAraclar>
						<IthalaUretimTuketimMalzemesi>0</IthalaUretimTuketimMalzemesi>
						<PlanTaslak>0</PlanTaslak>
						<RoyaltiLisans>0</RoyaltiLisans>
						<DolayliIntikal>0</DolayliIntikal>
						<Nakliye>1880.23</Nakliye>
						<Sigorta>74.6</Sigorta>
						<GirisSonrasiNakliye>0</GirisSonrasiNakliye>
						<TeknikYardim>0</TeknikYardim>
						<DigerOdemeler>0</DigerOdemeler>
						<DigerOdemelerNiteligi/>
						<VergiHarcFon>0</VergiHarcFon>
					</KiymetKalem>
					<KiymetKalem>
						<KiymetKalemNo>12</KiymetKalemNo>
						<BeyannameKalemNo>12</BeyannameKalemNo>
						<DolayliOdeme>0</DolayliOdeme>
						<Komisyon>0</Komisyon>
						<Tellaliye>0</Tellaliye>
						<KapAmbalajBedeli>0</KapAmbalajBedeli>
						<IthalaKatilanMalzeme>0</IthalaKatilanMalzeme>
						<IthalaUretimAraclar>0</IthalaUretimAraclar>
						<IthalaUretimTuketimMalzemesi>0</IthalaUretimTuketimMalzemesi>
						<PlanTaslak>0</PlanTaslak>
						<RoyaltiLisans>0</RoyaltiLisans>
						<DolayliIntikal>0</DolayliIntikal>
						<Nakliye>1480.76</Nakliye>
						<Sigorta>58.76</Sigorta>
						<GirisSonrasiNakliye>0</GirisSonrasiNakliye>
						<TeknikYardim>0</TeknikYardim>
						<DigerOdemeler>0</DigerOdemeler>
						<DigerOdemelerNiteligi/>
						<VergiHarcFon>0</VergiHarcFon>
					</KiymetKalem>
					<KiymetKalem>
						<KiymetKalemNo>13</KiymetKalemNo>
						<BeyannameKalemNo>13</BeyannameKalemNo>
						<DolayliOdeme>0</DolayliOdeme>
						<Komisyon>0</Komisyon>
						<Tellaliye>0</Tellaliye>
						<KapAmbalajBedeli>0</KapAmbalajBedeli>
						<IthalaKatilanMalzeme>0</IthalaKatilanMalzeme>
						<IthalaUretimAraclar>0</IthalaUretimAraclar>
						<IthalaUretimTuketimMalzemesi>0</IthalaUretimTuketimMalzemesi>
						<PlanTaslak>0</PlanTaslak>
						<RoyaltiLisans>0</RoyaltiLisans>
						<DolayliIntikal>0</DolayliIntikal>
						<Nakliye>1480.77</Nakliye>
						<Sigorta>58.79</Sigorta>
						<GirisSonrasiNakliye>0</GirisSonrasiNakliye>
						<TeknikYardim>0</TeknikYardim>
						<DigerOdemeler>0</DigerOdemeler>
						<DigerOdemelerNiteligi/>
						<VergiHarcFon>0</VergiHarcFon>
					</KiymetKalem>
				</KiymetKalemler>
			</Kiymet>
		</KiymetBildirim>
		<OdemeSekilleri>
			<OdemeSekli>
				<OdemeSekliKodu>2</OdemeSekliKodu>
				<OdemeTutari>28572.5</OdemeTutari>
			</OdemeSekli>
		</OdemeSekilleri>
		<mail1>ali.kilicarslan@kizilkaya.com.tr</mail1>
		<mail2>ali.kilicarslan@kizilkaya.com.tr</mail2>
		<mobil1>+905422312233</mobil1>
		<LimanKodu>TRAMB-002</LimanKodu>
		<FazlaMesaiID/>
		<OdeSaymanlikBilgi/>
	</BeyannameBilgi>
</Gelen>
