<?xml version="1.0" encoding="UTF-8"?>
<Gelen xmlns:xsi="http://www.w3.org/2001/XMLSchema-instance" xmlns:xsd="http://www.w3.org/2001/XMLSchema">
	<RefID>T25-00846</RefID>
	<KullaniciAdi>46450213454</KullaniciAdi>
	<Sifre>e9f0a004715c70367141c1cd2d391623</Sifre>
	<BeyannameBilgi xmlns="http://tempuri.org/">
		<Beyanname_no>25341300AN00008594</Beyanname_no>
		<Beyanname_Tarihi>23.01.2025</Beyanname_Tarihi>
		<Rejim>7100</Rejim>
		<GUMRUK>341300</GUMRUK>
		<Basitlestirilmis_usul/>
		<Yuk_belgeleri_sayisi>1</Yuk_belgeleri_sayisi>
		<Kap_adedi>17</Kap_adedi>
		<Ticaret_ulkesi>005</Ticaret_ulkesi>
		<Referans_no>2500093601/3001/5500006659/SAKCAN</Referans_no>
		<Cikis_ulkesi>005</Cikis_ulkesi>
		<Gidecegi_ulke/>
		<Gidecegi_sevk_ulkesi>005</Gidecegi_sevk_ulkesi>
		<Cikistaki_aracin_tipi>4</Cikistaki_aracin_tipi>
		<Cikistaki_aracin_kimligi>34 CJC 179 / 34 GER 302</Cikistaki_aracin_kimligi>
		<Cikistaki_aracin_ulkesi>052</Cikistaki_aracin_ulkesi>
		<Teslim_sekli>EXW</Teslim_sekli>
		<Teslim_yeri>İTALYA</Teslim_yeri>
		<Konteyner>HAYIR</Konteyner>
		<Sinirdaki_aracin_tipi>3</Sinirdaki_aracin_tipi>
		<Sinirdaki_aracin_kimligi>34 CJC 179 / 34 GER 302</Sinirdaki_aracin_kimligi>
		<Sinirdaki_aracin_ulkesi>052</Sinirdaki_aracin_ulkesi>
		<Toplam_fatura>29867.4</Toplam_fatura>
		<Toplam_fatura_dovizi>EUR</Toplam_fatura_dovizi>
		<Toplam_navlun>111040.42</Toplam_navlun>
		<Toplan_navlun_dovizi>TRY</Toplan_navlun_dovizi>
		<Sinirdaki_tasima_sekli>17</Sinirdaki_tasima_sekli>
		<Alici_satici_iliskisi>6</Alici_satici_iliskisi>
		<Toplam_sigorta>33312.13</Toplam_sigorta>
		<Toplam_sigorta_dovizi>TRY</Toplam_sigorta_dovizi>
		<Yukleme_bosaltma_yeri>MURATBEY GÜMRÜK MÜDÜRLÜĞÜ</Yukleme_bosaltma_yeri>
		<Toplam_yurt_disi_harcamalar>0</Toplam_yurt_disi_harcamalar>
		<Toplam_yurt_disi_harcamalarin_dovizi>TRY</Toplam_yurt_disi_harcamalarin_dovizi>
		<Toplam_yurt_ici_harcamalar>1500</Toplam_yurt_ici_harcamalar>
		<Odeme_sekli>1</Odeme_sekli>
		<Banka_kodu>006401924034</Banka_kodu>
		<Esyanin_bulundugu_yer>A34000058 EVOLOG ANTREPO</Esyanin_bulundugu_yer>
		<Varis_gumruk_idaresi/>
		<Antrepo_kodu>A34000058</Antrepo_kodu>
		<Tasarlanan_guzergah/>
		<Telafi_edici_vergi>0</Telafi_edici_vergi>
		<Giris_gumruk_idaresi>343100</Giris_gumruk_idaresi>
		<Islemin_niteligi/>
		<Aciklamalar>VEKALET= KARTAL 12. NOTERLİĞİ 23.08.2024 - 29476 [AEO:1-Yetkilendirilmiş Yükümlü TR/AEOF/24340015/19.07.2024]*Gümrük yönetmeliğinin 564/3. maddesine istinaden   Kayıt No: 89941737 13.10.2023**ARDİYE FATURASI KDV LİDİR.* [FOB Kıymetin %3ü Sigorta Bedeli Olarak Alınmıştır.] [FOB Kıymetin %10u Navlun Bedeli Olarak Alınmıştır.]</Aciklamalar>
		<Kullanici_kodu>46450213454</Kullanici_kodu>
		<Referans_tarihi/>
		<Odeme>PESIN</Odeme>
		<Odeme_araci>B</Odeme_araci>
		<Musavir_referansi>EVRT25-00846</Musavir_referansi>
		<Gonderici_vergi_no></Gonderici_vergi_no>
		<Alici_vergi_no>8140496162</Alici_vergi_no>
		<Beyan_sahibi_vergi_no>5610574424</Beyan_sahibi_vergi_no>
		<Musavir_vergi_no>8140496162</Musavir_vergi_no>
		<Firma_bilgi>
			<firma>
				<Tip>Gonderici</Tip>
				<Ulke_kodu>005</Ulke_kodu>
				<Kimlik_turu>YFKS</Kimlik_turu>
				<Faks/>
				<No>18IT000069413/YFKS</No>
				<Adi_unvani>FENZİ S.P.A</Adi_unvani>
				<Cadde_s_no>20067 TRIBIANO (MILANO) VIA TRIESTE 13/15</Cadde_s_no>
				<Telefon/>
			</firma>
		</Firma_bilgi>
		<Teminat>
			<Teminat>
				<Teminat_sekli>NAKIT</Teminat_sekli>
				<Teminat_orani>100</Teminat_orani>
				<Banka_mektubu_tutari>0</Banka_mektubu_tutari>
				<Nakdi_teminat_tutari>256062.21</Nakdi_teminat_tutari>
				<Diger_tutar>0</Diger_tutar>
				<Global_teminat_no/>
				<Aciklama/>
				<Diger_tutar_referansi/>
			</Teminat>
		</Teminat>
		<Ozetbeyanlar>
			<Ozetbeyan>
				<ozbyacma_bilgi>
					<tasimasenetleri>
						<Tasima_senedi_no>1</Tasima_senedi_no>
						<tasimasatir_bilgi>
							<tasimasatirlari>
								<Tasima_satir_no>1</Tasima_satir_no>
								<Ambar_kodu>A0085</Ambar_kodu>
								<Acilacak_miktar>17</Acilacak_miktar>
							</tasimasatirlari>
						</tasimasatir_bilgi>
					</tasimasenetleri>
				</ozbyacma_bilgi>
				<Ozetbeyan_no>25ITQ3K08AK30693K7</Ozetbeyan_no>
				<Ozetbeyan_islem_kapsami>3</Ozetbeyan_islem_kapsami>
				<Ambar_ici>HAYIR</Ambar_ici>
				<Baska_rejim>HAYIR</Baska_rejim>
				<Aciklama/>
			</Ozetbeyan>
		</Ozetbeyanlar>
		<Kalemler>
			<kalem>
				<OdemeSekilleri>
					<OdemeSekli>
						<OdemeSekliKodu>1</OdemeSekliKodu>
						<OdemeTutari>26342.4</OdemeTutari>
						<TBFID/>
					</OdemeSekli>
				</OdemeSekilleri>
				<Gtip>391190130000</Gtip>
				<Imalatci_firma_bilgisi>HAYIR</Imalatci_firma_bilgisi>
				<Kalem_sira_no>1</Kalem_sira_no>
				<Mensei_ulke>005</Mensei_ulke>
				<Brut_agirlik>11649.51</Brut_agirlik>
				<Net_agirlik>10976</Net_agirlik>
				<Tamamlayici_olcu_birimi>KGM</Tamamlayici_olcu_birimi>
				<Istatistiki_miktar>10976</Istatistiki_miktar>
				<Uluslararasi_anlasma>AT</Uluslararasi_anlasma>
				<Algilama_birimi_1/>
				<Algilama_miktari_1>0</Algilama_miktari_1>
				<Algilama_birimi_2/>
				<Algilama_miktari_2>0</Algilama_miktari_2>
				<Muafiyetler_1/>
				<Muafiyetler_2/>
				<Muafiyetler_3/>
				<Muafiyetler_4/>
				<Muafiyetler_5/>
				<Algilama_birimi_3/>
				<Algilama_miktari_3>0</Algilama_miktari_3>
				<Ek_kod/>
				<Ozellik>01</Ozellik>
				<Fatura_miktari>26342.4</Fatura_miktari>
				<Fatura_miktarinin_dovizi>EUR</Fatura_miktarinin_dovizi>
				<Sinir_gecis_ucreti>0</Sinir_gecis_ucreti>
				<Navlun_miktari>99801.76</Navlun_miktari>
				<Navlun_miktarinin_dovizi>TRY</Navlun_miktarinin_dovizi>
				<Istatistiki_kiymet>31098.78</Istatistiki_kiymet>
				<Sigorta_miktari>29380.58</Sigorta_miktari>
				<Sigorta_miktarinin_dovizi>TRY</Sigorta_miktarinin_dovizi>
				<Yurt_ici_harcamalar>1322.97</Yurt_ici_harcamalar>
				<Tarifedeki_tanimi/>
				<Ticari_tanimi>Kimyevi Madde (THIOVER) "ORGANİK ÇÖZÜCÜLER İÇERİSİNDE ÇÖZELTİ HALDE DEĞİLDİR.*</Ticari_tanimi>
				<Marka>ADDR</Marka>
				<Numara>-</Numara>
				<Cinsi>BI</Cinsi>
				<Adedi>17</Adedi>
				<Miktar_birimi>KGM</Miktar_birimi>
				<Mahrece_iade/>
				<Ikincil_islem/>
				<Satir_no/>
				<Miktar>10976</Miktar>
				<Kdv_orani/>
				<Kullanilmis_esya/>
				<Aciklama_44>*2025/13 TEBLİĞ KAPSAMINDA DEĞİLDİR.*</Aciklama_44>
				<Imalatci_Vergino/>
				<Yurtici_Diger>1322.97</Yurtici_Diger>
				<Yurtici_Banka>0</Yurtici_Banka>
				<Yurtici_Depolama>0</Yurtici_Depolama>
				<Yurtici_Tahliye>0</Yurtici_Tahliye>
				<Yurtici_Liman>0</Yurtici_Liman>
				<Yurtici_Kultur>0</Yurtici_Kultur>
				<Yurtici_Kkdf>0</Yurtici_Kkdf>
				<KDV_Iceren_Yurtici_Giderler_Toplami>0</KDV_Iceren_Yurtici_Giderler_Toplami>
				<Yurtici_Cevre>0</Yurtici_Cevre>
				<Yurtici_Diger_Aciklama>Y.İÇİ</Yurtici_Diger_Aciklama>
				<Muafiyet_Aciklamasi/>
				<Referans_Tarihi/>
				<YurtDisi_Komisyon>0</YurtDisi_Komisyon>
				<YurtDisi_Demuraj>0</YurtDisi_Demuraj>
				<YurtDisi_Royalti>0</YurtDisi_Royalti>
				<YurtDisi_Faiz>0</YurtDisi_Faiz>
				<YurtDisi_Diger>0</YurtDisi_Diger>
				<YurtDisi_Komisyon_Dovizi/>
				<YurtDisi_Demuraj_Dovizi/>
				<YurtDisi_Royalti_Dovizi/>
				<YurtDisi_Faiz_Dovizi/>
				<YurtDisi_Diger_Dovizi/>
				<YurtDisi_Diger_Aciklama/>
				<Kalem_Islem_Niteligi>11</Kalem_Islem_Niteligi>
				<Giris_Cikis_Amaci/>
				<Giris_Cikis_Amaci_Aciklama/>
				<STM_IlKodu/>
				<EsyaGeriGelmeSebebi/>
				<EsyaGeriGelmeSebebiAciklamasi/>
				<SiparisTuru>9</SiparisTuru>
			</kalem>
			<kalem>
				<OdemeSekilleri>
					<OdemeSekli>
						<OdemeSekliKodu>1</OdemeSekliKodu>
						<OdemeTutari>2496</OdemeTutari>
						<TBFID/>
					</OdemeSekli>
				</OdemeSekilleri>
				<Gtip>382499969068</Gtip>
				<Imalatci_firma_bilgisi>HAYIR</Imalatci_firma_bilgisi>
				<Kalem_sira_no>2</Kalem_sira_no>
				<Mensei_ulke>005</Mensei_ulke>
				<Brut_agirlik>1103.82</Brut_agirlik>
				<Net_agirlik>1040</Net_agirlik>
				<Tamamlayici_olcu_birimi>KGM</Tamamlayici_olcu_birimi>
				<Istatistiki_miktar>1040</Istatistiki_miktar>
				<Uluslararasi_anlasma>AT</Uluslararasi_anlasma>
				<Algilama_birimi_1>KGM</Algilama_birimi_1>
				<Algilama_miktari_1>1040</Algilama_miktari_1>
				<Algilama_birimi_2>OTB</Algilama_birimi_2>
				<Algilama_miktari_2>4.4531</Algilama_miktari_2>
				<Muafiyetler_1>NKIST</Muafiyetler_1>
				<Muafiyetler_2/>
				<Muafiyetler_3/>
				<Muafiyetler_4/>
				<Muafiyetler_5/>
				<Algilama_birimi_3/>
				<Algilama_miktari_3>0</Algilama_miktari_3>
				<Ek_kod/>
				<Ozellik>01</Ozellik>
				<Fatura_miktari>2496</Fatura_miktari>
				<Fatura_miktarinin_dovizi>EUR</Fatura_miktarinin_dovizi>
				<Sinir_gecis_ucreti>0</Sinir_gecis_ucreti>
				<Navlun_miktari>9456.46</Navlun_miktari>
				<Navlun_miktarinin_dovizi>TRY</Navlun_miktarinin_dovizi>
				<Istatistiki_kiymet>2946.68</Istatistiki_kiymet>
				<Sigorta_miktari>2783.87</Sigorta_miktari>
				<Sigorta_miktarinin_dovizi>TRY</Sigorta_miktarinin_dovizi>
				<Yurt_ici_harcamalar>125.35</Yurt_ici_harcamalar>
				<Tarifedeki_tanimi/>
				<Ticari_tanimi>Kimyevi Madde (INDURITORE PER THIOVER) " vernikler ve benzeri ürünler için anorganik karma çözücüler ve incelticilerden değildir.*</Ticari_tanimi>
				<Marka>ADDR</Marka>
				<Numara>-</Numara>
				<Cinsi>BI</Cinsi>
				<Adedi>17</Adedi>
				<Miktar_birimi>KGM</Miktar_birimi>
				<Mahrece_iade/>
				<Ikincil_islem/>
				<Satir_no/>
				<Miktar>1040</Miktar>
				<Kdv_orani>KDV18</Kdv_orani>
				<Kullanilmis_esya/>
				<Aciklama_44>*2025/13 TEBLİĞ KAPSAMINDA DEĞİLDİR.*</Aciklama_44>
				<Imalatci_Vergino/>
				<Yurtici_Diger>125.35</Yurtici_Diger>
				<Yurtici_Banka>0</Yurtici_Banka>
				<Yurtici_Depolama>0</Yurtici_Depolama>
				<Yurtici_Tahliye>0</Yurtici_Tahliye>
				<Yurtici_Liman>0</Yurtici_Liman>
				<Yurtici_Kultur>0</Yurtici_Kultur>
				<Yurtici_Kkdf>0</Yurtici_Kkdf>
				<KDV_Iceren_Yurtici_Giderler_Toplami>0</KDV_Iceren_Yurtici_Giderler_Toplami>
				<Yurtici_Cevre>0</Yurtici_Cevre>
				<Yurtici_Diger_Aciklama>Y.İÇİ</Yurtici_Diger_Aciklama>
				<Muafiyet_Aciklamasi/>
				<Referans_Tarihi/>
				<YurtDisi_Komisyon>0</YurtDisi_Komisyon>
				<YurtDisi_Demuraj>0</YurtDisi_Demuraj>
				<YurtDisi_Royalti>0</YurtDisi_Royalti>
				<YurtDisi_Faiz>0</YurtDisi_Faiz>
				<YurtDisi_Diger>0</YurtDisi_Diger>
				<YurtDisi_Komisyon_Dovizi/>
				<YurtDisi_Demuraj_Dovizi/>
				<YurtDisi_Royalti_Dovizi/>
				<YurtDisi_Faiz_Dovizi/>
				<YurtDisi_Diger_Dovizi/>
				<YurtDisi_Diger_Aciklama/>
				<Kalem_Islem_Niteligi>11</Kalem_Islem_Niteligi>
				<Giris_Cikis_Amaci/>
				<Giris_Cikis_Amaci_Aciklama/>
				<STM_IlKodu/>
				<EsyaGeriGelmeSebebi/>
				<EsyaGeriGelmeSebebiAciklamasi/>
				<SiparisTuru>9</SiparisTuru>
			</kalem>
			<kalem>
				<OdemeSekilleri>
					<OdemeSekli>
						<OdemeSekliKodu>1</OdemeSekliKodu>
						<OdemeTutari>1029</OdemeTutari>
						<TBFID/>
					</OdemeSekli>
				</OdemeSekilleri>
				<Gtip>321410100019</Gtip>
				<Imalatci_firma_bilgisi>HAYIR</Imalatci_firma_bilgisi>
				<Kalem_sira_no>3</Kalem_sira_no>
				<Mensei_ulke>005</Mensei_ulke>
				<Brut_agirlik>208.03</Brut_agirlik>
				<Net_agirlik>196</Net_agirlik>
				<Tamamlayici_olcu_birimi>KGM</Tamamlayici_olcu_birimi>
				<Istatistiki_miktar>196</Istatistiki_miktar>
				<Uluslararasi_anlasma>AT</Uluslararasi_anlasma>
				<Algilama_birimi_1/>
				<Algilama_miktari_1>0</Algilama_miktari_1>
				<Algilama_birimi_2/>
				<Algilama_miktari_2>0</Algilama_miktari_2>
				<Muafiyetler_1/>
				<Muafiyetler_2/>
				<Muafiyetler_3/>
				<Muafiyetler_4/>
				<Muafiyetler_5/>
				<Algilama_birimi_3/>
				<Algilama_miktari_3>0</Algilama_miktari_3>
				<Ek_kod/>
				<Ozellik>01</Ozellik>
				<Fatura_miktari>1029</Fatura_miktari>
				<Fatura_miktarinin_dovizi>EUR</Fatura_miktarinin_dovizi>
				<Sinir_gecis_ucreti>0</Sinir_gecis_ucreti>
				<Navlun_miktari>1782.2</Navlun_miktari>
				<Navlun_miktarinin_dovizi>TRY</Navlun_miktarinin_dovizi>
				<Istatistiki_kiymet>1155.43</Istatistiki_kiymet>
				<Sigorta_miktari>1147.68</Sigorta_miktari>
				<Sigorta_miktarinin_dovizi>TRY</Sigorta_miktarinin_dovizi>
				<Yurt_ici_harcamalar>51.68</Yurt_ici_harcamalar>
				<Tarifedeki_tanimi/>
				<Ticari_tanimi>BUTYLVER / MACUN</Ticari_tanimi>
				<Marka>ADDR</Marka>
				<Numara>-</Numara>
				<Cinsi>BI</Cinsi>
				<Adedi>17</Adedi>
				<Miktar_birimi>KGM</Miktar_birimi>
				<Mahrece_iade/>
				<Ikincil_islem/>
				<Satir_no/>
				<Miktar>196</Miktar>
				<Kdv_orani/>
				<Kullanilmis_esya/>
				<Aciklama_44/>
				<Imalatci_Vergino/>
				<Yurtici_Diger>51.68</Yurtici_Diger>
				<Yurtici_Banka>0</Yurtici_Banka>
				<Yurtici_Depolama>0</Yurtici_Depolama>
				<Yurtici_Tahliye>0</Yurtici_Tahliye>
				<Yurtici_Liman>0</Yurtici_Liman>
				<Yurtici_Kultur>0</Yurtici_Kultur>
				<Yurtici_Kkdf>0</Yurtici_Kkdf>
				<KDV_Iceren_Yurtici_Giderler_Toplami>0</KDV_Iceren_Yurtici_Giderler_Toplami>
				<Yurtici_Cevre>0</Yurtici_Cevre>
				<Yurtici_Diger_Aciklama>Y.İÇİ</Yurtici_Diger_Aciklama>
				<Muafiyet_Aciklamasi/>
				<Referans_Tarihi/>
				<YurtDisi_Komisyon>0</YurtDisi_Komisyon>
				<YurtDisi_Demuraj>0</YurtDisi_Demuraj>
				<YurtDisi_Royalti>0</YurtDisi_Royalti>
				<YurtDisi_Faiz>0</YurtDisi_Faiz>
				<YurtDisi_Diger>0</YurtDisi_Diger>
				<YurtDisi_Komisyon_Dovizi/>
				<YurtDisi_Demuraj_Dovizi/>
				<YurtDisi_Royalti_Dovizi/>
				<YurtDisi_Faiz_Dovizi/>
				<YurtDisi_Diger_Dovizi/>
				<YurtDisi_Diger_Aciklama/>
				<Kalem_Islem_Niteligi>11</Kalem_Islem_Niteligi>
				<Giris_Cikis_Amaci/>
				<Giris_Cikis_Amaci_Aciklama/>
				<STM_IlKodu/>
				<EsyaGeriGelmeSebebi/>
				<EsyaGeriGelmeSebebiAciklamasi/>
				<SiparisTuru>9</SiparisTuru>
			</kalem>
		</Kalemler>
		<Sorular_cevaplar>
			<Soru_Cevap>
				<Kalem_no>0</Kalem_no>
				<Soru_no>7780</Soru_no>
				<Cevap>HAYIR</Cevap>
			</Soru_Cevap>
			<Soru_Cevap>
				<Kalem_no>0</Kalem_no>
				<Soru_no>4378</Soru_no>
				<Cevap>EVET</Cevap>
			</Soru_Cevap>
			<Soru_Cevap>
				<Kalem_no>1</Kalem_no>
				<Soru_no>3586</Soru_no>
				<Cevap>HAYIR</Cevap>
			</Soru_Cevap>
			<Soru_Cevap>
				<Kalem_no>1</Kalem_no>
				<Soru_no>5178</Soru_no>
				<Cevap>HAYIR</Cevap>
			</Soru_Cevap>
			<Soru_Cevap>
				<Kalem_no>2</Kalem_no>
				<Soru_no>1569</Soru_no>
				<Cevap>HAYIR</Cevap>
			</Soru_Cevap>
			<Soru_Cevap>
				<Kalem_no>2</Kalem_no>
				<Soru_no>3586</Soru_no>
				<Cevap>HAYIR</Cevap>
			</Soru_Cevap>
			<Soru_Cevap>
				<Kalem_no>2</Kalem_no>
				<Soru_no>3658</Soru_no>
				<Cevap>HAYIR</Cevap>
			</Soru_Cevap>
			<Soru_Cevap>
				<Kalem_no>2</Kalem_no>
				<Soru_no>5178</Soru_no>
				<Cevap>HAYIR</Cevap>
			</Soru_Cevap>
			<Soru_Cevap>
				<Kalem_no>3</Kalem_no>
				<Soru_no>5178</Soru_no>
				<Cevap>HAYIR</Cevap>
			</Soru_Cevap>
		</Sorular_cevaplar>
		<Dokumanlar>
			<Dokuman>
				<Kalem_no>1</Kalem_no>
				<Kod>0301</Kod>
				<Dogrulama>V</Dogrulama>
				<Belge_tarihi>18/01/2025</Belge_tarihi>
				<Referans>H039339</Referans>
			</Dokuman>
			<Dokuman>
				<Kalem_no>1</Kalem_no>
				<Kod>0100</Kod>
				<Dogrulama>V</Dogrulama>
				<Belge_tarihi>17/01/2025</Belge_tarihi>
				<Referans>VE25-00085</Referans>
			</Dokuman>
			<Dokuman>
				<Kalem_no>2</Kalem_no>
				<Kod>0301</Kod>
				<Dogrulama>V</Dogrulama>
				<Belge_tarihi>18/01/2025</Belge_tarihi>
				<Referans>H039339</Referans>
			</Dokuman>
			<Dokuman>
				<Kalem_no>2</Kalem_no>
				<Kod>0100</Kod>
				<Dogrulama>V</Dogrulama>
				<Belge_tarihi>17/01/2025</Belge_tarihi>
				<Referans>VE25-00085</Referans>
			</Dokuman>
			<Dokuman>
				<Kalem_no>3</Kalem_no>
				<Kod>0301</Kod>
				<Dogrulama>V</Dogrulama>
				<Belge_tarihi>18/01/2025</Belge_tarihi>
				<Referans>H039339</Referans>
			</Dokuman>
			<Dokuman>
				<Kalem_no>3</Kalem_no>
				<Kod>0100</Kod>
				<Dogrulama>V</Dogrulama>
				<Belge_tarihi>17/01/2025</Belge_tarihi>
				<Referans>VE25-00085</Referans>
			</Dokuman>
		</Dokumanlar>
		<Vergiler>
			<Vergi>
				<Kalem_no>1</Kalem_no>
				<Kod>10</Kod>
				<Miktar>0</Miktar>
				<Oran>0</Oran>
				<Odeme_sekli>P</Odeme_sekli>
				<Vergi_matrahi>1108534.82</Vergi_matrahi>
			</Vergi>
			<Vergi>
				<Kalem_no>1</Kalem_no>
				<Kod>40</Kod>
				<Miktar>222151.2</Miktar>
				<Oran>20</Oran>
				<Odeme_sekli>C</Odeme_sekli>
				<Vergi_matrahi>1110755.99</Vergi_matrahi>
			</Vergi>
			<Vergi>
				<Kalem_no>1</Kalem_no>
				<Kod>89</Kod>
				<Miktar>898.2</Miktar>
				<Oran>0</Oran>
				<Odeme_sekli>P</Odeme_sekli>
				<Vergi_matrahi>0</Vergi_matrahi>
			</Vergi>
			<Vergi>
				<Kalem_no>2</Kalem_no>
				<Kod>10</Kod>
				<Miktar>0</Miktar>
				<Oran>0</Oran>
				<Odeme_sekli>P</Odeme_sekli>
				<Vergi_matrahi>105036.12</Vergi_matrahi>
			</Vergi>
			<Vergi>
				<Kalem_no>2</Kalem_no>
				<Kod>40</Kod>
				<Miktar>21032.29</Miktar>
				<Oran>20</Oran>
				<Odeme_sekli>C</Odeme_sekli>
				<Vergi_matrahi>105161.47</Vergi_matrahi>
			</Vergi>
			<Vergi>
				<Kalem_no>2</Kalem_no>
				<Kod>93</Kod>
				<Miktar>4631.22</Miktar>
				<Oran/>
				<Odeme_sekli>C</Odeme_sekli>
				<Vergi_matrahi>0</Vergi_matrahi>
			</Vergi>
			<Vergi>
				<Kalem_no>3</Kalem_no>
				<Kod>10</Kod>
				<Miktar>0</Miktar>
				<Oran>0</Oran>
				<Odeme_sekli>P</Odeme_sekli>
				<Vergi_matrahi>41185.84</Vergi_matrahi>
			</Vergi>
			<Vergi>
				<Kalem_no>3</Kalem_no>
				<Kod>40</Kod>
				<Miktar>8247.5</Miktar>
				<Oran>20</Oran>
				<Odeme_sekli>C</Odeme_sekli>
				<Vergi_matrahi>41237.52</Vergi_matrahi>
			</Vergi>
		</Vergiler>
		<OdemeSekilleri>
			<OdemeSekli>
				<OdemeSekliKodu>1</OdemeSekliKodu>
				<OdemeTutari>29867.4</OdemeTutari>
			</OdemeSekli>
		</OdemeSekilleri>
		<mail1>ali.kilicarslan@kizilkaya.com.tr</mail1>
		<mail2>ali.kilicarslan@kizilkaya.com.tr</mail2>
		<mobil1>+905422312233</mobil1>
		<LimanKodu/>
		<FazlaMesaiID/>
		<OdeSaymanlikBilgi/>
	</BeyannameBilgi>
</Gelen>
