<?xml version="1.0" encoding="UTF-8"?>
<Gelen xmlns:xsi="http://www.w3.org/2001/XMLSchema-instance" xmlns:xsd="http://www.w3.org/2001/XMLSchema">
	<RefID>T25-00434</RefID>
	<KullaniciAdi>46450213454</KullaniciAdi>
	<Sifre>e9f0a004715c70367141c1cd2d391623</Sifre>
	<BeyannameBilgi xmlns="http://tempuri.org/">
		<Beyanname_no>25341453IM00022286</Beyanname_no>
		<Beyanname_Tarihi>14.01.2025</Beyanname_Tarihi>
		<Rejim>4000</Rejim>
		<GUMRUK>341453</GUMRUK>
		<Basitlestirilmis_usul/>
		<Yuk_belgeleri_sayisi>1</Yuk_belgeleri_sayisi>
		<Kap_adedi>1</Kap_adedi>
		<Ticaret_ulkesi>004</Ticaret_ulkesi>
		<Referans_no>2401018401-02-03/3001/5500006708-6820-3000716396/EERDOGAN</Referans_no>
		<Cikis_ulkesi>004</Cikis_ulkesi>
		<Gidecegi_ulke/>
		<Gidecegi_sevk_ulkesi>004</Gidecegi_sevk_ulkesi>
		<Cikistaki_aracin_tipi>5</Cikistaki_aracin_tipi>
		<Cikistaki_aracin_kimligi>FRA240763088 / EY0543</Cikistaki_aracin_kimligi>
		<Cikistaki_aracin_ulkesi>052</Cikistaki_aracin_ulkesi>
		<Teslim_sekli>EXW</Teslim_sekli>
		<Teslim_yeri>ALMANYA</Teslim_yeri>
		<Konteyner>HAYIR</Konteyner>
		<Sinirdaki_aracin_tipi>5</Sinirdaki_aracin_tipi>
		<Sinirdaki_aracin_kimligi>607-36806825 / EY0543</Sinirdaki_aracin_kimligi>
		<Sinirdaki_aracin_ulkesi>052</Sinirdaki_aracin_ulkesi>
		<Toplam_fatura>7670</Toplam_fatura>
		<Toplam_fatura_dovizi>EUR</Toplam_fatura_dovizi>
		<Toplam_navlun>19921.39</Toplam_navlun>
		<Toplan_navlun_dovizi>TRY</Toplan_navlun_dovizi>
		<Sinirdaki_tasima_sekli>40</Sinirdaki_tasima_sekli>
		<Alici_satici_iliskisi>6</Alici_satici_iliskisi>
		<Toplam_sigorta>307.88</Toplam_sigorta>
		<Toplam_sigorta_dovizi>TRY</Toplam_sigorta_dovizi>
		<Yukleme_bosaltma_yeri>İSTANBUL HAVALİMANI GÜMRÜK MÜDÜRLÜĞÜ</Yukleme_bosaltma_yeri>
		<Toplam_yurt_disi_harcamalar>0</Toplam_yurt_disi_harcamalar>
		<Toplam_yurt_disi_harcamalarin_dovizi>TRY</Toplam_yurt_disi_harcamalarin_dovizi>
		<Toplam_yurt_ici_harcamalar>22150</Toplam_yurt_ici_harcamalar>
		<Odeme_sekli>2</Odeme_sekli>
		<Banka_kodu>006401924034</Banka_kodu>
		<Esyanin_bulundugu_yer>ÇELEBİ G34000020</Esyanin_bulundugu_yer>
		<Varis_gumruk_idaresi/>
		<Antrepo_kodu/>
		<Tasarlanan_guzergah/>
		<Telafi_edici_vergi>0</Telafi_edici_vergi>
		<Giris_gumruk_idaresi>341453</Giris_gumruk_idaresi>
		<Islemin_niteligi/>
		<Aciklamalar>VEKALET= KARTAL 12. NOTERLİĞİ 23.08.2024 - 29476 [AEO:1-Yetkilendirilmiş Yükümlü TR/AEOF/24340015/19.07.2024]*Gümrük yönetmeliğinin 564/3. maddesine istinaden   Kayıt No: 89943535 13.10.2023 *
[Ek belgelerle ile ilgili DGV arttırıldı Yiçi gidere eklendi.]</Aciklamalar>
		<Kullanici_kodu>46450213454</Kullanici_kodu>
		<Referans_tarihi/>
		<Odeme>PESIN</Odeme>
		<Odeme_araci>B</Odeme_araci>
		<Musavir_referansi>EVRT25-00434</Musavir_referansi>
		<Gonderici_vergi_no></Gonderici_vergi_no>
		<Alici_vergi_no>8140496162</Alici_vergi_no>
		<Beyan_sahibi_vergi_no>5610574424</Beyan_sahibi_vergi_no>
		<Musavir_vergi_no>8140496162</Musavir_vergi_no>
		<Firma_bilgi>
			<firma>
				<Tip>Gonderici</Tip>
				<Ulke_kodu>004</Ulke_kodu>
				<Kimlik_turu>YFKS</Kimlik_turu>
				<Faks>0</Faks>
				<No>18DE000008872/YFKS</No>
				<Adi_unvani>FEW FAHRZEUGELEKTRIKWERK GMBH&amp;CO.KG</Adi_unvani>
				<Cadde_s_no>Polierweg 60442 ZwenkauGERMANY</Cadde_s_no>
				<Telefon>0</Telefon>
			</firma>
		</Firma_bilgi>
		<Ozetbeyanlar>
			<Ozetbeyan>
				<ozbyacma_bilgi>
					<tasimasenetleri>
						<Tasima_senedi_no>FRA240763088</Tasima_senedi_no>
						<tasimasatir_bilgi>
							<tasimasatirlari>
								<Tasima_satir_no>1</Tasima_satir_no>
								<Ambar_kodu>G34000020</Ambar_kodu>
								<Acilacak_miktar>1</Acilacak_miktar>
							</tasimasatirlari>
						</tasimasatir_bilgi>
					</tasimasenetleri>
				</ozbyacma_bilgi>
				<Ozetbeyan_no>25341453IM003172</Ozetbeyan_no>
				<Ozetbeyan_islem_kapsami>2</Ozetbeyan_islem_kapsami>
				<Ambar_ici>EVET</Ambar_ici>
				<Baska_rejim>HAYIR</Baska_rejim>
				<Aciklama/>
			</Ozetbeyan>
		</Ozetbeyanlar>
		<Kalemler>
			<kalem>
				<OdemeSekilleri>
					<OdemeSekli>
						<OdemeSekliKodu>2</OdemeSekliKodu>
						<OdemeTutari>3690</OdemeTutari>
						<TBFID>25000000640887000004855</TBFID>
					</OdemeSekli>
				</OdemeSekilleri>
				<Gtip>854442900019</Gtip>
				<Imalatci_firma_bilgisi>HAYIR</Imalatci_firma_bilgisi>
				<Kalem_sira_no>1</Kalem_sira_no>
				<Mensei_ulke>004</Mensei_ulke>
				<Brut_agirlik>38.49</Brut_agirlik>
				<Net_agirlik>24.54</Net_agirlik>
				<Tamamlayici_olcu_birimi>C62</Tamamlayici_olcu_birimi>
				<Istatistiki_miktar>3000</Istatistiki_miktar>
				<Uluslararasi_anlasma>AT</Uluslararasi_anlasma>
				<Algilama_birimi_1/>
				<Algilama_miktari_1>0</Algilama_miktari_1>
				<Algilama_birimi_2/>
				<Algilama_miktari_2>0</Algilama_miktari_2>
				<Muafiyetler_1>NKIST</Muafiyetler_1>
				<Muafiyetler_2/>
				<Muafiyetler_3/>
				<Muafiyetler_4/>
				<Muafiyetler_5/>
				<Algilama_birimi_3/>
				<Algilama_miktari_3>0</Algilama_miktari_3>
				<Ek_kod/>
				<Ozellik>01</Ozellik>
				<Fatura_miktari>3690</Fatura_miktari>
				<Fatura_miktarinin_dovizi>EUR</Fatura_miktarinin_dovizi>
				<Sinir_gecis_ucreti>0</Sinir_gecis_ucreti>
				<Navlun_miktari>9584.68</Navlun_miktari>
				<Navlun_miktarinin_dovizi>TRY</Navlun_miktarinin_dovizi>
				<Istatistiki_kiymet>4040.95</Istatistiki_kiymet>
				<Sigorta_miktari>148.12</Sigorta_miktari>
				<Sigorta_miktarinin_dovizi>TRY</Sigorta_miktarinin_dovizi>
				<Yurt_ici_harcamalar>10656.26</Yurt_ici_harcamalar>
				<Tarifedeki_tanimi/>
				<Ticari_tanimi>KABLOLU KONNEKTÖR (AKÜ TAKVİYE KABLOSU DEĞİLDİR.)</Ticari_tanimi>
				<Marka>ADDR</Marka>
				<Numara>FRA240763088</Numara>
				<Cinsi>BI</Cinsi>
				<Adedi>1</Adedi>
				<Miktar_birimi>C62</Miktar_birimi>
				<Mahrece_iade/>
				<Ikincil_islem/>
				<Satir_no/>
				<Miktar>3000</Miktar>
				<Kdv_orani>KDV18</Kdv_orani>
				<Kullanilmis_esya>K1</Kullanilmis_esya>
				<Aciklama_44/>
				<Imalatci_Vergino/>
				<Yurtici_Diger>3367.67</Yurtici_Diger>
				<Yurtici_Banka>72.16</Yurtici_Banka>
				<Yurtici_Depolama>7216.43</Yurtici_Depolama>
				<Yurtici_Tahliye>0</Yurtici_Tahliye>
				<Yurtici_Liman>0</Yurtici_Liman>
				<Yurtici_Kultur>0</Yurtici_Kultur>
				<Yurtici_Kkdf>0</Yurtici_Kkdf>
				<KDV_Iceren_Yurtici_Giderler_Toplami>0</KDV_Iceren_Yurtici_Giderler_Toplami>
				<Yurtici_Cevre>0</Yurtici_Cevre>
				<Yurtici_Diger_Aciklama>Y.İÇİ</Yurtici_Diger_Aciklama>
				<Muafiyet_Aciklamasi/>
				<Referans_Tarihi/>
				<YurtDisi_Komisyon>0</YurtDisi_Komisyon>
				<YurtDisi_Demuraj>0</YurtDisi_Demuraj>
				<YurtDisi_Royalti>0</YurtDisi_Royalti>
				<YurtDisi_Faiz>0</YurtDisi_Faiz>
				<YurtDisi_Diger>0</YurtDisi_Diger>
				<YurtDisi_Komisyon_Dovizi/>
				<YurtDisi_Demuraj_Dovizi/>
				<YurtDisi_Royalti_Dovizi/>
				<YurtDisi_Faiz_Dovizi/>
				<YurtDisi_Diger_Dovizi/>
				<YurtDisi_Diger_Aciklama/>
				<Kalem_Islem_Niteligi>11</Kalem_Islem_Niteligi>
				<Giris_Cikis_Amaci/>
				<Giris_Cikis_Amaci_Aciklama/>
				<STM_IlKodu/>
				<EsyaGeriGelmeSebebi/>
				<EsyaGeriGelmeSebebiAciklamasi/>
				<SiparisTuru>9</SiparisTuru>
			</kalem>
			<kalem>
				<OdemeSekilleri>
					<OdemeSekli>
						<OdemeSekliKodu>2</OdemeSekliKodu>
						<OdemeTutari>2280</OdemeTutari>
						<TBFID>25000000640887000004855</TBFID>
					</OdemeSekli>
				</OdemeSekilleri>
				<Gtip>854720000000</Gtip>
				<Imalatci_firma_bilgisi>HAYIR</Imalatci_firma_bilgisi>
				<Kalem_sira_no>2</Kalem_sira_no>
				<Mensei_ulke>004</Mensei_ulke>
				<Brut_agirlik>23.78</Brut_agirlik>
				<Net_agirlik>15.16</Net_agirlik>
				<Tamamlayici_olcu_birimi>C62</Tamamlayici_olcu_birimi>
				<Istatistiki_miktar>6000</Istatistiki_miktar>
				<Uluslararasi_anlasma>AT</Uluslararasi_anlasma>
				<Algilama_birimi_1/>
				<Algilama_miktari_1>0</Algilama_miktari_1>
				<Algilama_birimi_2/>
				<Algilama_miktari_2>0</Algilama_miktari_2>
				<Muafiyetler_1/>
				<Muafiyetler_2/>
				<Muafiyetler_3/>
				<Muafiyetler_4/>
				<Muafiyetler_5/>
				<Algilama_birimi_3/>
				<Algilama_miktari_3>0</Algilama_miktari_3>
				<Ek_kod/>
				<Ozellik>01</Ozellik>
				<Fatura_miktari>2280</Fatura_miktari>
				<Fatura_miktarinin_dovizi>EUR</Fatura_miktarinin_dovizi>
				<Sinir_gecis_ucreti>0</Sinir_gecis_ucreti>
				<Navlun_miktari>5921.63</Navlun_miktari>
				<Navlun_miktarinin_dovizi>TRY</Navlun_miktarinin_dovizi>
				<Istatistiki_kiymet>2496.83</Istatistiki_kiymet>
				<Sigorta_miktari>91.52</Sigorta_miktari>
				<Sigorta_miktarinin_dovizi>TRY</Sigorta_miktarinin_dovizi>
				<Yurt_ici_harcamalar>6584.35</Yurt_ici_harcamalar>
				<Tarifedeki_tanimi/>
				<Ticari_tanimi>İZOLE EDİCİ PLASTİK MUHAFAZA</Ticari_tanimi>
				<Marka>ADDR</Marka>
				<Numara>FRA240763088</Numara>
				<Cinsi>BI</Cinsi>
				<Adedi>1</Adedi>
				<Miktar_birimi>C62</Miktar_birimi>
				<Mahrece_iade/>
				<Ikincil_islem/>
				<Satir_no/>
				<Miktar>6000</Miktar>
				<Kdv_orani/>
				<Kullanilmis_esya>K1</Kullanilmis_esya>
				<Aciklama_44/>
				<Imalatci_Vergino/>
				<Yurtici_Diger>2080.83</Yurtici_Diger>
				<Yurtici_Banka>44.59</Yurtici_Banka>
				<Yurtici_Depolama>4458.93</Yurtici_Depolama>
				<Yurtici_Tahliye>0</Yurtici_Tahliye>
				<Yurtici_Liman>0</Yurtici_Liman>
				<Yurtici_Kultur>0</Yurtici_Kultur>
				<Yurtici_Kkdf>0</Yurtici_Kkdf>
				<KDV_Iceren_Yurtici_Giderler_Toplami>0</KDV_Iceren_Yurtici_Giderler_Toplami>
				<Yurtici_Cevre>0</Yurtici_Cevre>
				<Yurtici_Diger_Aciklama>Y.İÇİ</Yurtici_Diger_Aciklama>
				<Muafiyet_Aciklamasi/>
				<Referans_Tarihi/>
				<YurtDisi_Komisyon>0</YurtDisi_Komisyon>
				<YurtDisi_Demuraj>0</YurtDisi_Demuraj>
				<YurtDisi_Royalti>0</YurtDisi_Royalti>
				<YurtDisi_Faiz>0</YurtDisi_Faiz>
				<YurtDisi_Diger>0</YurtDisi_Diger>
				<YurtDisi_Komisyon_Dovizi/>
				<YurtDisi_Demuraj_Dovizi/>
				<YurtDisi_Royalti_Dovizi/>
				<YurtDisi_Faiz_Dovizi/>
				<YurtDisi_Diger_Dovizi/>
				<YurtDisi_Diger_Aciklama/>
				<Kalem_Islem_Niteligi>11</Kalem_Islem_Niteligi>
				<Giris_Cikis_Amaci/>
				<Giris_Cikis_Amaci_Aciklama/>
				<STM_IlKodu/>
				<EsyaGeriGelmeSebebi/>
				<EsyaGeriGelmeSebebiAciklamasi/>
				<SiparisTuru>9</SiparisTuru>
			</kalem>
			<kalem>
				<OdemeSekilleri>
					<OdemeSekli>
						<OdemeSekliKodu>2</OdemeSekliKodu>
						<OdemeTutari>1700</OdemeTutari>
						<TBFID>25000000640887000004855</TBFID>
					</OdemeSekli>
				</OdemeSekilleri>
				<Gtip>854442900019</Gtip>
				<Imalatci_firma_bilgisi>HAYIR</Imalatci_firma_bilgisi>
				<Kalem_sira_no>3</Kalem_sira_no>
				<Mensei_ulke>004</Mensei_ulke>
				<Brut_agirlik>17.73</Brut_agirlik>
				<Net_agirlik>11.3</Net_agirlik>
				<Tamamlayici_olcu_birimi>C62</Tamamlayici_olcu_birimi>
				<Istatistiki_miktar>2000</Istatistiki_miktar>
				<Uluslararasi_anlasma>AT</Uluslararasi_anlasma>
				<Algilama_birimi_1/>
				<Algilama_miktari_1>0</Algilama_miktari_1>
				<Algilama_birimi_2/>
				<Algilama_miktari_2>0</Algilama_miktari_2>
				<Muafiyetler_1>NKIST</Muafiyetler_1>
				<Muafiyetler_2/>
				<Muafiyetler_3/>
				<Muafiyetler_4/>
				<Muafiyetler_5/>
				<Algilama_birimi_3/>
				<Algilama_miktari_3>0</Algilama_miktari_3>
				<Ek_kod/>
				<Ozellik>01</Ozellik>
				<Fatura_miktari>1700</Fatura_miktari>
				<Fatura_miktarinin_dovizi>EUR</Fatura_miktarinin_dovizi>
				<Sinir_gecis_ucreti>0</Sinir_gecis_ucreti>
				<Navlun_miktari>4415.08</Navlun_miktari>
				<Navlun_miktarinin_dovizi>TRY</Navlun_miktarinin_dovizi>
				<Istatistiki_kiymet>1861.67</Istatistiki_kiymet>
				<Sigorta_miktari>68.24</Sigorta_miktari>
				<Sigorta_miktarinin_dovizi>TRY</Sigorta_miktarinin_dovizi>
				<Yurt_ici_harcamalar>4909.39</Yurt_ici_harcamalar>
				<Tarifedeki_tanimi/>
				<Ticari_tanimi>KABLOLU KONNEKTÖR (AKÜ TAKVİYE KABLOSU DEĞİLDİR.)</Ticari_tanimi>
				<Marka>ADDR</Marka>
				<Numara>FRA240763088</Numara>
				<Cinsi>BI</Cinsi>
				<Adedi>1</Adedi>
				<Miktar_birimi>C62</Miktar_birimi>
				<Mahrece_iade/>
				<Ikincil_islem/>
				<Satir_no/>
				<Miktar>2000</Miktar>
				<Kdv_orani>KDV18</Kdv_orani>
				<Kullanilmis_esya>K1</Kullanilmis_esya>
				<Aciklama_44/>
				<Imalatci_Vergino/>
				<Yurtici_Diger>1551.5</Yurtici_Diger>
				<Yurtici_Banka>33.25</Yurtici_Banka>
				<Yurtici_Depolama>3324.64</Yurtici_Depolama>
				<Yurtici_Tahliye>0</Yurtici_Tahliye>
				<Yurtici_Liman>0</Yurtici_Liman>
				<Yurtici_Kultur>0</Yurtici_Kultur>
				<Yurtici_Kkdf>0</Yurtici_Kkdf>
				<KDV_Iceren_Yurtici_Giderler_Toplami>0</KDV_Iceren_Yurtici_Giderler_Toplami>
				<Yurtici_Cevre>0</Yurtici_Cevre>
				<Yurtici_Diger_Aciklama>Y.İÇİ</Yurtici_Diger_Aciklama>
				<Muafiyet_Aciklamasi/>
				<Referans_Tarihi/>
				<YurtDisi_Komisyon>0</YurtDisi_Komisyon>
				<YurtDisi_Demuraj>0</YurtDisi_Demuraj>
				<YurtDisi_Royalti>0</YurtDisi_Royalti>
				<YurtDisi_Faiz>0</YurtDisi_Faiz>
				<YurtDisi_Diger>0</YurtDisi_Diger>
				<YurtDisi_Komisyon_Dovizi/>
				<YurtDisi_Demuraj_Dovizi/>
				<YurtDisi_Royalti_Dovizi/>
				<YurtDisi_Faiz_Dovizi/>
				<YurtDisi_Diger_Dovizi/>
				<YurtDisi_Diger_Aciklama/>
				<Kalem_Islem_Niteligi>11</Kalem_Islem_Niteligi>
				<Giris_Cikis_Amaci/>
				<Giris_Cikis_Amaci_Aciklama/>
				<STM_IlKodu/>
				<EsyaGeriGelmeSebebi/>
				<EsyaGeriGelmeSebebiAciklamasi/>
				<SiparisTuru>9</SiparisTuru>
			</kalem>
		</Kalemler>
		<Sorular_cevaplar>
			<Soru_Cevap>
				<Kalem_no>0</Kalem_no>
				<Soru_no>7780</Soru_no>
				<Cevap>HAYIR</Cevap>
			</Soru_Cevap>
			<Soru_Cevap>
				<Kalem_no>1</Kalem_no>
				<Soru_no>4293</Soru_no>
				<Cevap>HAYIR</Cevap>
			</Soru_Cevap>
			<Soru_Cevap>
				<Kalem_no>1</Kalem_no>
				<Soru_no>5178</Soru_no>
				<Cevap>HAYIR</Cevap>
			</Soru_Cevap>
			<Soru_Cevap>
				<Kalem_no>2</Kalem_no>
				<Soru_no>5178</Soru_no>
				<Cevap>HAYIR</Cevap>
			</Soru_Cevap>
			<Soru_Cevap>
				<Kalem_no>3</Kalem_no>
				<Soru_no>4293</Soru_no>
				<Cevap>HAYIR</Cevap>
			</Soru_Cevap>
			<Soru_Cevap>
				<Kalem_no>3</Kalem_no>
				<Soru_no>5178</Soru_no>
				<Cevap>HAYIR</Cevap>
			</Soru_Cevap>
		</Sorular_cevaplar>
		<Dokumanlar>
			<Dokuman>
				<Kalem_no>1</Kalem_no>
				<Kod>0301</Kod>
				<Dogrulama>V</Dogrulama>
				<Belge_tarihi>05/12/2024</Belge_tarihi>
				<Referans>A897315</Referans>
			</Dokuman>
			<Dokuman>
				<Kalem_no>1</Kalem_no>
				<Kod>0100</Kod>
				<Dogrulama>V</Dogrulama>
				<Belge_tarihi>29/11/2024</Belge_tarihi>
				<Referans>2024-15665</Referans>
			</Dokuman>
			<Dokuman>
				<Kalem_no>1</Kalem_no>
				<Kod>0101</Kod>
				<Dogrulama>V</Dogrulama>
				<Belge_tarihi>08/01/2025</Belge_tarihi>
				<Referans>FM12025000000414</Referans>
			</Dokuman>
			<Dokuman>
				<Kalem_no>1</Kalem_no>
				<Kod>0102</Kod>
				<Dogrulama>V</Dogrulama>
				<Belge_tarihi>09/01/2025</Belge_tarihi>
				<Referans>101289425 / 7372</Referans>
			</Dokuman>
			<Dokuman>
				<Kalem_no>1</Kalem_no>
				<Kod>0300</Kod>
				<Dogrulama>V</Dogrulama>
				<Belge_tarihi>04/12/2024</Belge_tarihi>
				<Referans>A38169719</Referans>
			</Dokuman>
			<Dokuman>
				<Kalem_no>1</Kalem_no>
				<Kod>0887</Kod>
				<Dogrulama>V</Dogrulama>
				<Belge_tarihi>13/01/2025</Belge_tarihi>
				<Referans>25000000640887000004855/1</Referans>
			</Dokuman>
			<Dokuman>
				<Kalem_no>2</Kalem_no>
				<Kod>0301</Kod>
				<Dogrulama>V</Dogrulama>
				<Belge_tarihi>05/12/2024</Belge_tarihi>
				<Referans>A897315</Referans>
			</Dokuman>
			<Dokuman>
				<Kalem_no>2</Kalem_no>
				<Kod>0100</Kod>
				<Dogrulama>V</Dogrulama>
				<Belge_tarihi>29/11/2024</Belge_tarihi>
				<Referans>2024-15667</Referans>
			</Dokuman>
			<Dokuman>
				<Kalem_no>2</Kalem_no>
				<Kod>0101</Kod>
				<Dogrulama>V</Dogrulama>
				<Belge_tarihi>08/01/2025</Belge_tarihi>
				<Referans>FM12025000000414</Referans>
			</Dokuman>
			<Dokuman>
				<Kalem_no>2</Kalem_no>
				<Kod>0102</Kod>
				<Dogrulama>V</Dogrulama>
				<Belge_tarihi>09/01/2025</Belge_tarihi>
				<Referans>101289425 / 7372</Referans>
			</Dokuman>
			<Dokuman>
				<Kalem_no>2</Kalem_no>
				<Kod>0300</Kod>
				<Dogrulama>V</Dogrulama>
				<Belge_tarihi>04/12/2024</Belge_tarihi>
				<Referans>A38169719</Referans>
			</Dokuman>
			<Dokuman>
				<Kalem_no>2</Kalem_no>
				<Kod>0887</Kod>
				<Dogrulama>V</Dogrulama>
				<Belge_tarihi>13/01/2025</Belge_tarihi>
				<Referans>25000000640887000004855/1</Referans>
			</Dokuman>
			<Dokuman>
				<Kalem_no>3</Kalem_no>
				<Kod>0301</Kod>
				<Dogrulama>V</Dogrulama>
				<Belge_tarihi>05/12/2024</Belge_tarihi>
				<Referans>A897315</Referans>
			</Dokuman>
			<Dokuman>
				<Kalem_no>3</Kalem_no>
				<Kod>0100</Kod>
				<Dogrulama>V</Dogrulama>
				<Belge_tarihi>29/11/2024</Belge_tarihi>
				<Referans>2024-15670</Referans>
			</Dokuman>
			<Dokuman>
				<Kalem_no>3</Kalem_no>
				<Kod>0101</Kod>
				<Dogrulama>V</Dogrulama>
				<Belge_tarihi>08/01/2025</Belge_tarihi>
				<Referans>FM12025000000414</Referans>
			</Dokuman>
			<Dokuman>
				<Kalem_no>3</Kalem_no>
				<Kod>0102</Kod>
				<Dogrulama>V</Dogrulama>
				<Belge_tarihi>09/01/2025</Belge_tarihi>
				<Referans>101289425 / 7372</Referans>
			</Dokuman>
			<Dokuman>
				<Kalem_no>3</Kalem_no>
				<Kod>0300</Kod>
				<Dogrulama>V</Dogrulama>
				<Belge_tarihi>04/12/2024</Belge_tarihi>
				<Referans>A38169719</Referans>
			</Dokuman>
			<Dokuman>
				<Kalem_no>3</Kalem_no>
				<Kod>0887</Kod>
				<Dogrulama>V</Dogrulama>
				<Belge_tarihi>13/01/2025</Belge_tarihi>
				<Referans>25000000640887000004855/1</Referans>
			</Dokuman>
		</Dokumanlar>
		<Vergiler>
			<Vergi>
				<Kalem_no>1</Kalem_no>
				<Kod>10</Kod>
				<Miktar>0</Miktar>
				<Oran>0</Oran>
				<Odeme_sekli>P</Odeme_sekli>
				<Vergi_matrahi>143387.18</Vergi_matrahi>
			</Vergi>
			<Vergi>
				<Kalem_no>1</Kalem_no>
				<Kod>40</Kod>
				<Miktar>31034.47</Miktar>
				<Oran>20</Oran>
				<Odeme_sekli>P</Odeme_sekli>
				<Vergi_matrahi>155172.34</Vergi_matrahi>
			</Vergi>
			<Vergi>
				<Kalem_no>1</Kalem_no>
				<Kod>89</Kod>
				<Miktar>1128.9</Miktar>
				<Oran>0</Oran>
				<Odeme_sekli>P</Odeme_sekli>
				<Vergi_matrahi>0</Vergi_matrahi>
			</Vergi>
			<Vergi>
				<Kalem_no>2</Kalem_no>
				<Kod>10</Kod>
				<Miktar>0</Miktar>
				<Oran>0</Oran>
				<Odeme_sekli>P</Odeme_sekli>
				<Vergi_matrahi>88596.35</Vergi_matrahi>
			</Vergi>
			<Vergi>
				<Kalem_no>2</Kalem_no>
				<Kod>40</Kod>
				<Miktar>19036.14</Miktar>
				<Oran>20</Oran>
				<Odeme_sekli>P</Odeme_sekli>
				<Vergi_matrahi>95180.7</Vergi_matrahi>
			</Vergi>
			<Vergi>
				<Kalem_no>3</Kalem_no>
				<Kod>10</Kod>
				<Miktar>0</Miktar>
				<Oran>0</Oran>
				<Odeme_sekli>P</Odeme_sekli>
				<Vergi_matrahi>66058.51</Vergi_matrahi>
			</Vergi>
			<Vergi>
				<Kalem_no>3</Kalem_no>
				<Kod>40</Kod>
				<Miktar>14193.58</Miktar>
				<Oran>20</Oran>
				<Odeme_sekli>P</Odeme_sekli>
				<Vergi_matrahi>70967.9</Vergi_matrahi>
			</Vergi>
		</Vergiler>
		<KiymetBildirim>
			<Kiymet>
				<TeslimSekli>EXW</TeslimSekli>
				<SozlesmeTarihiSayisi/>
				<FaturaTarihiSayisi>29.11.2024/2024-15665,29.11.2024/2024-15667,29.11.2024/2024-15670</FaturaTarihiSayisi>
				<GumrukIdaresiKarari/>
				<AliciSatici>YOK</AliciSatici>
				<AliciSaticiAyrintilar/>
				<Kisitlamalar>HAYIR</Kisitlamalar>
				<Edim>HAYIR</Edim>
				<KisitlamalarAyrintilar/>
				<Royalti>HAYIR</Royalti>
				<RoyaltiKosullar/>
				<SaticiyaIntikal>HAYIR</SaticiyaIntikal>
				<SaticiyaIntikalKosullar/>
				<SehirYer>İSTANBUL</SehirYer>
				<Taahutname>EVET</Taahutname>
				<KiymetKalemler>
					<KiymetKalem>
						<KiymetKalemNo>1</KiymetKalemNo>
						<BeyannameKalemNo>1</BeyannameKalemNo>
						<DolayliOdeme>0</DolayliOdeme>
						<Komisyon>0</Komisyon>
						<Tellaliye>0</Tellaliye>
						<KapAmbalajBedeli>0</KapAmbalajBedeli>
						<IthalaKatilanMalzeme>0</IthalaKatilanMalzeme>
						<IthalaUretimAraclar>0</IthalaUretimAraclar>
						<IthalaUretimTuketimMalzemesi>0</IthalaUretimTuketimMalzemesi>
						<PlanTaslak>0</PlanTaslak>
						<RoyaltiLisans>0</RoyaltiLisans>
						<DolayliIntikal>0</DolayliIntikal>
						<Nakliye>9584.68</Nakliye>
						<Sigorta>148.12</Sigorta>
						<GirisSonrasiNakliye>0</GirisSonrasiNakliye>
						<TeknikYardim>0</TeknikYardim>
						<DigerOdemeler>0</DigerOdemeler>
						<DigerOdemelerNiteligi/>
						<VergiHarcFon>0</VergiHarcFon>
					</KiymetKalem>
					<KiymetKalem>
						<KiymetKalemNo>2</KiymetKalemNo>
						<BeyannameKalemNo>2</BeyannameKalemNo>
						<DolayliOdeme>0</DolayliOdeme>
						<Komisyon>0</Komisyon>
						<Tellaliye>0</Tellaliye>
						<KapAmbalajBedeli>0</KapAmbalajBedeli>
						<IthalaKatilanMalzeme>0</IthalaKatilanMalzeme>
						<IthalaUretimAraclar>0</IthalaUretimAraclar>
						<IthalaUretimTuketimMalzemesi>0</IthalaUretimTuketimMalzemesi>
						<PlanTaslak>0</PlanTaslak>
						<RoyaltiLisans>0</RoyaltiLisans>
						<DolayliIntikal>0</DolayliIntikal>
						<Nakliye>5921.63</Nakliye>
						<Sigorta>91.52</Sigorta>
						<GirisSonrasiNakliye>0</GirisSonrasiNakliye>
						<TeknikYardim>0</TeknikYardim>
						<DigerOdemeler>0</DigerOdemeler>
						<DigerOdemelerNiteligi/>
						<VergiHarcFon>0</VergiHarcFon>
					</KiymetKalem>
					<KiymetKalem>
						<KiymetKalemNo>3</KiymetKalemNo>
						<BeyannameKalemNo>3</BeyannameKalemNo>
						<DolayliOdeme>0</DolayliOdeme>
						<Komisyon>0</Komisyon>
						<Tellaliye>0</Tellaliye>
						<KapAmbalajBedeli>0</KapAmbalajBedeli>
						<IthalaKatilanMalzeme>0</IthalaKatilanMalzeme>
						<IthalaUretimAraclar>0</IthalaUretimAraclar>
						<IthalaUretimTuketimMalzemesi>0</IthalaUretimTuketimMalzemesi>
						<PlanTaslak>0</PlanTaslak>
						<RoyaltiLisans>0</RoyaltiLisans>
						<DolayliIntikal>0</DolayliIntikal>
						<Nakliye>4415.08</Nakliye>
						<Sigorta>68.24</Sigorta>
						<GirisSonrasiNakliye>0</GirisSonrasiNakliye>
						<TeknikYardim>0</TeknikYardim>
						<DigerOdemeler>0</DigerOdemeler>
						<DigerOdemelerNiteligi/>
						<VergiHarcFon>0</VergiHarcFon>
					</KiymetKalem>
				</KiymetKalemler>
			</Kiymet>
		</KiymetBildirim>
		<OdemeSekilleri>
			<OdemeSekli>
				<OdemeSekliKodu>2</OdemeSekliKodu>
				<OdemeTutari>7670</OdemeTutari>
			</OdemeSekli>
		</OdemeSekilleri>
		<mail1>ali.kilicarslan@kizilkaya.com.tr</mail1>
		<mail2>ali.kilicarslan@kizilkaya.com.tr</mail2>
		<mobil1>+905422312233</mobil1>
		<LimanKodu/>
		<FazlaMesaiID/>
		<OdeSaymanlikBilgi/>
	</BeyannameBilgi>
</Gelen>
